{"type": "FeatureCollection", "features": [{"type": "Feature", "geometry": {"type": "Point", "coordinates": [113.548303, 22.210171]}, "properties": {"pole_id": "7", "sta_code": "M11", "name": "拱形馬路/蓮峰廟", "name_en": "EST. ARCO/ TEMPLO LIN FUNG", "name_por": "EST. ARCO/ TEMPLO LIN FUNG", "routes": "1A,27,28B,8,N1B", "lat": 22.210171, "lng": 113.548303}}, {"type": "Feature", "geometry": {"type": "Point", "coordinates": [113.541882, 22.210945]}, "properties": {"pole_id": "16", "sta_code": "M22", "name": "青洲/聖德蘭學校", "name_en": "CONS. BORJA/ ESCOLA S. TERESA", "name_por": "CONS. BORJA/ ESCOLA S. TERESA", "routes": "101,23,26,26A,28B,5X,8,8A,N1A,N1B,N2", "lat": 22.210945, "lng": 113.541882}}, {"type": "Feature", "geometry": {"type": "Point", "coordinates": [113.540065, 22.211097]}, "properties": {"pole_id": "18", "sta_code": "M24", "name": "青洲/聖若瑟中學", "name_en": "CONS. BORJA / COLÉGIO S. JOSÉ", "name_por": "CONS. BORJA / COLÉGIO S. JOSÉ", "routes": "28B,8", "lat": 22.211097, "lng": 113.540065}}, {"type": "Feature", "geometry": {"type": "Point", "coordinates": [113.55184, 22.203163]}, "properties": {"pole_id": "29", "sta_code": "M43", "name": "螺絲山公園", "name_en": "MONTANHA RUSSA PARK", "name_por": "JARDIM MONTANHA RUSSA", "routes": "28C", "lat": 22.203163, "lng": 113.55184}}, {"type": "Feature", "geometry": {"type": "Point", "coordinates": [113.550354, 22.202873]}, "properties": {"pole_id": "30", "sta_code": "M45", "name": "荷蘭園/栢蕙", "name_en": "CONS.F.ALMEIDA/ PAK WAI", "name_por": "CONS.F.ALMEIDA/ PAK WAI", "routes": "2,2A,6A", "lat": 22.202873, "lng": 113.550354}}, {"type": "Feature", "geometry": {"type": "Point", "coordinates": [113.556165, 22.207709]}, "properties": {"pole_id": "36", "sta_code": "M51", "name": "東北大馬路/廣華", "name_en": "AV. NORDESTE/ KWONG WA", "name_por": "AV. NORDESTE/ KWONG WA", "routes": "102,10B,18,18A,18B,2A,34,3A", "lat": 22.207709, "lng": 113.556165}}, {"type": "Feature", "geometry": {"type": "Point", "coordinates": [113.559971, 22.20477]}, "properties": {"pole_id": "37", "sta_code": "M52", "name": "漁翁街/勞工事務局", "name_en": "RUA DOS PESCADORES/DSAL", "name_por": "RUA DOS PESCADORES/DSAL", "routes": "10,102,10B,1A,28B,29,3A", "lat": 22.20477, "lng": 113.559971}}, {"type": "Feature", "geometry": {"type": "Point", "coordinates": [113.559891, 22.204708]}, "properties": {"pole_id": "38", "sta_code": "M53", "name": "水塘北角/勞工事務局", "name_en": "R BEND / LABOUR AFFAIRS BUREAU", "name_por": "R BEND/DSAL", "routes": "10,102,10B,17,17S,17S1,1A,28B,29", "lat": 22.204708, "lng": 113.559891}}, {"type": "Feature", "geometry": {"type": "Point", "coordinates": [113.554331, 22.203892]}, "properties": {"pole_id": "39", "sta_code": "M54", "name": "電力公司", "name_en": "CEM", "name_por": "CEM", "routes": "18,18B,2,2A,6A,H2", "lat": 22.203892, "lng": 113.554331}}, {"type": "Feature", "geometry": {"type": "Point", "coordinates": [113.549392, 22.201635]}, "properties": {"pole_id": "40", "sta_code": "M59", "name": "荷蘭花園", "name_en": "CONS.F.ALMEIDA/ HOLLAND GARDEN", "name_por": "CONS.F.ALMEIDA/ HOLLAND GARDEN", "routes": "16,16S,2,2A,6A", "lat": 22.201635, "lng": 113.549392}}, {"type": "Feature", "geometry": {"type": "Point", "coordinates": [113.545577, 22.201727]}, "properties": {"pole_id": "58", "sta_code": "M86", "name": "渡船街/俾利喇街", "name_en": "R. BARCA/ R. XAVIER PEREIRA", "name_por": "R. BARCA/ R. XAVIER PEREIRA", "routes": "18,18A,8", "lat": 22.201727, "lng": 113.545577}}, {"type": "Feature", "geometry": {"type": "Point", "coordinates": [113.544591, 22.201314]}, "properties": {"pole_id": "59", "sta_code": "M87", "name": "連勝馬路", "name_en": "EST. COELHO AMARAL", "name_por": "EST. COELHO AMARAL", "routes": "17,18,18B,19,7", "lat": 22.201314, "lng": 113.544591}}, {"type": "Feature", "geometry": {"type": "Point", "coordinates": [113.547928, 22.202183]}, "properties": {"pole_id": "60", "sta_code": "M88", "name": "高士德/賈伯樂", "name_en": "HORTA COSTA/ COSTA CABRAL", "name_por": "HORTA COSTA/ COSTA CABRAL", "routes": "28C,32,5,65,6A,9,9A,N2", "lat": 22.202183, "lng": 113.547928}}, {"type": "Feature", "geometry": {"type": "Point", "coordinates": [113.547284, 22.203216]}, "properties": {"pole_id": "62", "sta_code": "M92", "name": "俾利喇/高士德", "name_en": "XAVIER PEREIRA/ HORTA E COSTA", "name_por": "XAVIER PEREIRA/ HORTA E COSTA", "routes": "12,18,18A,22,28C,56,8", "lat": 22.203216, "lng": 113.547284}}, {"type": "Feature", "geometry": {"type": "Point", "coordinates": [113.54466, 22.204928]}, "properties": {"pole_id": "67", "sta_code": "M99", "name": "高士德/紅街市", "name_en": "HORTA COSTA/ MERCADO VERMELHO", "name_por": "HORTA COSTA/ MERCADO VERMELHO", "routes": "23,32,6A,N2", "lat": 22.204928, "lng": 113.54466}}, {"type": "Feature", "geometry": {"type": "Point", "coordinates": [113.547545, 22.204197]}, "properties": {"pole_id": "68", "sta_code": "M101", "name": "幸運閣", "name_en": "OUVIDOR ARRIAGA/ FORTUNA", "name_por": "OUVIDOR ARRIAGA/ FORTUNA", "routes": "17,4,8A", "lat": 22.204197, "lng": 113.547545}}, {"type": "Feature", "geometry": {"type": "Point", "coordinates": [113.545982, 22.205379]}, "properties": {"pole_id": "72", "sta_code": "M106", "name": "雅廉訪/聖心", "name_en": "OUVIDOR ARRIAGA/ ESC. S. C. JESUS", "name_por": "OUVIDOR ARRIAGA/ ESC. S. C. JESUS", "routes": "16,16S,65,7", "lat": 22.205379, "lng": 113.545982}}, {"type": "Feature", "geometry": {"type": "Point", "coordinates": [113.544035, 22.202284]}, "properties": {"pole_id": "74", "sta_code": "M110", "name": "渡船街/婦聯", "name_en": "RUA DA BARCA/ ESC. FU LUN", "name_por": "RUA DA BARCA/ ESC. FU LUN", "routes": "18A,8", "lat": 22.202284, "lng": 113.544035}}, {"type": "Feature", "geometry": {"type": "Point", "coordinates": [113.543365, 22.204665]}, "properties": {"pole_id": "76", "sta_code": "M113", "name": "提督/紅街市", "name_en": "ALM. LACERDA/ MERCADO VERMELHO", "name_por": "ALM. LACERDA/ MERCADO VERMELHO", "routes": "1,26,26A,3,33,6A,8A,N1A", "lat": 22.204665, "lng": 113.543365}}, {"type": "Feature", "geometry": {"type": "Point", "coordinates": [113.542278, 22.198519]}, "properties": {"pole_id": "83", "sta_code": "M122", "name": "新勝街", "name_en": "R. TOMÁS  VIEIRA", "name_por": "R. TOMÁS  VIEIRA", "routes": "17,17T", "lat": 22.198519, "lng": 113.542278}}, {"type": "Feature", "geometry": {"type": "Point", "coordinates": [113.54387, 22.198473]}, "properties": {"pole_id": "84", "sta_code": "M123", "name": "東南小學", "name_en": "ALM.COSTA CABRAL/ ESC. TONG NAM", "name_por": "ALM.COSTA CABRAL/ ESC. TONG NAM", "routes": "17", "lat": 22.198473, "lng": 113.54387}}, {"type": "Feature", "geometry": {"type": "Point", "coordinates": [113.536738, 22.197717]}, "properties": {"pole_id": "86", "sta_code": "M125", "name": "栢港停車場", "name_en": "AUTO-SILO PAK KONG", "name_por": "AUTO-SILO PAK KONG", "routes": "1,101,16,16S,26,26A,3,33,3X,61,6A,MT4,N1B", "lat": 22.197717, "lng": 113.536738}}, {"type": "Feature", "geometry": {"type": "Point", "coordinates": [113.53746, 22.200667]}, "properties": {"pole_id": "87", "sta_code": "M127", "name": "海邊新街", "name_en": "R. DO GUIMARÃES", "name_por": "R. DO GUIMARÃES", "routes": "1,101,16,16S,26,26A,3,33,3X,6A,71S,MT4,N1B", "lat": 22.200667, "lng": 113.53746}}, {"type": "Feature", "geometry": {"type": "Point", "coordinates": [113.534514, 22.19227]}, "properties": {"pole_id": "96", "sta_code": "M140", "name": "河邊新街/李道巷", "name_en": "ALM. SERGIO / TRAV. LIDO", "name_por": "ALM. SERGIO / TRAV. LIDO", "routes": "1,18B,26,55,71S,MT4", "lat": 22.19227, "lng": 113.534514}}, {"type": "Feature", "geometry": {"type": "Point", "coordinates": [113.546234, 22.194139]}, "properties": {"pole_id": "100", "sta_code": "M147", "name": "山頂醫院總站", "name_en": "HOSPITAL S. JANUÁRIO/ TERMINAL", "name_por": "HOSPITAL S. JANUÁRIO/ TERMINAL", "routes": "6B,H1", "lat": 22.194139, "lng": 113.546234}}, {"type": "Feature", "geometry": {"type": "Point", "coordinates": [113.552321, 22.192152]}, "properties": {"pole_id": "105", "sta_code": "M154", "name": "友誼馬路/海景花園", "name_en": "AV.AMIZADE/ PRACETA DE MIRAMAR", "name_por": "AV.AMIZADE/ PRACETA DE MIRAMAR", "routes": "N1B", "lat": 22.192152, "lng": 113.552321}}, {"type": "Feature", "geometry": {"type": "Point", "coordinates": [113.549827, 22.193869]}, "properties": {"pole_id": "106", "sta_code": "M155", "name": "東方拱門", "name_en": "ARCO ORIENTE", "name_por": "ARCO ORIENTE", "routes": "10,10B,28A,28B,28C,29,3,32,5,56,H3", "lat": 22.193869, "lng": 113.549827}}, {"type": "Feature", "geometry": {"type": "Point", "coordinates": [113.550218, 22.192641]}, "properties": {"pole_id": "107", "sta_code": "M156", "name": "高美士/南園大廈", "name_en": "GONZAGA GOMES/ NAM YUET", "name_por": "GONZAGA GOMES/ NAM YUET", "routes": "1A,23", "lat": 22.192641, "lng": 113.550218}}, {"type": "Feature", "geometry": {"type": "Point", "coordinates": [113.545077, 22.190465]}, "properties": {"pole_id": "113", "sta_code": "M163", "name": "賈羅布/葡京", "name_en": "LOPO S. CARVALHO/ HOTEL LISBOA", "name_por": "LOPO S. CARVALHO/ HOTEL LISBOA", "routes": "28B,28C,29", "lat": 22.190465, "lng": 113.545077}}, {"type": "Feature", "geometry": {"type": "Point", "coordinates": [113.533002, 22.187873]}, "properties": {"pole_id": "124", "sta_code": "M174", "name": "海事及水務局", "name_en": "D. DOS S. DE A. MARÍTIMOS E DE ÁGUA", "name_por": "D. DOS S. DE A. MARÍTIMOS E DE ÁGUA", "routes": "18,28B", "lat": 22.187873, "lng": 113.533002}}, {"type": "Feature", "geometry": {"type": "Point", "coordinates": [113.539286, 22.182982]}, "properties": {"pole_id": "128", "sta_code": "M178", "name": "立法會前地", "name_en": "PRAÇA DA ASSEMBLEIA LEGISLATIVA", "name_por": "PRAÇA DA ASSEMBLEIA LEGISLATIVA", "routes": "23,32,9A", "lat": 22.182982, "lng": 113.539286}}, {"type": "Feature", "geometry": {"type": "Point", "coordinates": [113.537688, 22.188537]}, "properties": {"pole_id": "131", "sta_code": "M181", "name": "燒灰爐", "name_en": "P. LOBO ÁVILA", "name_por": "P. LOBO ÁVILA", "routes": "16,16S,18,23,28B,32,6B,9,9A,N2", "lat": 22.188537, "lng": 113.537688}}, {"type": "Feature", "geometry": {"type": "Point", "coordinates": [113.536097, 22.185865]}, "properties": {"pole_id": "136", "sta_code": "M192", "name": "民國馬路", "name_en": "AV. REPÚBLICA", "name_por": "AV. REPÚBLICA", "routes": "16,16S,28B,6B,9", "lat": 22.185865, "lng": 113.536097}}, {"type": "Feature", "geometry": {"type": "Point", "coordinates": [113.53586, 22.185771]}, "properties": {"pole_id": "137", "sta_code": "M193", "name": "民國馬路/西灣湖", "name_en": "AV. REPÚBLICA/ LAGO", "name_por": "AV. REPÚBLICA/ LAGO", "routes": "9", "lat": 22.185771, "lng": 113.53586}}, {"type": "Feature", "geometry": {"type": "Point", "coordinates": [113.533471, 22.183108]}, "properties": {"pole_id": "138", "sta_code": "M194", "name": "西灣", "name_en": "SAI WAN", "name_por": "SAI WAN", "routes": "9", "lat": 22.183108, "lng": 113.533471}}, {"type": "Feature", "geometry": {"type": "Point", "coordinates": [113.533438, 22.182996]}, "properties": {"pole_id": "139", "sta_code": "M195", "name": "西灣/大興大廈", "name_en": "AV. REPÚBLICA/ TAI HENG", "name_por": "AV. REPÚBLICA/ TAI HENG", "routes": "16S,28B,6B", "lat": 22.182996, "lng": 113.533438}}, {"type": "Feature", "geometry": {"type": "Point", "coordinates": [113.531079, 22.187035]}, "properties": {"pole_id": "145", "sta_code": "M203", "name": "媽閣廟站", "name_en": "TEMPLO Á MA", "name_por": "TEMPLO Á MA", "routes": "1,10,11,18,2,5,60,61,65,6B", "lat": 22.187035, "lng": 113.531079}}, {"type": "Feature", "geometry": {"type": "Point", "coordinates": [113.555146, 22.20973]}, "properties": {"pole_id": "158", "sta_code": "M219", "name": "勞動節大馬路", "name_en": "AV. 1º DE MAIO", "name_por": "AV. 1º DE MAIO", "routes": "103,2A,2AS,51A,73,AP1,N1A", "lat": 22.20973, "lng": 113.555146}}, {"type": "Feature", "geometry": {"type": "Point", "coordinates": [113.550164, 22.213185]}, "properties": {"pole_id": "161", "sta_code": "M222", "name": "看台街", "name_en": "RUA DA TRIBUNA", "name_por": "RUA DA TRIBUNA", "routes": "17S,27,3A,N1A", "lat": 22.213185, "lng": 113.550164}}, {"type": "Feature", "geometry": {"type": "Point", "coordinates": [113.550218, 22.211536]}, "properties": {"pole_id": "164", "sta_code": "M228", "name": "祐漢第二街", "name_en": "RUA 2 IAO HON", "name_por": "RUA 2 IAO HON", "routes": "22", "lat": 22.211536, "lng": 113.550218}}, {"type": "Feature", "geometry": {"type": "Point", "coordinates": [113.55531, 22.206834]}, "properties": {"pole_id": "168", "sta_code": "M233", "name": "東北大馬路/東華", "name_en": "AV. NORDESTE/ TONG WA", "name_por": "AV. NORDESTE/ TONG WA", "routes": "102,10B,18,18A,18B,2A,34,3A", "lat": 22.206834, "lng": 113.55531}}, {"type": "Feature", "geometry": {"type": "Point", "coordinates": [113.555203, 22.206885]}, "properties": {"pole_id": "169", "sta_code": "M234", "name": "東北大馬路/海濱", "name_en": "AV. NORDESTE/ HOI PAN GARDEN", "name_por": "AV. NORDESTE/ HOI PAN GARDEN", "routes": "18A,2A,30,34,MT3", "lat": 22.206885, "lng": 113.555203}}, {"type": "Feature", "geometry": {"type": "Point", "coordinates": [113.557176, 22.208932]}, "properties": {"pole_id": "170", "sta_code": "M235", "name": "東北大馬路/保利達", "name_en": "AV. NORDESTE/ POLY TEX", "name_por": "AV. NORDESTE/ POLY TEX", "routes": "102,30,34,51A,MT3", "lat": 22.208932, "lng": 113.557176}}, {"type": "Feature", "geometry": {"type": "Point", "coordinates": [113.54453, 22.198044]}, "properties": {"pole_id": "171", "sta_code": "M237", "name": "社會工作局", "name_en": "INSTITUTO  DE ACÇÃO  SOCIAL", "name_por": "INSTITUTO  DE ACÇÃO  SOCIAL", "routes": "7,8", "lat": 22.198044, "lng": 113.54453}}, {"type": "Feature", "geometry": {"type": "Point", "coordinates": [113.5501, 22.18843]}, "properties": {"pole_id": "181", "sta_code": "M252", "name": "新口岸/科英布拉街", "name_en": "NAPE/RUA DE COIMBRA", "name_por": "NAPE/RUA DE COIMBRA", "routes": "17S,1A,39", "lat": 22.18843, "lng": 113.5501}}, {"type": "Feature", "geometry": {"type": "Point", "coordinates": [113.554829, 22.194865]}, "properties": {"pole_id": "183", "sta_code": "M254", "name": "友誼馬路/行車天橋", "name_en": "AV. AMIZADE/ VIADUTO", "name_por": "AV. AMIZADE/ VIADUTO", "routes": "1A,28A,28B,29,3,32,3A,AP1,N1A", "lat": 22.194865, "lng": 113.554829}}, {"type": "Feature", "geometry": {"type": "Point", "coordinates": [113.55822, 22.159111]}, "properties": {"pole_id": "195", "sta_code": "T309", "name": "泉亮花園", "name_en": "EDF. CHUN LEONG", "name_por": "EDF. CHUN LEONG", "routes": "21A,25,25AX,26A,50,72,MT4,N3,N5,N6", "lat": 22.159111, "lng": 113.55822}}, {"type": "Feature", "geometry": {"type": "Point", "coordinates": [113.559217, 22.154982]}, "properties": {"pole_id": "204", "sta_code": "T319", "name": "嘉模泳池", "name_en": "PISCINAS DO CARMO", "name_por": "PISCINAS DO CARMO", "routes": "11,15,22,28A,30,33,34", "lat": 22.154982, "lng": 113.559217}}, {"type": "Feature", "geometry": {"type": "Point", "coordinates": [113.557144, 22.153063]}, "properties": {"pole_id": "205", "sta_code": "T320", "name": "氹仔官也街", "name_en": "RUA DO CUNHA", "name_por": "RUA DO CUNHA", "routes": "11,15,22,28A,30,33,34", "lat": 22.153063, "lng": 113.557144}}, {"type": "Feature", "geometry": {"type": "Point", "coordinates": [113.556221, 22.154508]}, "properties": {"pole_id": "208", "sta_code": "T323", "name": "黑橋/地堡街", "name_en": "PONTE NEGRA/R. DO REGEDOR", "name_por": "PONTE NEGRA/R. DO REGEDOR", "routes": "11,15,22,28A,30,33,34", "lat": 22.154508, "lng": 113.556221}}, {"type": "Feature", "geometry": {"type": "Point", "coordinates": [113.542989, 22.161611]}, "properties": {"pole_id": "220", "sta_code": "T336", "name": "海洋花園瞭望台", "name_en": "TERRAÇO PANORÂMICO", "name_por": "TERRAÇO PANORÂMICO", "routes": "34,35", "lat": 22.161611, "lng": 113.542989}}, {"type": "Feature", "geometry": {"type": "Point", "coordinates": [113.542125, 22.158486]}, "properties": {"pole_id": "221", "sta_code": "T337", "name": "氹仔海濱花園", "name_en": "EDIFÍCIO BEIRA-MAR", "name_por": "EDIFÍCIO BEIRA-MAR", "routes": "15,26,34,35,36,52,MT2,MT4,N5", "lat": 22.158486, "lng": 113.542125}}, {"type": "Feature", "geometry": {"type": "Point", "coordinates": [113.549099, 22.158017]}, "properties": {"pole_id": "231", "sta_code": "T350", "name": "廣東大馬路/馬會", "name_en": "AV.KWONG TUNG/ JOCKEY CLUB", "name_por": "AV.KWONG TUNG/ JOCKEY CLUB", "routes": "30,36", "lat": 22.158017, "lng": 113.549099}}, {"type": "Feature", "geometry": {"type": "Point", "coordinates": [113.558847, 22.156553]}, "properties": {"pole_id": "241", "sta_code": "T368", "name": "奧林匹克大馬路", "name_en": "AVENIDA OLÍMPICA", "name_por": "AVENIDA OLÍMPICA", "routes": "102,25B,26,26A,35,37,72,MT1,MT3", "lat": 22.156553, "lng": 113.558847}}, {"type": "Feature", "geometry": {"type": "Point", "coordinates": [113.561155, 22.131494]}, "properties": {"pole_id": "243", "sta_code": "C651", "name": "路環小型賽車場", "name_en": "KARTÓDROMO DE COLOANE", "name_por": "KARTÓDROMO DE COLOANE", "routes": "52,55", "lat": 22.131494, "lng": 113.561155}}, {"type": "Feature", "geometry": {"type": "Point", "coordinates": [113.553467, 22.120549]}, "properties": {"pole_id": "246", "sta_code": "C656", "name": "路環警察訓練營-2", "name_en": "EST. DO CAMPO/ PSP-2", "name_por": "EST. DO CAMPO/ PSP-2", "routes": "21A,25,26,26A,50,N3", "lat": 22.120549, "lng": 113.553467}}, {"type": "Feature", "geometry": {"type": "Point", "coordinates": [113.557983, 22.11459]}, "properties": {"pole_id": "252", "sta_code": "C663", "name": "竹灣泳池-2", "name_en": "EST. CHEOC VAN/ PISCINA - 2", "name_por": "EST. CHEOC VAN/ PISCINA - 2", "routes": "21A,26A", "lat": 22.11459, "lng": 113.557983}}, {"type": "Feature", "geometry": {"type": "Point", "coordinates": [113.557826, 22.114794]}, "properties": {"pole_id": "253", "sta_code": "C664", "name": "竹灣泳池-1", "name_en": "EST. CHEOC VAN/ PISCINA - 1", "name_por": "EST. CHEOC VAN/ PISCINA - 1", "routes": "21A,26A", "lat": 22.114794, "lng": 113.557826}}, {"type": "Feature", "geometry": {"type": "Point", "coordinates": [113.566696, 22.113194]}, "properties": {"pole_id": "263", "sta_code": "C675", "name": "竹灣豪園-2", "name_en": "VILA CHOK WAN HOU UN-2", "name_por": "VILA CHOK WAN HOU UN-2", "routes": "21A,26A", "lat": 22.113194, "lng": 113.566696}}, {"type": "Feature", "geometry": {"type": "Point", "coordinates": [113.566274, 22.113338]}, "properties": {"pole_id": "264", "sta_code": "C676", "name": "竹灣豪園-1", "name_en": "VILA CHOK WAN HOU UN-1", "name_por": "VILA CHOK WAN HOU UN-1", "routes": "21A,26A", "lat": 22.113338, "lng": 113.566274}}, {"type": "Feature", "geometry": {"type": "Point", "coordinates": [113.562506, 22.114471]}, "properties": {"pole_id": "265", "sta_code": "C677", "name": "竹灣燒烤公園-1", "name_en": "CHEOC VAN/ PICNIC-1", "name_por": "CHEOC VAN/ PICNIC-1", "routes": "21A,26A", "lat": 22.114471, "lng": 113.562506}}, {"type": "Feature", "geometry": {"type": "Point", "coordinates": [113.5627, 22.113679]}, "properties": {"pole_id": "266", "sta_code": "C678", "name": "竹灣燒烤公園-2", "name_en": "CHEOC VAN/ PICNIC-2", "name_por": "CHEOC VAN/ PICNIC-2", "routes": "21A,26A", "lat": 22.113679, "lng": 113.5627}}, {"type": "Feature", "geometry": {"type": "Point", "coordinates": [113.534498, 22.212088]}, "properties": {"pole_id": "279", "sta_code": "M205", "name": "跨境工業區", "name_en": "PARQUE INDUSTRIAL TRANSFRONTEIRIÇO", "name_por": "PARQUE INDUSTRIAL TRANSFRONTEIRIÇO", "routes": "23,27,28B,29", "lat": 22.212088, "lng": 113.534498}}, {"type": "Feature", "geometry": {"type": "Point", "coordinates": [113.556503, 22.18712]}, "properties": {"pole_id": "304", "sta_code": "M266", "name": "澳門科學館", "name_en": "CENTRO DE CIENCIA DE MACAU", "name_por": "CENTRO DE CIENCIA DE MACAU", "routes": "12,17S,3A,60,8", "lat": 22.18712, "lng": 113.556503}}, {"type": "Feature", "geometry": {"type": "Point", "coordinates": [113.534799, 22.211598]}, "properties": {"pole_id": "319", "sta_code": "M267", "name": "工業園街", "name_en": "R. DO PARQUE INDUSTRIAL", "name_por": "R. DO PARQUE INDUSTRIAL", "routes": "23,27,8,8A", "lat": 22.211598, "lng": 113.534799}}, {"type": "Feature", "geometry": {"type": "Point", "coordinates": [113.556702, 22.1607]}, "properties": {"pole_id": "335", "sta_code": "T304", "name": "氹仔大中華廣場", "name_en": "AV. DR. SUN YAT SEN/ R. LAGOS", "name_por": "AV. DR. SUN YAT SEN/ R. LAGOS", "routes": "22,28A,33,35,50B,MT1", "lat": 22.1607, "lng": 113.556702}}, {"type": "Feature", "geometry": {"type": "Point", "coordinates": [113.547826, 22.187236]}, "properties": {"pole_id": "338", "sta_code": "M268", "name": "城市日前地", "name_en": "PRACETA 24 DE JUNHO", "name_por": "PRACETA 24 DE JUNHO", "routes": "29,3AS,50,50B,60,7,MT1,MT2,N1A,N2", "lat": 22.187236, "lng": 113.547826}}, {"type": "Feature", "geometry": {"type": "Point", "coordinates": [113.546124, 22.20364]}, "properties": {"pole_id": "345", "sta_code": "M91", "name": "高士德/亞利鴉架街", "name_en": "HORTA E COSTA/ RUA MANUEL ARRIAGA", "name_por": "HORTA E COSTA/ RUA MANUEL ARRIAGA", "routes": "25,25B,5,5X,9,9A,N2", "lat": 22.20364, "lng": 113.546124}}, {"type": "Feature", "geometry": {"type": "Point", "coordinates": [113.567936, 22.154791]}, "properties": {"pole_id": "347", "sta_code": "T358", "name": "偉龍/科大醫院", "name_en": "WAI LONG/M.U.S.T.-HOSPITAL", "name_por": "WAI LONG/M.U.S.T.-HOSPITAL", "routes": "26,36,51A,51B,AP1,MT1,N2,N5,N6", "lat": 22.154791, "lng": 113.567936}}, {"type": "Feature", "geometry": {"type": "Point", "coordinates": [113.543374, 22.199089]}, "properties": {"pole_id": "351", "sta_code": "M245", "name": "鏡湖醫院", "name_en": "HOSPITAL KIANG WU", "name_por": "HOSPITAL KIANG WU", "routes": "7,8", "lat": 22.199089, "lng": 113.543374}}, {"type": "Feature", "geometry": {"type": "Point", "coordinates": [113.54702, 22.20103]}, "properties": {"pole_id": "353", "sta_code": "M83", "name": "賈伯樂/培正", "name_en": "AL. COSTA CABRAL/ ESC. PUI CHING", "name_por": "AL. COSTA CABRAL/ ESC. PUI CHING", "routes": "17,8A", "lat": 22.20103, "lng": 113.54702}}, {"type": "Feature", "geometry": {"type": "Point", "coordinates": [113.547107, 22.200315]}, "properties": {"pole_id": "359", "sta_code": "M77", "name": "羅利老馬路", "name_en": "ADOLFO LOUREIRO", "name_por": "ADOLFO LOUREIRO", "routes": "8A", "lat": 22.200315, "lng": 113.547107}}, {"type": "Feature", "geometry": {"type": "Point", "coordinates": [113.550732, 22.200962]}, "properties": {"pole_id": "362", "sta_code": "M61", "name": "二龍喉公園", "name_en": "FLORA GARDEN", "name_por": "JARDIM FLORA", "routes": "12,17,18A,2,2A,6A", "lat": 22.200962, "lng": 113.550732}}, {"type": "Feature", "geometry": {"type": "Point", "coordinates": [113.551326, 22.205689]}, "properties": {"pole_id": "363", "sta_code": "M40", "name": "福海花園", "name_en": "RAMPA CAVALEIROS", "name_por": "RAMPA CAVALEIROS", "routes": "28C", "lat": 22.205689, "lng": 113.551326}}, {"type": "Feature", "geometry": {"type": "Point", "coordinates": [113.562123, 22.158757]}, "properties": {"pole_id": "374", "sta_code": "T409", "name": "湖畔公園", "name_en": "JARDIM DO LAGO", "name_por": "JARDIM DO LAGO", "routes": "26,30,30X,34,35,56,MT3", "lat": 22.158757, "lng": 113.562123}}, {"type": "Feature", "geometry": {"type": "Point", "coordinates": [113.532216, 22.188683]}, "properties": {"pole_id": "376", "sta_code": "M188", "name": "河邊新街/下環", "name_en": "ALMIRANTE SÉRGIO/ PRAIA MANDUCO", "name_por": "ALMIRANTE SÉRGIO/ PRAIA MANDUCO", "routes": "1,10,11,16S,2,21A,26,5,55,60,65,6B,71S,MT4,N3", "lat": 22.188683, "lng": 113.532216}}, {"type": "Feature", "geometry": {"type": "Point", "coordinates": [113.566962, 22.14547]}, "properties": {"pole_id": "379", "sta_code": "T414", "name": "永進馬路/美獅美高梅", "name_en": "AV. DO PROGRESSO / MGM COTAI", "name_por": "AV. DO PROGRESSO / MGM COTAI", "routes": "25B,701X", "lat": 22.14547, "lng": 113.566962}}, {"type": "Feature", "geometry": {"type": "Point", "coordinates": [113.549537, 22.205771]}, "properties": {"pole_id": "386", "sta_code": "M38", "name": "望賢樓", "name_en": "EDF. MONG IN", "name_por": "EDF. MONG IN", "routes": "12,19,22,7", "lat": 22.205771, "lng": 113.549537}}, {"type": "Feature", "geometry": {"type": "Point", "coordinates": [113.552578, 22.141413]}, "properties": {"pole_id": "400", "sta_code": "T424", "name": "海濱圓形地/生態保護區", "name_en": "ROTUNDA MARGINAL/ZONAS ECOLÓGICAS", "name_por": "ROTUNDA MARGINAL/ZONAS ECOLÓGICAS", "routes": "102,52,55,71,71S,72,73,H3", "lat": 22.141413, "lng": 113.552578}}, {"type": "Feature", "geometry": {"type": "Point", "coordinates": [113.554447, 22.208518]}, "properties": {"pole_id": "411", "sta_code": "M206", "name": "黑沙環新街/建華", "name_en": "R. NOVA AREIA PRETA/ EDF. KIN WA", "name_por": "R. NOVA AREIA PRETA/ EDF. KIN WA", "routes": "10B,17,17S,17S1,18,18B,30,30X,3A,51A,N1B", "lat": 22.208518, "lng": 113.554447}}, {"type": "Feature", "geometry": {"type": "Point", "coordinates": [113.546628, 22.135636]}, "properties": {"pole_id": "412", "sta_code": "T550", "name": "澳門大學總站", "name_en": "UNIVERSIDADE DE MACAU/ TERMINAL", "name_por": "UNIVERSIDADE DE MACAU/ TERMINAL", "routes": "71,71S", "lat": 22.135636, "lng": 113.546628}}, {"type": "Feature", "geometry": {"type": "Point", "coordinates": [113.543289, 22.133969]}, "properties": {"pole_id": "416", "sta_code": "T555", "name": "澳大/綜合體育館", "name_en": "UM / COMPLEXO DESPORTIVO", "name_por": "UM / COMPLEXO DESPORTIVO", "routes": "71,71S,72,73,N6", "lat": 22.133969, "lng": 113.543289}}, {"type": "Feature", "geometry": {"type": "Point", "coordinates": [113.55437, 22.205185]}, "properties": {"pole_id": "33", "sta_code": "M48", "name": "慕拉士/飛通大廈", "name_en": "VENCESLAU MORAIS/AV.NORDESTE", "name_por": "VENCESLAU MORAIS/EDF.AIRWAY", "routes": "10,102,10B,1A,2,28B,29,3A,6A,H2", "lat": 22.205185, "lng": 113.55437}}, {"type": "Feature", "geometry": {"type": "Point", "coordinates": [113.548284, 22.210604]}, "properties": {"pole_id": "166", "sta_code": "M229", "name": "三角花園", "name_en": "JARDIM TRIANGULAR", "name_por": "JARDIM TRIANGULAR", "routes": "1,9,9A", "lat": 22.210604, "lng": 113.548284}}, {"type": "Feature", "geometry": {"type": "Point", "coordinates": [113.545306, 22.206422]}, "properties": {"pole_id": "448", "sta_code": "M16", "name": "提督馬路/雅廉訪", "name_en": "AV. ALM. LACERDA/ OUVIDOR ARRIAGA", "name_por": "AV. ALM. LACERDA/ OUVIDOR ARRIAGA", "routes": "16,17,28C,32,4,5,65,8,8A,9,9A", "lat": 22.206422, "lng": 113.545306}}, {"type": "Feature", "geometry": {"type": "Point", "coordinates": [113.545439, 22.206644]}, "properties": {"pole_id": "11", "sta_code": "M16", "name": "提督馬路/雅廉訪", "name_en": "AV. ALM. LACERDA/ OUVIDOR ARRIAGA", "name_por": "AV. ALM. LACERDA/ OUVIDOR ARRIAGA", "routes": "1,16S,26,26A,3,33,3X,N1B,N2", "lat": 22.206644, "lng": 113.545439}}, {"type": "Feature", "geometry": {"type": "Point", "coordinates": [113.543961, 22.205024]}, "properties": {"pole_id": "75", "sta_code": "M109", "name": "提督/高士德", "name_en": "ALMIRANTE LACERDA / HORTA E COSTA", "name_por": "ALMIRANTE LACERDA / HORTA E COSTA", "routes": "26,26A,33", "lat": 22.205024, "lng": 113.543961}}, {"type": "Feature", "geometry": {"type": "Point", "coordinates": [113.5379, 22.195186]}, "properties": {"pole_id": "93", "sta_code": "M143", "name": "新馬路/爐石塘", "name_en": "ALMEIDA RIBEIRO / RUA CAMILO PESSANHA", "name_por": "ALMEIDA RIBEIRO / RUA CAMILO PESSANHA", "routes": "11,21A,21AT,26A,26AT,33", "lat": 22.195186, "lng": 113.5379}}, {"type": "Feature", "geometry": {"type": "Point", "coordinates": [113.541669, 22.191629]}, "properties": {"pole_id": "120", "sta_code": "M170", "name": "殷皇子馬路", "name_en": "AV.INFANTE D. HENRIQUE", "name_por": "AV.INFANTE D. HENRIQUE", "routes": "11,21A,21AT,26A,26AT,33", "lat": 22.191629, "lng": 113.541669}}, {"type": "Feature", "geometry": {"type": "Point", "coordinates": [113.547652, 22.191726]}, "properties": {"pole_id": "109", "sta_code": "M158", "name": "北京街/假日酒店", "name_en": "RUA DE PEQUIM/ HOLIDAY INN", "name_por": "RUA DE PEQUIM/ HOLIDAY INN", "routes": "10,10B,25B,28C,50", "lat": 22.191726, "lng": 113.547652}}, {"type": "Feature", "geometry": {"type": "Point", "coordinates": [113.550169, 22.192671]}, "properties": {"pole_id": "112", "sta_code": "M161", "name": "高美士/利澳", "name_en": "GONZAGA GOMES/ RIO", "name_por": "GONZAGA GOMES/ RIO", "routes": "10,10B,1A,28A,28B,28C,29,3,32", "lat": 22.192671, "lng": 113.550169}}, {"type": "Feature", "geometry": {"type": "Point", "coordinates": [113.546707, 22.191938]}, "properties": {"pole_id": "108", "sta_code": "M157", "name": "治安警察局", "name_en": "C. P. S. P.", "name_por": "C. P. S. P.", "routes": "25B,28A,H3", "lat": 22.191938, "lng": 113.546707}}, {"type": "Feature", "geometry": {"type": "Point", "coordinates": [113.546599, 22.191873]}, "properties": {"pole_id": "462", "sta_code": "M157", "name": "治安警察局", "name_en": "C. P. S. P.", "name_por": "C. P. S. P.", "routes": "10,10B,28B,28C,29,3,32,5,6A,6B", "lat": 22.191873, "lng": 113.546599}}, {"type": "Feature", "geometry": {"type": "Point", "coordinates": [113.542938, 22.191955]}, "properties": {"pole_id": "123", "sta_code": "M173", "name": "約翰四世大馬路", "name_en": "AV. D. JOÃO IV", "name_por": "AV. D. JOÃO IV", "routes": "10,3,4,5,6A", "lat": 22.191955, "lng": 113.542938}}, {"type": "Feature", "geometry": {"type": "Point", "coordinates": [113.54282, 22.191857]}, "properties": {"pole_id": "463", "sta_code": "M173", "name": "約翰四世大馬路", "name_en": "AV. D. JOÃO IV", "name_por": "AV. D. JOÃO IV", "routes": "18,18A,18B,19,22,25,25B,7", "lat": 22.191857, "lng": 113.54282}}, {"type": "Feature", "geometry": {"type": "Point", "coordinates": [113.541516, 22.191586]}, "properties": {"pole_id": "121", "sta_code": "M171", "name": "中區/殷皇子馬路", "name_en": "CENTRO/INFANTE D. HENRIQUE", "name_por": "CENTRO/INFANTE D. HENRIQUE", "routes": "10,2,3A,5,8A", "lat": 22.191586, "lng": 113.541516}}, {"type": "Feature", "geometry": {"type": "Point", "coordinates": [113.541461, 22.19164]}, "properties": {"pole_id": "464", "sta_code": "M171", "name": "中區/殷皇子馬路", "name_en": "CENTRO/INFANTE D. HENRIQUE", "name_por": "CENTRO/INFANTE D. HENRIQUE", "routes": "101,101XS,11,21A,21AT,26A,33,N1A,N3", "lat": 22.19164, "lng": 113.541461}}, {"type": "Feature", "geometry": {"type": "Point", "coordinates": [113.536569, 22.197377]}, "properties": {"pole_id": "90", "sta_code": "M132", "name": "十六浦", "name_en": "PONTE 16", "name_por": "PONTE 16", "routes": "101,101XS,18B,26,26A,33,4,8A,N1A", "lat": 22.197377, "lng": 113.536569}}, {"type": "Feature", "geometry": {"type": "Point", "coordinates": [113.540118, 22.203077]}, "properties": {"pole_id": "77", "sta_code": "M114", "name": "沙梨頭海邊街", "name_en": "R.  RIBEIRA  PATANE", "name_por": "R.  RIBEIRA  PATANE", "routes": "1,26A,3,33,6A,N1A", "lat": 22.203077, "lng": 113.540118}}, {"type": "Feature", "geometry": {"type": "Point", "coordinates": [113.544769, 22.209344]}, "properties": {"pole_id": "13", "sta_code": "M19", "name": "白朗古將軍馬路", "name_en": "AV.  GEN.  CASTELO  BRANCO", "name_por": "AV.  GEN.  CASTELO  BRANCO", "routes": "1,23,25B,9,9A,N1A", "lat": 22.209344, "lng": 113.544769}}, {"type": "Feature", "geometry": {"type": "Point", "coordinates": [113.546102, 22.210453]}, "properties": {"pole_id": "6", "sta_code": "M10", "name": "台山街市", "name_en": "MERCADO TAMAG. BARBOSA", "name_por": "MERCADO TAMAG. BARBOSA", "routes": "1,101,1A,28B,7,9,9A,H2", "lat": 22.210453, "lng": 113.546102}}, {"type": "Feature", "geometry": {"type": "Point", "coordinates": [113.54622, 22.210441]}, "properties": {"pole_id": "465", "sta_code": "M10", "name": "台山街市", "name_en": "MERCADO TAMAG. BARBOSA", "name_por": "MERCADO TAMAG. BARBOSA", "routes": "26,26A,32,33,4,8,8A,N1A,N2", "lat": 22.210441, "lng": 113.54622}}, {"type": "Feature", "geometry": {"type": "Point", "coordinates": [113.547566, 22.212803]}, "properties": {"pole_id": "466", "sta_code": "M8", "name": "巴波沙/新城市", "name_en": "AV. ARTUR DE TAMAGNINI BARBOSA / EDF. JARDIM CIDADE", "name_por": "AV. ARTUR DE TAMAGNINI BARBOSA / EDF. JARDIM CIDADE", "routes": "101XS", "lat": 22.212803, "lng": 113.547566}}, {"type": "Feature", "geometry": {"type": "Point", "coordinates": [113.547563, 22.212763]}, "properties": {"pole_id": "4", "sta_code": "M8", "name": "巴波沙/新城市", "name_en": "AV. ARTUR DE TAMAGNINI BARBOSA / EDF. JARDIM CIDADE", "name_por": "AV. ARTUR DE TAMAGNINI BARBOSA / EDF. JARDIM CIDADE", "routes": "101,25,3", "lat": 22.212763, "lng": 113.547563}}, {"type": "Feature", "geometry": {"type": "Point", "coordinates": [113.549436, 22.213259]}, "properties": {"pole_id": "270", "sta_code": "M225", "name": "看台街/騎士馬路", "name_en": "R. DA TRIBUNA/EST. DOS CAVALEIROS", "name_por": "R. DA TRIBUNA/EST. DOS CAVALEIROS", "routes": "1,101,28C,9A", "lat": 22.213259, "lng": 113.549436}}, {"type": "Feature", "geometry": {"type": "Point", "coordinates": [113.544766, 22.189209]}, "properties": {"pole_id": "46", "sta_code": "M69", "name": "葡京酒店", "name_en": "HOTEL LISBOA", "name_por": "HOTEL LISBOA", "routes": "10,10B,12,23,32,5X,6B,H1,N1B,N2", "lat": 22.189209, "lng": 113.544766}}, {"type": "Feature", "geometry": {"type": "Point", "coordinates": [113.544828, 22.189234]}, "properties": {"pole_id": "469", "sta_code": "M69", "name": "葡京酒店", "name_en": "HOTEL LISBOA", "name_por": "HOTEL LISBOA", "routes": "102,3,39,3A,50,50B,7,8,MT1,MT2,MT5", "lat": 22.189234, "lng": 113.544828}}, {"type": "Feature", "geometry": {"type": "Point", "coordinates": [113.554775, 22.194792]}, "properties": {"pole_id": "471", "sta_code": "M254", "name": "友誼馬路/行車天橋", "name_en": "AV. AMIZADE/ VIADUTO", "name_por": "AV. AMIZADE/ VIADUTO", "routes": "10,102,10B,56", "lat": 22.194792, "lng": 113.554775}}, {"type": "Feature", "geometry": {"type": "Point", "coordinates": [113.550258, 22.213174]}, "properties": {"pole_id": "472", "sta_code": "M222", "name": "看台街", "name_en": "RUA DA TRIBUNA", "name_por": "RUA DA TRIBUNA", "routes": "30,34,51A,AP1", "lat": 22.213174, "lng": 113.550258}}, {"type": "Feature", "geometry": {"type": "Point", "coordinates": [113.55201, 22.211542]}, "properties": {"pole_id": "473", "sta_code": "M220", "name": "祐漢街市", "name_en": "MERCADO IAO HON", "name_por": "MERCADO IAO HON", "routes": "10B,12,18,18B,19,2,3A,6A,7,N1A", "lat": 22.211542, "lng": 113.55201}}, {"type": "Feature", "geometry": {"type": "Point", "coordinates": [113.551883, 22.211558]}, "properties": {"pole_id": "159", "sta_code": "M220", "name": "祐漢街市", "name_en": "MERCADO IAO HON", "name_por": "MERCADO IAO HON", "routes": "22,30,34", "lat": 22.211558, "lng": 113.551883}}, {"type": "Feature", "geometry": {"type": "Point", "coordinates": [113.55522, 22.209668]}, "properties": {"pole_id": "474", "sta_code": "M219", "name": "勞動節大馬路", "name_en": "AV. 1º DE MAIO", "name_por": "AV. 1º DE MAIO", "routes": "10B,17S,18,18A,18B,27,3A", "lat": 22.209668, "lng": 113.55522}}, {"type": "Feature", "geometry": {"type": "Point", "coordinates": [113.550675, 22.200915]}, "properties": {"pole_id": "477", "sta_code": "M61", "name": "二龍喉公園", "name_en": "FLORA GARDEN", "name_por": "JARDIM FLORA", "routes": "18,18B,19,22,23,25,25B,32,56,H2", "lat": 22.200915, "lng": 113.550675}}, {"type": "Feature", "geometry": {"type": "Point", "coordinates": [113.548682, 22.199221]}, "properties": {"pole_id": "50", "sta_code": "M73", "name": "得勝花園", "name_en": "JARDIM DA VITÓRIA", "name_por": "JARDIM DA VITÓRIA", "routes": "18,18A,18B,19,2,4,9", "lat": 22.199221, "lng": 113.548682}}, {"type": "Feature", "geometry": {"type": "Point", "coordinates": [113.546755, 22.197057]}, "properties": {"pole_id": "478", "sta_code": "M270", "name": "塔石體育館", "name_en": "PAVILHÃO POLIDESPORTIVO TAP SEAC", "name_por": "PAVILHÃO POLIDESPORTIVO TAP SEAC", "routes": "22,25,25B", "lat": 22.197057, "lng": 113.546755}}, {"type": "Feature", "geometry": {"type": "Point", "coordinates": [113.546551, 22.196811]}, "properties": {"pole_id": "479", "sta_code": "M270", "name": "塔石體育館", "name_en": "PAVILHÃO POLIDESPORTIVO TAP SEAC", "name_por": "PAVILHÃO POLIDESPORTIVO TAP SEAC", "routes": "12,18,18B,2A,7,8,8A,9,9A,H2", "lat": 22.196811, "lng": 113.546551}}, {"type": "Feature", "geometry": {"type": "Point", "coordinates": [113.543774, 22.194193]}, "properties": {"pole_id": "480", "sta_code": "M153", "name": "水坑尾/公共行政大樓", "name_en": "R. CAMPO/ EDF. ADMIN. PÚBLICA", "name_por": "R. CAMPO/ EDF. ADMIN. PÚBLICA", "routes": "12,18,18B,22,25,25B", "lat": 22.194193, "lng": 113.543774}}, {"type": "Feature", "geometry": {"type": "Point", "coordinates": [113.543719, 22.194123]}, "properties": {"pole_id": "104", "sta_code": "M153", "name": "水坑尾/公共行政大樓", "name_en": "R. CAMPO/ EDF. ADMIN. PÚBLICA", "name_por": "R. CAMPO/ EDF. ADMIN. PÚBLICA", "routes": "2A,7,8,8A,9,9A,H1,H2", "lat": 22.194123, "lng": 113.543719}}, {"type": "Feature", "geometry": {"type": "Point", "coordinates": [113.543925, 22.192312]}, "properties": {"pole_id": "118", "sta_code": "M168", "name": "八角亭", "name_en": "PRAIA GRANDE/ JARDIM S. FRANCISCO", "name_por": "PRAIA GRANDE/ JARDIM S. FRANCISCO", "routes": "12,28B,2A,6A,8,8A,9,9A,H1,H2", "lat": 22.192312, "lng": 113.543925}}, {"type": "Feature", "geometry": {"type": "Point", "coordinates": [113.53791, 22.186811]}, "properties": {"pole_id": "281", "sta_code": "M199", "name": "南灣湖景大馬路", "name_en": "AVENIDA PANORÂMICA DO LAGO NAM VAN", "name_por": "AVENIDA PANORÂMICA DO LAGO NAM VAN", "routes": "18,18B,23,32,6B,9,9A,N2", "lat": 22.186811, "lng": 113.53791}}, {"type": "Feature", "geometry": {"type": "Point", "coordinates": [113.537716, 22.180383]}, "properties": {"pole_id": "127", "sta_code": "M177", "name": "澳門旅遊塔", "name_en": "TORRE DE MACAU", "name_por": "TORRE DE MACAU", "routes": "18,18B,23,26,32,60,65,9A", "lat": 22.180383, "lng": 113.537716}}, {"type": "Feature", "geometry": {"type": "Point", "coordinates": [113.536893, 22.18015]}, "properties": {"pole_id": "324", "sta_code": "M182", "name": "旅遊塔/行車隧道", "name_en": "TORRE/ TÚNEL RODOVIÁRIOS", "name_por": "TORRE/ TÚNEL RODOVIÁRIOS", "routes": "26,60,65,N2", "lat": 22.18015, "lng": 113.536893}}, {"type": "Feature", "geometry": {"type": "Point", "coordinates": [113.539164, 22.190379]}, "properties": {"pole_id": "133", "sta_code": "M187", "name": "區華利前地", "name_en": "PRAÇA JORGE ALVARES", "name_por": "PRAÇA JORGE ALVARES", "routes": "18,18B,23,28B,32,6B,9,9A,N2", "lat": 22.190379, "lng": 113.539164}}, {"type": "Feature", "geometry": {"type": "Point", "coordinates": [113.536509, 22.190459]}, "properties": {"pole_id": "130", "sta_code": "M180", "name": "風順堂街", "name_en": "RUA S. LOURENÇO", "name_por": "RUA S. LOURENÇO", "routes": "16,18,28B,9", "lat": 22.190459, "lng": 113.536509}}, {"type": "Feature", "geometry": {"type": "Point", "coordinates": [113.53506, 22.188665]}, "properties": {"pole_id": "135", "sta_code": "M191", "name": "亞婆井前地", "name_en": "LARGO DO LILAU", "name_por": "LARGO DO LILAU", "routes": "18,28B", "lat": 22.188665, "lng": 113.53506}}, {"type": "Feature", "geometry": {"type": "Point", "coordinates": [113.532346, 22.189076]}, "properties": {"pole_id": "483", "sta_code": "M190", "name": "河邊新街/媽閣", "name_en": "ALM. SÉRGIO/ BARRA", "name_por": "ALM. SÉRGIO/ BARRA", "routes": "9", "lat": 22.189076, "lng": 113.532346}}, {"type": "Feature", "geometry": {"type": "Point", "coordinates": [113.533102, 22.190812]}, "properties": {"pole_id": "484", "sta_code": "M185", "name": "凱泉灣總站", "name_en": "RIVIERA MACAU / TERMINAL", "name_por": "RIVIERA MACAU / TERMINAL", "routes": "6B", "lat": 22.190812, "lng": 113.533102}}, {"type": "Feature", "geometry": {"type": "Point", "coordinates": [113.53528, 22.193546]}, "properties": {"pole_id": "377", "sta_code": "M139", "name": "司打口", "name_en": "PRAÇA PONTE HORTA", "name_por": "PRAÇA PONTE HORTA", "routes": "16S,55,71S,MT4,N3", "lat": 22.193546, "lng": 113.53528}}, {"type": "Feature", "geometry": {"type": "Point", "coordinates": [113.535317, 22.193612]}, "properties": {"pole_id": "485", "sta_code": "M139", "name": "司打口", "name_en": "PRAÇA PONTE HORTA", "name_por": "PRAÇA PONTE HORTA", "routes": "1,10,11,16,2,21A,26,5,60,61,65,6B", "lat": 22.193612, "lng": 113.535317}}, {"type": "Feature", "geometry": {"type": "Point", "coordinates": [113.53627, 22.195584]}, "properties": {"pole_id": "94", "sta_code": "M136", "name": "粵通碼頭", "name_en": "PONTE CAIS N.14", "name_por": "PONTE CAIS N.14", "routes": "1,10,16,16S,2,3A,5", "lat": 22.195584, "lng": 113.53627}}, {"type": "Feature", "geometry": {"type": "Point", "coordinates": [113.536229, 22.195482]}, "properties": {"pole_id": "486", "sta_code": "M136", "name": "粵通碼頭", "name_en": "PONTE CAIS N.14", "name_por": "PONTE CAIS N.14", "routes": "11,21A,26,MT4,N3", "lat": 22.195482, "lng": 113.536229}}, {"type": "Feature", "geometry": {"type": "Point", "coordinates": [113.539944, 22.195129]}, "properties": {"pole_id": "97", "sta_code": "M141", "name": "營地大街", "name_en": "RUA DOS MERCADORES", "name_por": "RUA DOS MERCADORES", "routes": "18", "lat": 22.195129, "lng": 113.539944}}, {"type": "Feature", "geometry": {"type": "Point", "coordinates": [113.539143, 22.196292]}, "properties": {"pole_id": "91", "sta_code": "M133", "name": "草堆街", "name_en": "RUA DAS ESTALAGENS", "name_por": "RUA DAS ESTALAGENS", "routes": "18", "lat": 22.196292, "lng": 113.539143}}, {"type": "Feature", "geometry": {"type": "Point", "coordinates": [113.537772, 22.197957]}, "properties": {"pole_id": "89", "sta_code": "M131", "name": "十月初五街", "name_en": "R. CINCO OUTUBRO", "name_por": "R. CINCO OUTUBRO", "routes": "18", "lat": 22.197957, "lng": 113.537772}}, {"type": "Feature", "geometry": {"type": "Point", "coordinates": [113.537405, 22.198811]}, "properties": {"pole_id": "142", "sta_code": "M200", "name": "沙欄仔", "name_en": "RUA DO TARRAFEIRO", "name_por": "RUA DO TARRAFEIRO", "routes": "18A,18B,19,26,8A", "lat": 22.198811, "lng": 113.537405}}, {"type": "Feature", "geometry": {"type": "Point", "coordinates": [113.539406, 22.199308]}, "properties": {"pole_id": "85", "sta_code": "M124", "name": "白鴿巢總站", "name_en": "JARDIM CAMÕES/ TERMINAL", "name_por": "JARDIM CAMÕES/ TERMINAL", "routes": "17", "lat": 22.199308, "lng": 113.539406}}, {"type": "Feature", "geometry": {"type": "Point", "coordinates": [113.539447, 22.1992]}, "properties": {"pole_id": "143", "sta_code": "M201", "name": "白鴿巢前地", "name_en": "PRAÇA LUÍS CAMÕES", "name_por": "PRAÇA LUÍS CAMÕES", "routes": "18,18A,18B,19,26,8A", "lat": 22.1992, "lng": 113.539447}}, {"type": "Feature", "geometry": {"type": "Point", "coordinates": [113.549388, 22.204523]}, "properties": {"pole_id": "307", "sta_code": "M272", "name": "愉景花園", "name_en": "SUNNY VIEW GARDEN", "name_por": "SUNNY VIEW GARDEN", "routes": "22,25,25B,56,5X", "lat": 22.204523, "lng": 113.549388}}, {"type": "Feature", "geometry": {"type": "Point", "coordinates": [113.5498, 22.204183]}, "properties": {"pole_id": "70", "sta_code": "M104", "name": "觀音堂", "name_en": "TEMPLO KUN IAM", "name_por": "TEMPLO KUN IAM", "routes": "12,17,18,18B,23,28C", "lat": 22.204183, "lng": 113.5498}}, {"type": "Feature", "geometry": {"type": "Point", "coordinates": [113.55172, 22.2026]}, "properties": {"pole_id": "31", "sta_code": "M46", "name": "鮑思高球場", "name_en": "D. BOSCO COLLEGE SPORTS CENTRE", "name_por": "COR. MESQUITA/ D. BOSCO", "routes": "12,17,22,23", "lat": 22.2026, "lng": 113.55172}}, {"type": "Feature", "geometry": {"type": "Point", "coordinates": [113.554277, 22.209828]}, "properties": {"pole_id": "273", "sta_code": "M226", "name": "勞動節街/中葡職業技術學校", "name_en": "R. 1 DE MAIO/ESCOLA LUSO-CHINESA TÉCNICO-PROFISSIONAL", "name_por": "R. 1 DE MAIO/ESCOLA LUSO-CHINESA TÉCNICO-PROFISSIONAL", "routes": "18A,2A,30X,3A", "lat": 22.209828, "lng": 113.554277}}, {"type": "Feature", "geometry": {"type": "Point", "coordinates": [113.55502, 22.211748]}, "properties": {"pole_id": "274", "sta_code": "M236", "name": "黑沙環中街/黑沙環衛生中心", "name_en": "R. CENTRAL DA AREIA PRETA / CENTRO DE SAÚDE DA AREIA PRETA", "name_por": "R. CENTRAL DA AREIA PRETA / CENTRO DE SAÚDE DA AREIA PRETA", "routes": "17S,17S1,18A,27,2A,30X,3A,7", "lat": 22.211748, "lng": 113.55502}}, {"type": "Feature", "geometry": {"type": "Point", "coordinates": [113.543515, 22.208342]}, "properties": {"pole_id": "20", "sta_code": "M26", "name": "筷子基總站", "name_en": "FAI CHI KEI/TERMINAL", "name_por": "FAI CHI KEI/TERMINAL", "routes": "1A", "lat": 22.208342, "lng": 113.543515}}, {"type": "Feature", "geometry": {"type": "Point", "coordinates": [113.543238, 22.209174]}, "properties": {"pole_id": "494", "sta_code": "M26", "name": "筷子基總站", "name_en": "FAI CHI KEI/TERMINAL", "name_por": "FAI CHI KEI/TERMINAL", "routes": "33", "lat": 22.209174, "lng": 113.543238}}, {"type": "Feature", "geometry": {"type": "Point", "coordinates": [113.549743, 22.208052]}, "properties": {"pole_id": "22", "sta_code": "M28", "name": "黑沙環馬路", "name_en": "EST. AREIA PRETA", "name_por": "EST. AREIA PRETA", "routes": "10,12,19,1A,2,22,6A,8", "lat": 22.208052, "lng": 113.549743}}, {"type": "Feature", "geometry": {"type": "Point", "coordinates": [113.549717, 22.208131]}, "properties": {"pole_id": "496", "sta_code": "M28", "name": "黑沙環馬路", "name_en": "EST. AREIA PRETA", "name_por": "EST. AREIA PRETA", "routes": "28B,28C,29,34,H2", "lat": 22.208131, "lng": 113.549717}}, {"type": "Feature", "geometry": {"type": "Point", "coordinates": [113.54815, 22.200033]}, "properties": {"pole_id": "52", "sta_code": "M76", "name": "盧廉若公園", "name_en": "JARDIM LOU LIM IOC", "name_por": "JARDIM LOU LIM IOC", "routes": "12,2,22,28C,2A", "lat": 22.200033, "lng": 113.54815}}, {"type": "Feature", "geometry": {"type": "Point", "coordinates": [113.548265, 22.200184]}, "properties": {"pole_id": "498", "sta_code": "M76", "name": "盧廉若公園", "name_en": "JARDIM LOU LIM IOC", "name_por": "JARDIM LOU LIM IOC", "routes": "16,16S,25,25B,5,9,9A,N2", "lat": 22.200184, "lng": 113.548265}}, {"type": "Feature", "geometry": {"type": "Point", "coordinates": [113.531018, 22.186993]}, "properties": {"pole_id": "499", "sta_code": "M203", "name": "媽閣廟站", "name_en": "TEMPLO Á MA", "name_por": "TEMPLO Á MA", "routes": "16S,21A,26,28B,55,71S,MT4,N3", "lat": 22.186993, "lng": 113.531018}}, {"type": "Feature", "geometry": {"type": "Point", "coordinates": [113.55504, 22.155455]}, "properties": {"pole_id": "209", "sta_code": "T324", "name": "澳門運動場", "name_en": "ESTÁDIO DE MACAU", "name_por": "ESTÁDIO DE MACAU", "routes": "102,35,37,MT1,MT3", "lat": 22.155455, "lng": 113.55504}}, {"type": "Feature", "geometry": {"type": "Point", "coordinates": [113.554969, 22.155486]}, "properties": {"pole_id": "506", "sta_code": "T324", "name": "澳門運動場", "name_en": "ESTÁDIO DE MACAU", "name_por": "ESTÁDIO DE MACAU", "routes": "11,15,22,25B,26,26A,28A,30,33,34,72", "lat": 22.155486, "lng": 113.554969}}, {"type": "Feature", "geometry": {"type": "Point", "coordinates": [113.549801, 22.163912]}, "properties": {"pole_id": "215", "sta_code": "T330", "name": "蘇利安圓形地", "name_en": "ROTUNDA LEONEL SOUSA", "name_por": "ROTUNDA LEONEL SOUSA", "routes": "11,21A,22,25,25B,26A,28A,33,50,50B,H3,MT1,MT5,N2,N3", "lat": 22.163912, "lng": 113.549801}}, {"type": "Feature", "geometry": {"type": "Point", "coordinates": [113.543699, 22.160775]}, "properties": {"pole_id": "510", "sta_code": "T335", "name": "海洋廣場", "name_en": "PLAZA OCEANO", "name_por": "PLAZA OCEANO", "routes": "11,15,34,36,71,MT2,MT4", "lat": 22.160775, "lng": 113.543699}}, {"type": "Feature", "geometry": {"type": "Point", "coordinates": [113.543781, 22.160882]}, "properties": {"pole_id": "219", "sta_code": "T335", "name": "海洋廣場", "name_en": "PLAZA OCEANO", "name_por": "PLAZA OCEANO", "routes": "26,26S,N5", "lat": 22.160882, "lng": 113.543781}}, {"type": "Feature", "geometry": {"type": "Point", "coordinates": [113.542905, 22.161464]}, "properties": {"pole_id": "511", "sta_code": "T336", "name": "海洋花園瞭望台", "name_en": "TERRAÇO PANORÂMICO", "name_por": "TERRAÇO PANORÂMICO", "routes": "15", "lat": 22.161464, "lng": 113.542905}}, {"type": "Feature", "geometry": {"type": "Point", "coordinates": [113.557229, 22.15615]}, "properties": {"pole_id": "512", "sta_code": "T339", "name": "花城公園", "name_en": "JARDIM CIDADE DAS FLORES", "name_por": "JARDIM CIDADE DAS FLORES", "routes": "11,22,25B,26A,28A,33,MT1", "lat": 22.15615, "lng": 113.557229}}, {"type": "Feature", "geometry": {"type": "Point", "coordinates": [113.546289, 22.135636]}, "properties": {"pole_id": "517", "sta_code": "T550", "name": "澳門大學總站", "name_en": "UNIVERSIDADE DE MACAU/ TERMINAL", "name_por": "UNIVERSIDADE DE MACAU/ TERMINAL", "routes": "72", "lat": 22.135636, "lng": 113.546289}}, {"type": "Feature", "geometry": {"type": "Point", "coordinates": [113.54663, 22.135742]}, "properties": {"pole_id": "518", "sta_code": "T550", "name": "澳門大學總站", "name_en": "UNIVERSIDADE DE MACAU/ TERMINAL", "name_por": "UNIVERSIDADE DE MACAU/ TERMINAL", "routes": "701X,701XS", "lat": 22.135742, "lng": 113.54663}}, {"type": "Feature", "geometry": {"type": "Point", "coordinates": [113.546291, 22.135744]}, "properties": {"pole_id": "519", "sta_code": "T550", "name": "澳門大學總站", "name_en": "UNIVERSIDADE DE MACAU/ TERMINAL", "name_por": "UNIVERSIDADE DE MACAU/ TERMINAL", "routes": "73,N6", "lat": 22.135744, "lng": 113.546291}}, {"type": "Feature", "geometry": {"type": "Point", "coordinates": [113.561033, 22.158936]}, "properties": {"pole_id": "369", "sta_code": "T408", "name": "湖畔大廈", "name_en": "EDIFÍCIO DO LAGO", "name_por": "EDIFÍCIO DO LAGO", "routes": "26,36,37,N2,N5", "lat": 22.158936, "lng": 113.561033}}, {"type": "Feature", "geometry": {"type": "Point", "coordinates": [113.56115, 22.159028]}, "properties": {"pole_id": "525", "sta_code": "T408", "name": "湖畔大廈", "name_en": "EDIFÍCIO DO LAGO", "name_por": "EDIFÍCIO DO LAGO", "routes": "35,36,72", "lat": 22.159028, "lng": 113.56115}}, {"type": "Feature", "geometry": {"type": "Point", "coordinates": [113.56113, 22.158818]}, "properties": {"pole_id": "528", "sta_code": "T408", "name": "湖畔大廈", "name_en": "EDIFÍCIO DO LAGO", "name_por": "EDIFÍCIO DO LAGO", "routes": "30,34", "lat": 22.158818, "lng": 113.56113}}, {"type": "Feature", "geometry": {"type": "Point", "coordinates": [113.561248, 22.158915]}, "properties": {"pole_id": "529", "sta_code": "T408", "name": "湖畔大廈", "name_en": "EDIFÍCIO DO LAGO", "name_por": "EDIFÍCIO DO LAGO", "routes": "30X,51B,56,AP1,MT3,N2,N5", "lat": 22.158915, "lng": 113.561248}}, {"type": "Feature", "geometry": {"type": "Point", "coordinates": [113.561118, 22.158709]}, "properties": {"pole_id": "531", "sta_code": "T408", "name": "湖畔大廈", "name_en": "EDIFÍCIO DO LAGO", "name_por": "EDIFÍCIO DO LAGO", "routes": "MT5", "lat": 22.158709, "lng": 113.561118}}, {"type": "Feature", "geometry": {"type": "Point", "coordinates": [113.561249, 22.158696]}, "properties": {"pole_id": "532", "sta_code": "T408", "name": "湖畔大廈", "name_en": "EDIFÍCIO DO LAGO", "name_por": "EDIFÍCIO DO LAGO", "routes": "11", "lat": 22.158696, "lng": 113.561249}}, {"type": "Feature", "geometry": {"type": "Point", "coordinates": [113.561367, 22.158793]}, "properties": {"pole_id": "533", "sta_code": "T408", "name": "湖畔大廈", "name_en": "EDIFÍCIO DO LAGO", "name_por": "EDIFÍCIO DO LAGO", "routes": "39", "lat": 22.158793, "lng": 113.561367}}, {"type": "Feature", "geometry": {"type": "Point", "coordinates": [113.542376, 22.199719]}, "properties": {"pole_id": "82", "sta_code": "M121", "name": "連勝/鏡湖醫院", "name_en": "C. AMARAL / HOSPITAL KIANG WU", "name_por": "C. AMARAL / HOSPITAL KIANG WU", "routes": "17,17T,18,18A,18B,19,26,8A", "lat": 22.199719, "lng": 113.542376}}, {"type": "Feature", "geometry": {"type": "Point", "coordinates": [113.542463, 22.191665]}, "properties": {"pole_id": "272", "sta_code": "M261", "name": "約翰四世大馬路/馬統領街", "name_en": "AV. D. JOÃO IV / R. DO. COMANDANTE MATA E OLIVEIRA", "name_por": "AV. D. JOÃO IV / R. DO. COMANDANTE MATA E OLIVEIRA", "routes": "12,2A,7", "lat": 22.191665, "lng": 113.542463}}, {"type": "Feature", "geometry": {"type": "Point", "coordinates": [113.545002, 22.209186]}, "properties": {"pole_id": "25", "sta_code": "M31", "name": "白朗古/跑狗場", "name_en": "GEN. C. BRANCO/ CANÍDROMO", "name_por": "GEN. C. BRANCO/ CANÍDROMO", "routes": "1,23,25B,33,5X,N1B", "lat": 22.209186, "lng": 113.545002}}, {"type": "Feature", "geometry": {"type": "Point", "coordinates": [113.550233, 22.20853]}, "properties": {"pole_id": "23", "sta_code": "M29", "name": "慕拉士馬路", "name_en": "AV. VENCESLAU DE MORAIS", "name_por": "AV. VENCESLAU DE MORAIS", "routes": "10,1A,28B,29,H2", "lat": 22.20853, "lng": 113.550233}}, {"type": "Feature", "geometry": {"type": "Point", "coordinates": [113.550181, 22.186919]}, "properties": {"pole_id": "179", "sta_code": "M250", "name": "新口岸/柏嘉街", "name_en": "NAPE/ RUA CIDADE DE BRAGA", "name_por": "NAPE/ RUA CIDADE DE BRAGA", "routes": "17S,1A,23,50,N1A,N2", "lat": 22.186919, "lng": 113.550181}}, {"type": "Feature", "geometry": {"type": "Point", "coordinates": [113.548712, 22.192637]}, "properties": {"pole_id": "176", "sta_code": "M243", "name": "何賢公園", "name_en": "JARDIM COMENDADOR HO YIN", "name_por": "JARDIM COMENDADOR HO YIN", "routes": "23,25B,5X,65", "lat": 22.192637, "lng": 113.548712}}, {"type": "Feature", "geometry": {"type": "Point", "coordinates": [113.550733, 22.208458]}, "properties": {"pole_id": "24", "sta_code": "M30", "name": "黑沙環第五街", "name_en": "RUA CINCO/AREIA PRETA", "name_por": "RUA CINCO/AREIA PRETA", "routes": "2,30,34,6A", "lat": 22.208458, "lng": 113.550733}}, {"type": "Feature", "geometry": {"type": "Point", "coordinates": [113.5535, 22.212779]}, "properties": {"pole_id": "153", "sta_code": "M214", "name": "永寧廣場總站", "name_en": "AL. TRANQUILIDADE / TERMINAL", "name_por": "AL. TRANQUILIDADE / TERMINAL", "routes": "12,2", "lat": 22.212779, "lng": 113.5535}}, {"type": "Feature", "geometry": {"type": "Point", "coordinates": [113.55138, 22.210013]}, "properties": {"pole_id": "163", "sta_code": "M224", "name": "永康街/麗華", "name_en": "RUA DA SAÚDE/ EDF. LAI WAH", "name_por": "RUA DA SAÚDE/ EDF. LAI WAH", "routes": "10B,12,19,2,22,30,34,6A,7", "lat": 22.210013, "lng": 113.55138}}, {"type": "Feature", "geometry": {"type": "Point", "coordinates": [113.541421, 22.192614]}, "properties": {"pole_id": "117", "sta_code": "M167", "name": "南灣大馬路/時代", "name_en": "PRAIA GRANDE/ SI TOI", "name_por": "PRAIA GRANDE/ SI TOI", "routes": "16,16S,2,28B,5,6A", "lat": 22.192614, "lng": 113.541421}}, {"type": "Feature", "geometry": {"type": "Point", "coordinates": [113.552052, 22.212315]}, "properties": {"pole_id": "303", "sta_code": "M244", "name": "中心街", "name_en": "R.DIREITA DO HIPÓDROMO", "name_por": "R.DIREITA DO HIPÓDROMO", "routes": "103,12,17S,19,2,27,28C,30,51A,6A,AP1", "lat": 22.212315, "lng": 113.552052}}, {"type": "Feature", "geometry": {"type": "Point", "coordinates": [113.555192, 22.194402]}, "properties": {"pole_id": "188", "sta_code": "M265", "name": "漁人碼頭會展中心", "name_en": "FISHERMAN’S WHARF CONVENTION & EXHIBITION CENTRE", "name_por": "CENTRO DE CONVENÇÕES E EXPOSIÇÕES DA DOCA DOS PESCADORES", "routes": "12,17S,3A,3AX,60", "lat": 22.194402, "lng": 113.555192}}, {"type": "Feature", "geometry": {"type": "Point", "coordinates": [113.555726, 22.189948]}, "properties": {"pole_id": "187", "sta_code": "M259", "name": "孫逸仙大馬路/金沙", "name_en": "AV. DR. SUN YAT-SEN/ SANDS", "name_por": "AV. DR. SUN YAT-SEN/ SANDS", "routes": "12,17,17S,17S1,3A,3AS,3AX,60,8", "lat": 22.189948, "lng": 113.555726}}, {"type": "Feature", "geometry": {"type": "Point", "coordinates": [113.554206, 22.187609]}, "properties": {"pole_id": "185", "sta_code": "M257", "name": "新口岸/文化中心", "name_en": "NAPE / CENTRO  CULTURAL", "name_por": "NAPE / CENTRO  CULTURAL", "routes": "12,17S,3A,3AX,5X,60,8,N2", "lat": 22.187609, "lng": 113.554206}}, {"type": "Feature", "geometry": {"type": "Point", "coordinates": [113.55039, 22.188877]}, "properties": {"pole_id": "180", "sta_code": "M251", "name": "捐血中心", "name_en": "CENTRO TRANSFUSÕES SANGUE", "name_por": "CENTRO TRANSFUSÕES SANGUE", "routes": "12,23,3A,3AX,50,5X,60,8,MT5", "lat": 22.188877, "lng": 113.55039}}, {"type": "Feature", "geometry": {"type": "Point", "coordinates": [113.546256, 22.189182]}, "properties": {"pole_id": "276", "sta_code": "M263", "name": "仙德麗街", "name_en": "RUA CIDADE DE SINTRA", "name_por": "RUA CIDADE DE SINTRA", "routes": "102,12,23,39,3A,3AX,5X,7,8,MT5,N1A,N2", "lat": 22.189182, "lng": 113.546256}}, {"type": "Feature", "geometry": {"type": "Point", "coordinates": [113.535099, 22.193386]}, "properties": {"pole_id": "358", "sta_code": "M138", "name": "司打口總站", "name_en": "PRAÇA PONTE HORTA/ TERMINAL", "name_por": "PRAÇA PONTE HORTA/ TERMINAL", "routes": "3A", "lat": 22.193386, "lng": 113.535099}}, {"type": "Feature", "geometry": {"type": "Point", "coordinates": [113.546903, 22.190095]}, "properties": {"pole_id": "110", "sta_code": "M159", "name": "總統酒店", "name_en": "AV. AMIZADE/ HOTEL PRESIDENTE", "name_por": "AV. AMIZADE/ HOTEL PRESIDENTE", "routes": "102,12,23,3A,65,8,MT1,MT2,MT5,N1B", "lat": 22.190095, "lng": 113.546903}}, {"type": "Feature", "geometry": {"type": "Point", "coordinates": [113.548625, 22.187434]}, "properties": {"pole_id": "277", "sta_code": "M262", "name": "城市日大馬路/波爾圖街", "name_en": "AV.24 DE JUNHO/R.DO.PORTO", "name_por": "AV.24 DE JUNHO/R.DO.PORTO", "routes": "12,23,29,39,3A,3AX,50,50B,60,65,7,8,MT1,MT2,MT5", "lat": 22.187434, "lng": 113.548625}}, {"type": "Feature", "geometry": {"type": "Point", "coordinates": [113.554628, 22.195514]}, "properties": {"pole_id": "278", "sta_code": "M255", "name": "馬六甲街", "name_en": "RUA DE MALACA", "name_por": "RUA DE MALACA", "routes": "12,3A,60", "lat": 22.195514, "lng": 113.554628}}, {"type": "Feature", "geometry": {"type": "Point", "coordinates": [113.555608, 22.19605]}, "properties": {"pole_id": "283", "sta_code": "M242", "name": "友誼馬路/海港街", "name_en": "AV. AMIZADE / R. TERMINAL MARÍTIMO", "name_por": "AV. AMIZADE / R. TERMINAL MARÍTIMO", "routes": "102,17,17S,17S1,N1B", "lat": 22.19605, "lng": 113.555608}}, {"type": "Feature", "geometry": {"type": "Point", "coordinates": [113.555187, 22.195953]}, "properties": {"pole_id": "44", "sta_code": "M62", "name": "回力", "name_en": "JAI ALAI", "name_por": "JAI ALAI", "routes": "10B,29", "lat": 22.195953, "lng": 113.555187}}, {"type": "Feature", "geometry": {"type": "Point", "coordinates": [113.555321, 22.196127]}, "properties": {"pole_id": "536", "sta_code": "M62", "name": "回力", "name_en": "JAI ALAI", "name_por": "JAI ALAI", "routes": "8", "lat": 22.196127, "lng": 113.555321}}, {"type": "Feature", "geometry": {"type": "Point", "coordinates": [113.55707, 22.206338]}, "properties": {"pole_id": "42", "sta_code": "M64", "name": "黑沙環新街/南華", "name_en": "R. NOVA AREIA PRETA/ NAM WA", "name_por": "R. NOVA AREIA PRETA/ NAM WA", "routes": "103,25AX,30,30X,3A,3AS,3AX,AP1,N1B", "lat": 22.206338, "lng": 113.55707}}, {"type": "Feature", "geometry": {"type": "Point", "coordinates": [113.546037, 22.207805]}, "properties": {"pole_id": "10", "sta_code": "M14", "name": "蓮峰游泳池", "name_en": "LIN FUNG SWIMMING POOL", "name_por": "PISCINA LIM FUNG", "routes": "25,26A,3,33,5", "lat": 22.207805, "lng": 113.546037}}, {"type": "Feature", "geometry": {"type": "Point", "coordinates": [113.548203, 22.203547]}, "properties": {"pole_id": "282", "sta_code": "M97", "name": "雅廉訪/俾利喇", "name_en": "OUVIDOR ARRIAGA / XAVIER PEREIRA", "name_por": "OUVIDOR ARRIAGA / XAVIER PEREIRA", "routes": "16,16S,65", "lat": 22.203547, "lng": 113.548203}}, {"type": "Feature", "geometry": {"type": "Point", "coordinates": [113.548787, 22.203173]}, "properties": {"pole_id": "61", "sta_code": "M90", "name": "雅廉花園", "name_en": "EDF. NGA LIM", "name_por": "EDF. NGA LIM", "routes": "19,4,8A", "lat": 22.203173, "lng": 113.548787}}, {"type": "Feature", "geometry": {"type": "Point", "coordinates": [113.546474, 22.206904]}, "properties": {"pole_id": "306", "sta_code": "M271", "name": "市政狗房", "name_en": "CANIL MUNICIPAL", "name_por": "CANIL MUNICIPAL", "routes": "23,25,25B,5X", "lat": 22.206904, "lng": 113.546474}}, {"type": "Feature", "geometry": {"type": "Point", "coordinates": [113.547961, 22.205695]}, "properties": {"pole_id": "71", "sta_code": "M105", "name": "望廈炮台", "name_en": "FORTE MONG-HÁ", "name_por": "FORTE MONG-HÁ", "routes": "17,23,25,25B,5X", "lat": 22.205695, "lng": 113.547961}}, {"type": "Feature", "geometry": {"type": "Point", "coordinates": [113.554636, 22.199745]}, "properties": {"pole_id": "43", "sta_code": "M66", "name": "水塘馬路", "name_en": "EST. DO RESERVATÓRIO", "name_por": "EST. DO RESERVATÓRIO", "routes": "32", "lat": 22.199745, "lng": 113.554636}}, {"type": "Feature", "geometry": {"type": "Point", "coordinates": [113.552714, 22.196242]}, "properties": {"pole_id": "80", "sta_code": "M117", "name": "羅理基/馬六甲街", "name_en": "AV. R. RODRIGUES / RUA MALACA", "name_por": "AV. R. RODRIGUES / RUA MALACA", "routes": "23,28C,56,5X,65,H3,N2", "lat": 22.196242, "lng": 113.552714}}, {"type": "Feature", "geometry": {"type": "Point", "coordinates": [113.548377, 22.201621]}, "properties": {"pole_id": "56", "sta_code": "M84", "name": "高士德/培正", "name_en": "HORTA E COSTA/ ESC. PUI CHING", "name_por": "HORTA E COSTA/ ESC. PUI CHING", "routes": "25,25B,28C,5,9,9A", "lat": 22.201621, "lng": 113.548377}}, {"type": "Feature", "geometry": {"type": "Point", "coordinates": [113.545085, 22.203614]}, "properties": {"pole_id": "65", "sta_code": "M96", "name": "連勝馬路/高士德", "name_en": "EST. C. AMARAL/ HORTA E COSTA", "name_por": "EST. C. AMARAL/ HORTA E COSTA", "routes": "17,18B,19,7", "lat": 22.203614, "lng": 113.545085}}, {"type": "Feature", "geometry": {"type": "Point", "coordinates": [113.543129, 22.206209]}, "properties": {"pole_id": "63", "sta_code": "M94", "name": "沙梨頭南街/蘭花前地", "name_en": "RUA SUL DO PATANE/ PRAÇA DAS ORQUIDEAS", "name_por": "RUA SUL DO PATANE/ PRAÇA DAS ORQUIDEAS", "routes": "23,26,32,5X,8A,N2", "lat": 22.206209, "lng": 113.543129}}, {"type": "Feature", "geometry": {"type": "Point", "coordinates": [113.541733, 22.208848]}, "properties": {"pole_id": "539", "sta_code": "M95", "name": "沙梨頭北街/筷子基北灣", "name_en": "RUA NORTE DO PATANE/BACIA NORTE DO PATANE", "name_por": "RUA NORTE DO PATANE/BACIA NORTE DO PATANE", "routes": "5X,8A", "lat": 22.208848, "lng": 113.541733}}, {"type": "Feature", "geometry": {"type": "Point", "coordinates": [113.542607, 22.1927]}, "properties": {"pole_id": "340", "sta_code": "M162", "name": "中華廣場", "name_en": "CHINA PLAZA", "name_por": "CHINA PLAZA", "routes": "10B,28B", "lat": 22.1927, "lng": 113.542607}}, {"type": "Feature", "geometry": {"type": "Point", "coordinates": [113.547265, 22.194058]}, "properties": {"pole_id": "407", "sta_code": "M151", "name": "山頂醫院急診大樓", "name_en": "URGÊNCIAS DO HOSPITAL S. JANUÁRIO", "name_por": "URGÊNCIAS DO HOSPITAL S. JANUÁRIO", "routes": "28C,6A,6B,H1,H2,H3", "lat": 22.194058, "lng": 113.547265}}, {"type": "Feature", "geometry": {"type": "Point", "coordinates": [113.546472, 22.195923]}, "properties": {"pole_id": "101", "sta_code": "M148", "name": "東望洋斜巷", "name_en": "CALÇADA DA GUIA", "name_por": "CALÇADA DA GUIA", "routes": "28C,H1", "lat": 22.195923, "lng": 113.546472}}, {"type": "Feature", "geometry": {"type": "Point", "coordinates": [113.545898, 22.194591]}, "properties": {"pole_id": "99", "sta_code": "M145", "name": "愕斜巷/山頂醫院", "name_en": "CALÇADA  DA  SURPRESA / HOSPITAL  S.  JANUÁRIO", "name_por": "CALÇADA  DA  SURPRESA / HOSPITAL  S.  JANUÁRIO", "routes": "17,6A", "lat": 22.194591, "lng": 113.545898}}, {"type": "Feature", "geometry": {"type": "Point", "coordinates": [113.530766, 22.182078]}, "properties": {"pole_id": "141", "sta_code": "M197", "name": "半邊橙/迅發花園", "name_en": "MEIA LARANJA/ SON FAT", "name_por": "MEIA LARANJA/ SON FAT", "routes": "16S,28B,6B", "lat": 22.182078, "lng": 113.530766}}, {"type": "Feature", "geometry": {"type": "Point", "coordinates": [113.531438, 22.181731]}, "properties": {"pole_id": "140", "sta_code": "M196", "name": "半邊橙", "name_en": "MEIA LARANJA", "name_por": "MEIA LARANJA", "routes": "9", "lat": 22.181731, "lng": 113.531438}}, {"type": "Feature", "geometry": {"type": "Point", "coordinates": [113.536082, 22.186172]}, "properties": {"pole_id": "125", "sta_code": "M175", "name": "濠璟酒店", "name_en": "POUSADA RITZ", "name_por": "POUSADA RITZ", "routes": "16,9", "lat": 22.186172, "lng": 113.536082}}, {"type": "Feature", "geometry": {"type": "Point", "coordinates": [113.53888, 22.190614]}, "properties": {"pole_id": "129", "sta_code": "M179", "name": "巴掌圍", "name_en": "S. AGOSTINHO", "name_por": "S. AGOSTINHO", "routes": "16,16S,23,28B,32,6B,9,9A,N2", "lat": 22.190614, "lng": 113.53888}}, {"type": "Feature", "geometry": {"type": "Point", "coordinates": [113.543887, 22.19042]}, "properties": {"pole_id": "122", "sta_code": "M68", "name": "葡京路", "name_en": "AV. LISBOA", "name_por": "AV. LISBOA", "routes": "9,9A", "lat": 22.19042, "lng": 113.543887}}, {"type": "Feature", "geometry": {"type": "Point", "coordinates": [113.549559, 22.205918]}, "properties": {"pole_id": "28", "sta_code": "M39", "name": "澳廣視", "name_en": "TDM", "name_por": "TDM", "routes": "12,18A,19,22,8", "lat": 22.205918, "lng": 113.549559}}, {"type": "Feature", "geometry": {"type": "Point", "coordinates": [113.545642, 22.202296]}, "properties": {"pole_id": "79", "sta_code": "M116", "name": "亞利鴉架街", "name_en": "RUA MANUEL ARRIAGA", "name_por": "RUA MANUEL ARRIAGA", "routes": "7,8", "lat": 22.202296, "lng": 113.545642}}, {"type": "Feature", "geometry": {"type": "Point", "coordinates": [113.545236, 22.200352]}, "properties": {"pole_id": "54", "sta_code": "M81", "name": "歸僑總會", "name_en": "ASSOC GERAL DOS CHINESES ULTRAMARINOS", "name_por": "ASSOC GERAL DOS CHINESES ULTRAMARINOS", "routes": "7,8", "lat": 22.200352, "lng": 113.545236}}, {"type": "Feature", "geometry": {"type": "Point", "coordinates": [113.54602, 22.200219]}, "properties": {"pole_id": "55", "sta_code": "M82", "name": "賈伯樂/沙嘉都喇", "name_en": "AL. COSTA CABRAL/ SACADURA CABRAL", "name_por": "AL. COSTA CABRAL/ SACADURA CABRAL", "routes": "17", "lat": 22.200219, "lng": 113.54602}}, {"type": "Feature", "geometry": {"type": "Point", "coordinates": [113.54654, 22.19948]}, "properties": {"pole_id": "53", "sta_code": "M78", "name": "沙嘉都喇街", "name_en": "SACADURA CABRAL", "name_por": "SACADURA CABRAL", "routes": "7,8", "lat": 22.19948, "lng": 113.54654}}, {"type": "Feature", "geometry": {"type": "Point", "coordinates": [113.547695, 22.198718]}, "properties": {"pole_id": "51", "sta_code": "M75", "name": "高美士中葡中學", "name_en": "ESCOLA S. LUSO-CHINESA DE L.G. GOMES", "name_por": "ESCOLA S. LUSO-CHINESA DE L.G. GOMES", "routes": "7,8", "lat": 22.198718, "lng": 113.547695}}, {"type": "Feature", "geometry": {"type": "Point", "coordinates": [113.549023, 22.198515]}, "properties": {"pole_id": "49", "sta_code": "M72", "name": "陳瑞祺中學", "name_en": "EST. VITÓRIA/ ESC. CHAN SUI KI", "name_por": "EST. VITÓRIA/ ESC. CHAN SUI KI", "routes": "17,28C", "lat": 22.198515, "lng": 113.549023}}, {"type": "Feature", "geometry": {"type": "Point", "coordinates": [113.547888, 22.19724]}, "properties": {"pole_id": "102", "sta_code": "M149", "name": "粵華中學", "name_en": "YUET WAH COLLEGE", "name_por": "YUET WAH COLLEGE", "routes": "17,28C", "lat": 22.19724, "lng": 113.547888}}, {"type": "Feature", "geometry": {"type": "Point", "coordinates": [113.552784, 22.208977]}, "properties": {"pole_id": "154", "sta_code": "M215", "name": "福泰工業大廈", "name_en": "EDF. IND. FÔK TAI", "name_por": "EDF. IND. FÔK TAI", "routes": "10B,27", "lat": 22.208977, "lng": 113.552784}}, {"type": "Feature", "geometry": {"type": "Point", "coordinates": [113.557497, 22.207812]}, "properties": {"pole_id": "35", "sta_code": "M50", "name": "勞動節大馬路/廣華", "name_en": "AV1。DEMAIO/ KWONG WA", "name_por": "AV1。DEMAIO/ KWONG WA", "routes": "103,17S,25AX,2AS,3AX,73,AP1,N1A", "lat": 22.207812, "lng": 113.557497}}, {"type": "Feature", "geometry": {"type": "Point", "coordinates": [113.536304, 22.209359]}, "properties": {"pole_id": "149", "sta_code": "M209", "name": "青洲總站", "name_en": "EST. ILHA VERDE/ TERMINAL", "name_por": "EST. ILHA VERDE/ TERMINAL", "routes": "23,28B", "lat": 22.209359, "lng": 113.536304}}, {"type": "Feature", "geometry": {"type": "Point", "coordinates": [113.536102, 22.210027]}, "properties": {"pole_id": "540", "sta_code": "M209", "name": "青洲總站", "name_en": "EST. ILHA VERDE/ TERMINAL", "name_por": "EST. ILHA VERDE/ TERMINAL", "routes": "27,8,8A", "lat": 22.210027, "lng": 113.536102}}, {"type": "Feature", "geometry": {"type": "Point", "coordinates": [113.53768, 22.213357]}, "properties": {"pole_id": "150", "sta_code": "M211", "name": "青洲/鴨涌河", "name_en": "EST. ILHA VERDE/ CANAL DOS PATOS", "name_por": "EST. ILHA VERDE/ CANAL DOS PATOS", "routes": "23,27,28B,29,8,8A", "lat": 22.213357, "lng": 113.53768}}, {"type": "Feature", "geometry": {"type": "Point", "coordinates": [113.544023, 22.213263]}, "properties": {"pole_id": "378", "sta_code": "M5", "name": "街總社區服務大樓", "name_en": "UNIÃO G. DAS ASSOCIAÇÕES DOS MORADORES", "name_por": "UNIÃO G. DAS ASSOCIAÇÕES DOS MORADORES", "routes": "25B,9", "lat": 22.213263, "lng": 113.544023}}, {"type": "Feature", "geometry": {"type": "Point", "coordinates": [113.540019, 22.211158]}, "properties": {"pole_id": "19", "sta_code": "M25", "name": "青洲/自來水公司", "name_en": "ILHA VERDE/S.A.A.M.", "name_por": "ILHA VERDE/S.A.A.M.", "routes": "23,28B,8,H2", "lat": 22.211158, "lng": 113.540019}}, {"type": "Feature", "geometry": {"type": "Point", "coordinates": [113.546798, 22.20586]}, "properties": {"pole_id": "73", "sta_code": "M107", "name": "聖心學校", "name_en": "ESC. S. C. JESUS", "name_por": "ESC. S. C. JESUS", "routes": "17,18B,19", "lat": 22.20586, "lng": 113.546798}}, {"type": "Feature", "geometry": {"type": "Point", "coordinates": [113.54301, 22.201665]}, "properties": {"pole_id": "81", "sta_code": "M119", "name": "永樂戲院", "name_en": "CINEMA ALEGRIA", "name_por": "CINEMA ALEGRIA", "routes": "18A,26,8,8A", "lat": 22.201665, "lng": 113.54301}}, {"type": "Feature", "geometry": {"type": "Point", "coordinates": [113.548083, 22.199293]}, "properties": {"pole_id": "57", "sta_code": "M85", "name": "羅利老/得勝花園", "name_en": "ADOLFO LOUREIRO/ JARDIM             VITÓRIA", "name_por": "ADOLFO LOUREIRO/ JARDIM             VITÓRIA", "routes": "8A", "lat": 22.199293, "lng": 113.548083}}, {"type": "Feature", "geometry": {"type": "Point", "coordinates": [113.535727, 22.188533]}, "properties": {"pole_id": "116", "sta_code": "M166", "name": "西坑街", "name_en": "RUA DA PENHA", "name_por": "RUA DA PENHA", "routes": "16,9", "lat": 22.188533, "lng": 113.535727}}, {"type": "Feature", "geometry": {"type": "Point", "coordinates": [113.548502, 22.210721]}, "properties": {"pole_id": "21", "sta_code": "M27", "name": "關閘馬路/三角花園", "name_en": "ISTMO F. AMARAL / JARDIM TRIANGULAR", "name_por": "ISTMO F. AMARAL / JARDIM TRIANGULAR", "routes": "1A,28B,7,H2", "lat": 22.210721, "lng": 113.548502}}, {"type": "Feature", "geometry": {"type": "Point", "coordinates": [113.552551, 22.158836]}, "properties": {"pole_id": "232", "sta_code": "T351", "name": "布拉干薩街", "name_en": "RUA BRAGANÇA", "name_por": "RUA BRAGANÇA", "routes": "11,35,MT5", "lat": 22.158836, "lng": 113.552551}}, {"type": "Feature", "geometry": {"type": "Point", "coordinates": [113.552624, 22.159552]}, "properties": {"pole_id": "233", "sta_code": "T352", "name": "廣東大馬路/濠景", "name_en": "AV. KWONG TUNG/ NOVA TAIPA", "name_por": "AV. KWONG TUNG/ NOVA TAIPA", "routes": "30,30X,36,37,MT2,MT5", "lat": 22.159552, "lng": 113.552624}}, {"type": "Feature", "geometry": {"type": "Point", "coordinates": [113.5546, 22.161843]}, "properties": {"pole_id": "228", "sta_code": "T346", "name": "廣東大馬路/鴻發", "name_en": "AV.KWONG TUNG/ EDF. HUNG FAT", "name_por": "AV.KWONG TUNG/ EDF. HUNG FAT", "routes": "35,MT5", "lat": 22.161843, "lng": 113.5546}}, {"type": "Feature", "geometry": {"type": "Point", "coordinates": [113.556167, 22.161272]}, "properties": {"pole_id": "321", "sta_code": "T402", "name": "泉澧花園", "name_en": "CHUN LAI GARDEN", "name_por": "CHUN LAI GARDEN", "routes": "102,21A,25,25B,26A,50,72,H3,N2,N3", "lat": 22.161272, "lng": 113.556167}}, {"type": "Feature", "geometry": {"type": "Point", "coordinates": [113.559486, 22.156401]}, "properties": {"pole_id": "203", "sta_code": "T318", "name": "泉悅花園", "name_en": "FERNÃO M. PINTO/ CHUN IUT GARDEN", "name_por": "FERNÃO M. PINTO/ CHUN IUT GARDEN", "routes": "11,15,22,28A,30,33,34", "lat": 22.156401, "lng": 113.559486}}, {"type": "Feature", "geometry": {"type": "Point", "coordinates": [113.55507, 22.155553]}, "properties": {"pole_id": "210", "sta_code": "T325", "name": "華寶花園", "name_en": "EDF. JARDIM DE VA POU", "name_por": "EDF. JARDIM DE VA POU", "routes": "102,15,26,26S,30,30X,34,37,72,MT3,N2", "lat": 22.155553, "lng": 113.55507}}, {"type": "Feature", "geometry": {"type": "Point", "coordinates": [113.560108, 22.161444]}, "properties": {"pole_id": "225", "sta_code": "T341", "name": "聖公會中學", "name_en": "COLÉGIO ANGLICANO", "name_por": "COLÉGIO ANGLICANO", "routes": "11,37,39,72", "lat": 22.161444, "lng": 113.560108}}, {"type": "Feature", "geometry": {"type": "Point", "coordinates": [113.553651, 22.162763]}, "properties": {"pole_id": "339", "sta_code": "T403", "name": "史伯泰/麗景灣", "name_en": "ESPARTEIRO / REGENCY", "name_por": "ESPARTEIRO / REGENCY", "routes": "102,21A,22,25,25AX,25B,26A,28A,33,39,50,50B,H3,MT1,MT5,N3", "lat": 22.162763, "lng": 113.553651}}, {"type": "Feature", "geometry": {"type": "Point", "coordinates": [113.552685, 22.162673]}, "properties": {"pole_id": "189", "sta_code": "T300", "name": "史伯泰/盧廉若", "name_en": "ESPARTEIRO/LOU LIM IEOK", "name_por": "ESPARTEIRO/LOU LIM IEOK", "routes": "102,11,21A,22,25,25B,26A,28A,33,39,50,50B,H3,MT1,MT5,N2,N3", "lat": 22.162673, "lng": 113.552685}}, {"type": "Feature", "geometry": {"type": "Point", "coordinates": [113.555012, 22.162594]}, "properties": {"pole_id": "193", "sta_code": "T307", "name": "宋玉生博士圓形地", "name_en": "ROTUNDA DR.CARLOS A. C. P. D'ASSUMPÇÃO", "name_por": "ROTUNDA DR.CARLOS A. C. P. D'ASSUMPÇÃO", "routes": "11,35,37,39,72,N2", "lat": 22.162594, "lng": 113.555012}}, {"type": "Feature", "geometry": {"type": "Point", "coordinates": [113.555297, 22.152163]}, "properties": {"pole_id": "206", "sta_code": "T321", "name": "氹仔中葡小學", "name_en": "LARGO TAMAG. BARBOSA", "name_por": "LARGO TAMAG. BARBOSA", "routes": "11,15,22,28A,30,33,34", "lat": 22.152163, "lng": 113.555297}}, {"type": "Feature", "geometry": {"type": "Point", "coordinates": [113.543801, 22.161149]}, "properties": {"pole_id": "218", "sta_code": "T334", "name": "海洋花園/紫荊苑", "name_en": "JARDINS DO OCEANO/ BAUHINIA COURT", "name_por": "JARDINS DO OCEANO/ BAUHINIA COURT", "routes": "26,35,36,52,MT2,MT4,N5", "lat": 22.161149, "lng": 113.543801}}, {"type": "Feature", "geometry": {"type": "Point", "coordinates": [113.559922, 22.156142]}, "properties": {"pole_id": "199", "sta_code": "T313", "name": "氹仔茵景園", "name_en": "EDF. GREENVILLE", "name_por": "EDF. GREENVILLE", "routes": "15,21A,25,26S,30X,50,50B,56,MT4,N2,N3,N5,N6", "lat": 22.156142, "lng": 113.559922}}, {"type": "Feature", "geometry": {"type": "Point", "coordinates": [113.559872, 22.156406]}, "properties": {"pole_id": "200", "sta_code": "T314", "name": "信虹花園", "name_en": "JARDIM LAMEIRAS", "name_por": "JARDIM LAMEIRAS", "routes": "15,21A,25,36,50,50B,51B,56,AP1,MT4", "lat": 22.156406, "lng": 113.559872}}, {"type": "Feature", "geometry": {"type": "Point", "coordinates": [113.561384, 22.154678]}, "properties": {"pole_id": "201", "sta_code": "T315", "name": "氹仔CEM貨倉", "name_en": "NOBRE CARVALHO/ ARMAZEM CEM", "name_por": "NOBRE CARVALHO/ ARMAZEM CEM", "routes": "15,21A,25,26S,50,50B,56,MT4,N2,N3,N5,N6", "lat": 22.154678, "lng": 113.561384}}, {"type": "Feature", "geometry": {"type": "Point", "coordinates": [113.565116, 22.152101]}, "properties": {"pole_id": "298", "sta_code": "T373", "name": "偉龍/科技大學", "name_en": "WAI LONG/M.U.S.T.", "name_por": "WAI LONG/M.U.S.T.", "routes": "36,51B,AP1,N2,N5,N6", "lat": 22.152101, "lng": 113.565116}}, {"type": "Feature", "geometry": {"type": "Point", "coordinates": [113.56237, 22.150498]}, "properties": {"pole_id": "240", "sta_code": "T367", "name": "望德聖母灣馬路/連貫公路", "name_en": "EST. BAIA N. S. ESPERANÇA/ ISTMO", "name_por": "EST. BAIA N. S. ESPERANÇA/ ISTMO", "routes": "25B,25BS,26A,26AT,30X,35,51A,701X,MT1,MT3", "lat": 22.150498, "lng": 113.56237}}, {"type": "Feature", "geometry": {"type": "Point", "coordinates": [113.55988, 22.150104]}, "properties": {"pole_id": "239", "sta_code": "T366", "name": "望德聖母灣馬路/紅樹林", "name_en": "EST. BAIA N. S. ESPERANÇA/ MANGAL", "name_por": "EST. BAIA N. S. ESPERANÇA/ MANGAL", "routes": "25B,25BS,26A,26AT,35,51A,MT1,MT3", "lat": 22.150104, "lng": 113.55988}}, {"type": "Feature", "geometry": {"type": "Point", "coordinates": [113.565438, 22.150258]}, "properties": {"pole_id": "291", "sta_code": "T392", "name": "霍英東馬路/新濠天地", "name_en": "AV. DR. HENRY FOK / C.O.D.", "name_por": "AV. DR. HENRY FOK / C.O.D.", "routes": "35,50,50B,701X", "lat": 22.150258, "lng": 113.565438}}, {"type": "Feature", "geometry": {"type": "Point", "coordinates": [113.563988, 22.14935]}, "properties": {"pole_id": "301", "sta_code": "T375", "name": "連貫公路/新濠天地", "name_en": "EST. DO ISTMO/ C.O.D.", "name_por": "EST. DO ISTMO/ C.O.D.", "routes": "15,21A,25,25AX,25B,25BS,26,26A,26AT,26S,51B,56,MT4,N3", "lat": 22.14935, "lng": 113.563988}}, {"type": "Feature", "geometry": {"type": "Point", "coordinates": [113.555349, 22.125447]}, "properties": {"pole_id": "308", "sta_code": "C655", "name": "石排灣郊野公園", "name_en": "PARQUE DE SEAC PAI VAN", "name_por": "PARQUE DE SEAC PAI VAN", "routes": "21A,25,26,26A,50,N3", "lat": 22.125447, "lng": 113.555349}}, {"type": "Feature", "geometry": {"type": "Point", "coordinates": [113.55352, 22.120526]}, "properties": {"pole_id": "247", "sta_code": "C657", "name": "路環警察訓練營-1", "name_en": "EST. DO CAMPO/ PSP-1", "name_por": "EST. DO CAMPO/ PSP-1", "routes": "21A,25,26,26A,50,N3", "lat": 22.120526, "lng": 113.55352}}, {"type": "Feature", "geometry": {"type": "Point", "coordinates": [113.560403, 22.114247]}, "properties": {"pole_id": "254", "sta_code": "C665", "name": "竹灣馬路-2", "name_en": "EST. CHEOC VAN-2", "name_por": "EST. CHEOC VAN-2", "routes": "21A,26A", "lat": 22.114247, "lng": 113.560403}}, {"type": "Feature", "geometry": {"type": "Point", "coordinates": [113.563494, 22.11287]}, "properties": {"pole_id": "257", "sta_code": "C668", "name": "竹灣海灘-2", "name_en": "PRAIA CHEOC VAN - 2", "name_por": "PRAIA CHEOC VAN - 2", "routes": "21A,26A", "lat": 22.11287, "lng": 113.563494}}, {"type": "Feature", "geometry": {"type": "Point", "coordinates": [113.563561, 22.112964]}, "properties": {"pole_id": "256", "sta_code": "C667", "name": "竹灣海灘-1", "name_en": "PRAIA CHEOC VAN - 1", "name_por": "PRAIA CHEOC VAN - 1", "routes": "21A,26A", "lat": 22.112964, "lng": 113.563561}}, {"type": "Feature", "geometry": {"type": "Point", "coordinates": [113.566607, 22.117575]}, "properties": {"pole_id": "410", "sta_code": "C694", "name": "黑沙村-2", "name_en": "POVOAÇÃO DE HAC SÁ-2", "name_por": "POVOAÇÃO DE HAC SÁ-2", "routes": "21A", "lat": 22.117575, "lng": 113.566607}}, {"type": "Feature", "geometry": {"type": "Point", "coordinates": [113.566311, 22.118049]}, "properties": {"pole_id": "409", "sta_code": "C693", "name": "黑沙村-1", "name_en": "POVOAÇÃO DE HAC SÁ-1", "name_por": "POVOAÇÃO DE HAC SÁ-1", "routes": "21A", "lat": 22.118049, "lng": 113.566311}}, {"type": "Feature", "geometry": {"type": "Point", "coordinates": [113.570783, 22.123867]}, "properties": {"pole_id": "269", "sta_code": "C681", "name": "黑沙水庫-1", "name_en": "BARRAGEM DE HAC SÁ-1", "name_por": "BARRAGEM DE HAC SÁ-1", "routes": "15T,21A", "lat": 22.123867, "lng": 113.570783}}, {"type": "Feature", "geometry": {"type": "Point", "coordinates": [113.571623, 22.12384]}, "properties": {"pole_id": "354", "sta_code": "C679", "name": "黑沙水庫-2", "name_en": "BARRAGEM DE HAC SÁ-2", "name_por": "BARRAGEM DE HAC SÁ-2", "routes": "15T,21A", "lat": 22.12384, "lng": 113.571623}}, {"type": "Feature", "geometry": {"type": "Point", "coordinates": [113.575723, 22.126609]}, "properties": {"pole_id": "259", "sta_code": "C670", "name": "鷺環海天酒店-2", "name_en": "GRAND COLOANE RESORT-2", "name_por": "GRAND COLOANE RESORT-2", "routes": "21A", "lat": 22.126609, "lng": 113.575723}}, {"type": "Feature", "geometry": {"type": "Point", "coordinates": [113.576124, 22.127032]}, "properties": {"pole_id": "260", "sta_code": "C671", "name": "鷺環海天酒店-1", "name_en": "GRAND COLOANE RESORT-1", "name_por": "GRAND COLOANE RESORT-1", "routes": "21A", "lat": 22.127032, "lng": 113.576124}}, {"type": "Feature", "geometry": {"type": "Point", "coordinates": [113.581525, 22.132075]}, "properties": {"pole_id": "261", "sta_code": "C672", "name": "九澳村", "name_en": "POVOAÇÃO DE KÁ-HÓ", "name_por": "POVOAÇÃO DE KÁ-HÓ", "routes": "15", "lat": 22.132075, "lng": 113.581525}}, {"type": "Feature", "geometry": {"type": "Point", "coordinates": [113.546249, 22.124194]}, "properties": {"pole_id": "403", "sta_code": "T559", "name": "大學南", "name_en": "SUL DA UNIVERSIDADE", "name_por": "SUL DA UNIVERSIDADE", "routes": "71,71S,72,73,N6", "lat": 22.124194, "lng": 113.546249}}, {"type": "Feature", "geometry": {"type": "Point", "coordinates": [113.546283, 22.124786]}, "properties": {"pole_id": "402", "sta_code": "T551", "name": "澳大/研究生宿舍", "name_en": "UM / RESIDÊNCIA DE E. DE PÓS-GRADUAÇÃO", "name_por": "UM / RESIDÊNCIA DE E. DE PÓS-GRADUAÇÃO", "routes": "71,71S,73", "lat": 22.124786, "lng": 113.546283}}, {"type": "Feature", "geometry": {"type": "Point", "coordinates": [113.546539, 22.12806]}, "properties": {"pole_id": "405", "sta_code": "T552", "name": "澳大/中央教學樓", "name_en": "UM / SALA DE AULAS:EDIFÍCIO CENTRAL", "name_por": "UM / SALA DE AULAS:EDIFÍCIO CENTRAL", "routes": "71,71S,72,73,N6", "lat": 22.12806, "lng": 113.546539}}, {"type": "Feature", "geometry": {"type": "Point", "coordinates": [113.546818, 22.13039]}, "properties": {"pole_id": "415", "sta_code": "T558", "name": "大學大馬路", "name_en": "AVENIDA DA UNIVERSIDADE", "name_por": "AVENIDA DA UNIVERSIDADE", "routes": "71,71S,72,73,N6", "lat": 22.13039, "lng": 113.546818}}, {"type": "Feature", "geometry": {"type": "Point", "coordinates": [113.54654, 22.130384]}, "properties": {"pole_id": "404", "sta_code": "T553", "name": "澳大/大學展館", "name_en": "UM / GALERIA DA UNIVERSIDADE", "name_por": "UM / GALERIA DA UNIVERSIDADE", "routes": "71,71S,72,73,N6", "lat": 22.130384, "lng": 113.54654}}, {"type": "Feature", "geometry": {"type": "Point", "coordinates": [113.546434, 22.13407]}, "properties": {"pole_id": "413", "sta_code": "T554", "name": "澳大/大學會堂", "name_en": "UM / AULA MAGNA DA UNIVERSIDADE", "name_por": "UM / AULA MAGNA DA UNIVERSIDADE", "routes": "71,71S,72,73,N6", "lat": 22.13407, "lng": 113.546434}}, {"type": "Feature", "geometry": {"type": "Point", "coordinates": [113.546535, 22.134064]}, "properties": {"pole_id": "414", "sta_code": "T557", "name": "大學北", "name_en": "NORTE DA UNIVERSIDADE", "name_por": "NORTE DA UNIVERSIDADE", "routes": "71,71S,72,73,N6", "lat": 22.134064, "lng": 113.546535}}, {"type": "Feature", "geometry": {"type": "Point", "coordinates": [113.543553, 22.134117]}, "properties": {"pole_id": "417", "sta_code": "T556", "name": "澳大/行政樓", "name_en": "UM / EDIFÍCIO ADMINISTRATIVO", "name_por": "UM / EDIFÍCIO ADMINISTRATIVO", "routes": "71,71S,72,73,N6", "lat": 22.134117, "lng": 113.543553}}, {"type": "Feature", "geometry": {"type": "Point", "coordinates": [113.552392, 22.141091]}, "properties": {"pole_id": "401", "sta_code": "T425", "name": "海濱圓形地/西堤馬路", "name_en": "ROTUNDA MARGINAL/ EST. DO DIQUE OESTE", "name_por": "ROTUNDA MARGINAL/ EST. DO DIQUE OESTE", "routes": "102,52,55,71,71S,72,73,H3", "lat": 22.141091, "lng": 113.552392}}, {"type": "Feature", "geometry": {"type": "Point", "coordinates": [113.558106, 22.148812]}, "properties": {"pole_id": "322", "sta_code": "T394", "name": "新城大馬路/威尼斯人", "name_en": "AV. CIDADE NOVA/ VENETIAN", "name_por": "AV. CIDADE NOVA/ VENETIAN", "routes": "51A,701X,71S,72", "lat": 22.148812, "lng": 113.558106}}, {"type": "Feature", "geometry": {"type": "Point", "coordinates": [113.557911, 22.148829]}, "properties": {"pole_id": "323", "sta_code": "T395", "name": "新城大馬路/銀河", "name_en": "AV. CIDADE NOVA/ GALAXY", "name_por": "AV. CIDADE NOVA/ GALAXY", "routes": "51A,72", "lat": 22.148829, "lng": 113.557911}}, {"type": "Feature", "geometry": {"type": "Point", "coordinates": [113.568524, 22.139883]}, "properties": {"pole_id": "294", "sta_code": "T389", "name": "澳門東亞運動會體育館", "name_en": "N. D. DOS J. DA ÁSIA ORIENTAL DE MACAU", "name_por": "N. D. DOS J. DA ÁSIA ORIENTAL DE MACAU", "routes": "50", "lat": 22.139883, "lng": 113.568524}}, {"type": "Feature", "geometry": {"type": "Point", "coordinates": [113.564475, 22.139064]}, "properties": {"pole_id": "293", "sta_code": "T386", "name": "蓮花路/蓮花圓形地-2", "name_en": "EST. F. DE LÓTUS/ROTUNDA F. DE LÓTUS-2", "name_por": "EST. F. DE LÓTUS/ROTUNDA F. DE LÓTUS-2", "routes": "59", "lat": 22.139064, "lng": 113.564475}}, {"type": "Feature", "geometry": {"type": "Point", "coordinates": [113.575365, 22.151275]}, "properties": {"pole_id": "346", "sta_code": "T404", "name": "駕駛學習暨考試中心", "name_en": "CENTRO DE APRENDIZAGEM E EXAMES DE CONDUÇÃO", "name_por": "CENTRO DE APRENDIZAGEM E EXAMES DE CONDUÇÃO", "routes": "35,50B", "lat": 22.151275, "lng": 113.575365}}, {"type": "Feature", "geometry": {"type": "Point", "coordinates": [113.56786, 22.154969]}, "properties": {"pole_id": "356", "sta_code": "T406", "name": "機場圓形地/偉龍", "name_en": "ROTUNDA DO AEROPORTO / WAI LONG", "name_por": "ROTUNDA DO AEROPORTO / WAI LONG", "routes": "26,37,51A,MT1,N2,N5", "lat": 22.154969, "lng": 113.56786}}, {"type": "Feature", "geometry": {"type": "Point", "coordinates": [113.573803, 22.157717]}, "properties": {"pole_id": "236", "sta_code": "T356", "name": "澳門機場", "name_en": "AEROPORTO  DE  MACAU", "name_por": "AEROPORTO  DE  MACAU", "routes": "26,51A,51B", "lat": 22.157717, "lng": 113.573803}}, {"type": "Feature", "geometry": {"type": "Point", "coordinates": [113.573836, 22.161612]}, "properties": {"pole_id": "227", "sta_code": "T344", "name": "機場倉庫", "name_en": "OFICINAS DO AEROPORTO", "name_por": "OFICINAS DO AEROPORTO", "routes": "26,36,51A,51B,AP1,MT1,N2", "lat": 22.161612, "lng": 113.573836}}, {"type": "Feature", "geometry": {"type": "Point", "coordinates": [113.558925, 22.165652]}, "properties": {"pole_id": "397", "sta_code": "T428", "name": "聚龍明珠/榮苑", "name_en": "TJOI LONG SEA VIEW/BLOCO 1", "name_por": "TJOI LONG SEA VIEW/BLOCO 1", "routes": "39,72", "lat": 22.165652, "lng": 113.558925}}, {"type": "Feature", "geometry": {"type": "Point", "coordinates": [113.548414, 22.159491]}, "properties": {"pole_id": "287", "sta_code": "T302", "name": "盧廉若/葡京花園", "name_en": "LOU LIM IEOK/ JARDINS DE LISBOA", "name_por": "LOU LIM IEOK/ JARDINS DE LISBOA", "routes": "35", "lat": 22.159491, "lng": 113.548414}}, {"type": "Feature", "geometry": {"type": "Point", "coordinates": [113.551322, 22.161663]}, "properties": {"pole_id": "286", "sta_code": "T301", "name": "盧廉若/菩提園", "name_en": "LOU LIM IEOK/ TEMPLO DE POU TAI UN", "name_por": "LOU LIM IEOK/ TEMPLO DE POU TAI UN", "routes": "35", "lat": 22.161663, "lng": 113.551322}}, {"type": "Feature", "geometry": {"type": "Point", "coordinates": [113.554451, 22.158366]}, "properties": {"pole_id": "371", "sta_code": "T412", "name": "氹仔中央公園/成都街", "name_en": "PARQUE CENTRAL DA TAIPA/R. SENG TOU", "name_por": "PARQUE CENTRAL DA TAIPA/R. SENG TOU", "routes": "30X,36,MT2", "lat": 22.158366, "lng": 113.554451}}, {"type": "Feature", "geometry": {"type": "Point", "coordinates": [113.555479, 22.158912]}, "properties": {"pole_id": "370", "sta_code": "T413", "name": "氹仔中央公園/哥英布拉街", "name_en": "PARQUE CENTRAL DA TAIPA/RUA DE COIMBRA", "name_por": "PARQUE CENTRAL DA TAIPA/RUA DE COIMBRA", "routes": "11,30,36,39", "lat": 22.158912, "lng": 113.555479}}, {"type": "Feature", "geometry": {"type": "Point", "coordinates": [113.561121, 22.129439]}, "properties": {"pole_id": "384", "sta_code": "C692", "name": "樂居大馬路/樂群樓", "name_en": "AV. DE LOK KOI / EDF. LOK KUAN", "name_por": "AV. DE LOK KOI / EDF. LOK KUAN", "routes": "21A,25,26,26A,50,59,N3", "lat": 22.129439, "lng": 113.561121}}, {"type": "Feature", "geometry": {"type": "Point", "coordinates": [113.561, 22.129396]}, "properties": {"pole_id": "385", "sta_code": "C691", "name": "樂居大馬路/居雅大廈", "name_en": "AV. DE LOK KOI / EDF. KOI NGA", "name_por": "AV. DE LOK KOI / EDF. KOI NGA", "routes": "21A,25,26,26A,50,59,N3", "lat": 22.129396, "lng": 113.561}}, {"type": "Feature", "geometry": {"type": "Point", "coordinates": [113.558754, 22.128279]}, "properties": {"pole_id": "382", "sta_code": "C652", "name": "安順大廈", "name_en": "EDIFÍCIO ON SON", "name_por": "EDIFÍCIO ON SON", "routes": "21A,25,26,26A,50,59,N3", "lat": 22.128279, "lng": 113.558754}}, {"type": "Feature", "geometry": {"type": "Point", "coordinates": [113.55664, 22.160634]}, "properties": {"pole_id": "548", "sta_code": "T308", "name": "氹仔電訊", "name_en": "AV. SUN YAT SEN / CTM", "name_por": "AV. SUN YAT SEN / CTM", "routes": "22,25,25AX,25B,28A,50,50B,MT1", "lat": 22.160634, "lng": 113.55664}}, {"type": "Feature", "geometry": {"type": "Point", "coordinates": [113.54482, 22.207963]}, "properties": {"pole_id": "551", "sta_code": "M274", "name": "筷子基衛生中心", "name_en": "CENTRO DE SAÚDE FAI CHI KEI", "name_por": "CENTRO DE SAÚDE FAI CHI KEI", "routes": "16,16S,65,7", "lat": 22.207963, "lng": 113.54482}}, {"type": "Feature", "geometry": {"type": "Point", "coordinates": [113.541806, 22.191497]}, "properties": {"pole_id": "552", "sta_code": "M170", "name": "殷皇子馬路", "name_en": "AV.INFANTE D. HENRIQUE", "name_por": "AV.INFANTE D. HENRIQUE", "routes": "10,101,10B,3,3A,3X,N1B,N3", "lat": 22.191497, "lng": 113.541806}}, {"type": "Feature", "geometry": {"type": "Point", "coordinates": [113.545774, 22.194433]}, "properties": {"pole_id": "553", "sta_code": "M145", "name": "愕斜巷/山頂醫院", "name_en": "CALÇADA  DA  SURPRESA / HOSPITAL  S.  JANUÁRIO", "name_por": "CALÇADA  DA  SURPRESA / HOSPITAL  S.  JANUÁRIO", "routes": "28C", "lat": 22.194433, "lng": 113.545774}}, {"type": "Feature", "geometry": {"type": "Point", "coordinates": [113.533391, 22.190527]}, "properties": {"pole_id": "555", "sta_code": "M183", "name": "河邊新街/凱泉灣", "name_en": "ALM. SÉRGIO / RIVIERA  MACAU", "name_por": "ALM. SÉRGIO / RIVIERA  MACAU", "routes": "10,18,18B,2,26,5,60,N3", "lat": 22.190527, "lng": 113.533391}}, {"type": "Feature", "geometry": {"type": "Point", "coordinates": [113.533043, 22.189996]}, "properties": {"pole_id": "557", "sta_code": "M186", "name": "河邊新街/貨倉巷", "name_en": "ALM. SÉRGIO / TRV. DOS ARMAZÉNS", "name_por": "ALM. SÉRGIO / TRV. DOS ARMAZÉNS", "routes": "11,21A,55", "lat": 22.189996, "lng": 113.533043}}, {"type": "Feature", "geometry": {"type": "Point", "coordinates": [113.53944, 22.204525]}, "properties": {"pole_id": "558", "sta_code": "M128", "name": "林茂/澳門遊艇會", "name_en": "LAM MAU / CLUBE NÁUTICO DE MACAU", "name_por": "LAM MAU / CLUBE NÁUTICO DE MACAU", "routes": "101,3X,4,MT4", "lat": 22.204525, "lng": 113.53944}}, {"type": "Feature", "geometry": {"type": "Point", "coordinates": [113.543202, 22.204439]}, "properties": {"pole_id": "561", "sta_code": "M111", "name": "昌明花園", "name_en": "JARDIM CHEONG MENG", "name_por": "JARDIM CHEONG MENG", "routes": "1,16,16S,3,3X,6A,N1B", "lat": 22.204439, "lng": 113.543202}}, {"type": "Feature", "geometry": {"type": "Point", "coordinates": [113.53864, 22.202631]}, "properties": {"pole_id": "562", "sta_code": "M112", "name": "沙梨頭/華寶工業大廈", "name_en": "RIBEIRA DO PATANE / EDF. INDUSTRIAL WA POU", "name_por": "RIBEIRA DO PATANE / EDF. INDUSTRIAL WA POU", "routes": "1,16,16S,26,26A,3,33,3X,6A,N1B", "lat": 22.202631, "lng": 113.53864}}, {"type": "Feature", "geometry": {"type": "Point", "coordinates": [113.541646, 22.162154]}, "properties": {"pole_id": "563", "sta_code": "T430", "name": "海洋花園/玫瑰苑", "name_en": "JARDINS DO OCEANO /  ROSE COURT", "name_por": "JARDINS DO OCEANO /  ROSE COURT", "routes": "26,52,52S,73,MT4,N2,N3", "lat": 22.162154, "lng": 113.541646}}, {"type": "Feature", "geometry": {"type": "Point", "coordinates": [113.558133, 22.131828]}, "properties": {"pole_id": "565", "sta_code": "C682", "name": "和諧圓形地", "name_en": "ROTUNDA DA HARMONIA", "name_por": "ROTUNDA DA HARMONIA", "routes": "55", "lat": 22.131828, "lng": 113.558133}}, {"type": "Feature", "geometry": {"type": "Point", "coordinates": [113.558092, 22.13171]}, "properties": {"pole_id": "566", "sta_code": "C683", "name": "重型車輛駕考中心", "name_en": "CENTRO DE EXM. DE CONDUÇÃO DOS AUTO. PESADOS", "name_por": "CENTRO DE EXM. DE CONDUÇÃO DOS AUTO. PESADOS", "routes": "55", "lat": 22.13171, "lng": 113.558092}}, {"type": "Feature", "geometry": {"type": "Point", "coordinates": [113.539807, 22.204521]}, "properties": {"pole_id": "568", "sta_code": "M126", "name": "林茂/信譽灣畔", "name_en": "LAM MAU / LA MAGNÍFÍCENCE", "name_por": "LAM MAU / LA MAGNÍFÍCENCE", "routes": "101,71S,MT4", "lat": 22.204521, "lng": 113.539807}}, {"type": "Feature", "geometry": {"type": "Point", "coordinates": [113.533279, 22.190266]}, "properties": {"pole_id": "132", "sta_code": "M184", "name": "河邊新街/街市", "name_en": "ALM. SÉRGIO/ MERCADO", "name_por": "ALM. SÉRGIO/ MERCADO", "routes": "1,10,11,16S,2,21A,26,5,55,60,61,65,6B,71S,MT4,N3", "lat": 22.190266, "lng": 113.533279}}, {"type": "Feature", "geometry": {"type": "Point", "coordinates": [113.545907, 22.203967]}, "properties": {"pole_id": "571", "sta_code": "M98", "name": "高士德/連勝", "name_en": "HORTA COSTA/ COELHO DO AMARAL", "name_por": "HORTA COSTA/ COELHO DO AMARAL", "routes": "28C,32,5,65,6A,9,9A,N2", "lat": 22.203967, "lng": 113.545907}}, {"type": "Feature", "geometry": {"type": "Point", "coordinates": [113.54224, 22.159625]}, "properties": {"pole_id": "572", "sta_code": "T338", "name": "海洋花園衛生中心", "name_en": "CENTRO DE SAÚDE DOS JARDINS DO OCEANO", "name_por": "CENTRO DE SAÚDE DOS JARDINS DO OCEANO", "routes": "11,15,26,26S,34,36,MT2,MT4,N5", "lat": 22.159625, "lng": 113.54224}}, {"type": "Feature", "geometry": {"type": "Point", "coordinates": [113.569509, 22.162271]}, "properties": {"pole_id": "207", "sta_code": "T322", "name": "信安馬路", "name_en": "AV. SON ON", "name_por": "AV. SON ON", "routes": "26,37", "lat": 22.162271, "lng": 113.569509}}, {"type": "Feature", "geometry": {"type": "Point", "coordinates": [113.538256, 22.194842]}, "properties": {"pole_id": "579", "sta_code": "M135", "name": "新馬路/大豐", "name_en": "ALMEIDA RIBEIRO / TAI FUNG", "name_por": "ALMEIDA RIBEIRO / TAI FUNG", "routes": "10,18,2,3,3A,3X,5,6A", "lat": 22.194842, "lng": 113.538256}}, {"type": "Feature", "geometry": {"type": "Point", "coordinates": [113.54394, 22.194416]}, "properties": {"pole_id": "580", "sta_code": "M146", "name": "水坑尾/方圓廣場", "name_en": "R. CAMPO / VICKY PLAZA", "name_por": "R. CAMPO / VICKY PLAZA", "routes": "18A,19,2,4", "lat": 22.194416, "lng": 113.54394}}, {"type": "Feature", "geometry": {"type": "Point", "coordinates": [113.563074, 22.129858]}, "properties": {"pole_id": "590", "sta_code": "C688", "name": "和諧廣場/業興大廈", "name_en": "AL. DA HARMONIA / EDF. IP HENG", "name_por": "AL. DA HARMONIA / EDF. IP HENG", "routes": "15,15T,21A,25,26,26A,26AT,26S,50,52,59,N3", "lat": 22.129858, "lng": 113.563074}}, {"type": "Feature", "geometry": {"type": "Point", "coordinates": [113.562804, 22.129648]}, "properties": {"pole_id": "592", "sta_code": "C689", "name": "和諧廣場/樂群樓", "name_en": "AL. DA HARMONIA / EDF. LOK KUAN", "name_por": "AL. DA HARMONIA / EDF. LOK KUAN", "routes": "15,15T,21A,25,26,26A,26AT,50,N3", "lat": 22.129648, "lng": 113.562804}}, {"type": "Feature", "geometry": {"type": "Point", "coordinates": [113.541604, 22.2057]}, "properties": {"pole_id": "594", "sta_code": "M93", "name": "海擎天總站", "name_en": "THE PRAIA / TERMINAL", "name_por": "THE PRAIA / TERMINAL", "routes": "51A", "lat": 22.2057, "lng": 113.541604}}, {"type": "Feature", "geometry": {"type": "Point", "coordinates": [113.560894, 22.163806]}, "properties": {"pole_id": "596", "sta_code": "T432", "name": "日昇樓", "name_en": "EDIFÍCIO IAT SENG", "name_por": "EDIFÍCIO IAT SENG", "routes": "39,72", "lat": 22.163806, "lng": 113.560894}}, {"type": "Feature", "geometry": {"type": "Point", "coordinates": [113.555486, 22.158059]}, "properties": {"pole_id": "597", "sta_code": "T369", "name": "基馬拉斯/氹仔中央公園", "name_en": "GUIMARÃES / PARQUE CENTRAL DA TAIPA", "name_por": "GUIMARÃES / PARQUE CENTRAL DA TAIPA", "routes": "37,H3,MT4,MT5,N5,N6", "lat": 22.158059, "lng": 113.555486}}, {"type": "Feature", "geometry": {"type": "Point", "coordinates": [113.555574, 22.158028]}, "properties": {"pole_id": "598", "sta_code": "T370", "name": "基馬拉斯/濠珀", "name_en": "GUIMARÃES / NOVA PARK", "name_por": "GUIMARÃES / NOVA PARK", "routes": "H3,MT4,MT5,N2,N5,N6", "lat": 22.158028, "lng": 113.555574}}, {"type": "Feature", "geometry": {"type": "Point", "coordinates": [113.558524, 22.158788]}, "properties": {"pole_id": "599", "sta_code": "T310", "name": "泉裕豪庭", "name_en": "CHUN U VILLA", "name_por": "CHUN U VILLA", "routes": "11,22,25B,28A,33,MT1", "lat": 22.158788, "lng": 113.558524}}, {"type": "Feature", "geometry": {"type": "Point", "coordinates": [113.559239, 22.157892]}, "properties": {"pole_id": "601", "sta_code": "T311", "name": "百利寶花園", "name_en": "TREASURE GARDEN", "name_por": "TREASURE GARDEN", "routes": "22,25,25AX,25B,28A,50,50B,MT1,MT4,MT5", "lat": 22.157892, "lng": 113.559239}}, {"type": "Feature", "geometry": {"type": "Point", "coordinates": [113.569689, 22.15022]}, "properties": {"pole_id": "603", "sta_code": "T407", "name": "霍英東馬路/永利皇宮", "name_en": "AV.DR.HENRY FOK / WYNN PALACE", "name_por": "AV.DR.HENRY FOK / WYNN PALACE", "routes": "35,50B,N5", "lat": 22.15022, "lng": 113.569689}}, {"type": "Feature", "geometry": {"type": "Point", "coordinates": [113.549639, 22.212111]}, "properties": {"pole_id": "605", "sta_code": "M281", "name": "祐漢第一街", "name_en": "RUA 1 IAO HON", "name_por": "RUA 1 IAO HON", "routes": "10,27,29", "lat": 22.212111, "lng": 113.549639}}, {"type": "Feature", "geometry": {"type": "Point", "coordinates": [113.552598, 22.210514]}, "properties": {"pole_id": "607", "sta_code": "M246", "name": "永華街", "name_en": "RUA GRACIOSA", "name_por": "RUA GRACIOSA", "routes": "10B,18,18B,30,7", "lat": 22.210514, "lng": 113.552598}}, {"type": "Feature", "geometry": {"type": "Point", "coordinates": [113.562062, 22.142495]}, "properties": {"pole_id": "608", "sta_code": "T378", "name": "路氹城馬路/新濠影匯", "name_en": "AV. DE COTAI / STUDIO CITY", "name_por": "AV. DE COTAI / STUDIO CITY", "routes": "51A,N6", "lat": 22.142495, "lng": 113.562062}}, {"type": "Feature", "geometry": {"type": "Point", "coordinates": [113.562106, 22.142659]}, "properties": {"pole_id": "609", "sta_code": "T377", "name": "路氹城馬路/巴黎人", "name_en": "AV. DE COTAI / PARISIAN", "name_por": "AV. DE COTAI / PARISIAN", "routes": "51A,701X,N6", "lat": 22.142659, "lng": 113.562106}}, {"type": "Feature", "geometry": {"type": "Point", "coordinates": [113.554218, 22.209624]}, "properties": {"pole_id": "619", "sta_code": "M232", "name": "勞動節街/裕華", "name_en": "RUA 1 DE MAIO / EDF. U WA", "name_por": "RUA 1 DE MAIO / EDF. U WA", "routes": "27,7", "lat": 22.209624, "lng": 113.554218}}, {"type": "Feature", "geometry": {"type": "Point", "coordinates": [113.550774, 22.21065]}, "properties": {"pole_id": "620", "sta_code": "M227", "name": "長壽大馬路/勝意樓", "name_en": "AV. DA LONGEVIDADE / EDF. SENG YEE", "name_por": "AV. DA LONGEVIDADE / EDF. SENG YEE", "routes": "103,12,19,2,28C,6A,7", "lat": 22.21065, "lng": 113.550774}}, {"type": "Feature", "geometry": {"type": "Point", "coordinates": [113.554484, 22.206135]}, "properties": {"pole_id": "621", "sta_code": "M55", "name": "東北大馬路/南澳", "name_en": "AV. NORDESTE  / NAM OU", "name_por": "AV. NORDESTE  / NAM OU", "routes": "102,10B,17,17S,17S1,18,18B", "lat": 22.206135, "lng": 113.554484}}, {"type": "Feature", "geometry": {"type": "Point", "coordinates": [113.557408, 22.15443]}, "properties": {"pole_id": "623", "sta_code": "T440", "name": "松樹尾總站", "name_en": "CHUN SU MEI / TERMINAL", "name_por": "CHUN SU MEI / TERMINAL", "routes": "37", "lat": 22.15443, "lng": 113.557408}}, {"type": "Feature", "geometry": {"type": "Point", "coordinates": [113.553359, 22.156652]}, "properties": {"pole_id": "624", "sta_code": "T331", "name": "美景花園", "name_en": "EDF. MEI KENG GARDEN", "name_por": "EDF. MEI KENG GARDEN", "routes": "11,MT2", "lat": 22.156652, "lng": 113.553359}}, {"type": "Feature", "geometry": {"type": "Point", "coordinates": [113.551723, 22.118127]}, "properties": {"pole_id": "630", "sta_code": "C686", "name": "路環市區/衛生站", "name_en": "VILA DE COLOANE / RUA DA CORDOARIA", "name_por": "VILA DE COLOANE / RUA DA CORDOARIA", "routes": "25,26,26A,50,N3", "lat": 22.118127, "lng": 113.551723}}, {"type": "Feature", "geometry": {"type": "Point", "coordinates": [113.575882, 22.163414]}, "properties": {"pole_id": "633", "sta_code": "T345", "name": "氹仔客運碼頭", "name_en": "TAIPA FERRY TERMINAL", "name_por": "TERMINAL MARÍTIMO DE PASSAGEIROS DA TAIPA", "routes": "26,51A", "lat": 22.163414, "lng": 113.575882}}, {"type": "Feature", "geometry": {"type": "Point", "coordinates": [113.575853, 22.163213]}, "properties": {"pole_id": "634", "sta_code": "T345", "name": "氹仔客運碼頭", "name_en": "TAIPA FERRY TERMINAL", "name_por": "TERMINAL MARÍTIMO DE PASSAGEIROS DA TAIPA", "routes": "103,AP1", "lat": 22.163213, "lng": 113.575853}}, {"type": "Feature", "geometry": {"type": "Point", "coordinates": [113.576321, 22.163088]}, "properties": {"pole_id": "637", "sta_code": "T345", "name": "氹仔客運碼頭", "name_en": "TAIPA FERRY TERMINAL", "name_por": "TERMINAL MARÍTIMO DE PASSAGEIROS DA TAIPA", "routes": "26,51A", "lat": 22.163088, "lng": 113.576321}}, {"type": "Feature", "geometry": {"type": "Point", "coordinates": [113.576251, 22.1628]}, "properties": {"pole_id": "638", "sta_code": "T345", "name": "氹仔客運碼頭", "name_en": "TAIPA FERRY TERMINAL", "name_por": "TERMINAL MARÍTIMO DE PASSAGEIROS DA TAIPA", "routes": "MT1,N2", "lat": 22.1628, "lng": 113.576251}}, {"type": "Feature", "geometry": {"type": "Point", "coordinates": [113.568493, 22.117036]}, "properties": {"pole_id": "643", "sta_code": "C687", "name": "海蘭花園/黑沙", "name_en": "HELLENE GARDEN / HAC SA", "name_por": "HELLENE GARDEN / HAC SÁ", "routes": "15T,21A,26A", "lat": 22.117036, "lng": 113.568493}}, {"type": "Feature", "geometry": {"type": "Point", "coordinates": [113.56956, 22.116371]}, "properties": {"pole_id": "645", "sta_code": "C680", "name": "海蘭花園/蘭苑", "name_en": "HELLENE GARDEN / ORCHIDS VILLA", "name_por": "HELLENE GARDEN / ORCHIDS VILLA", "routes": "21A,26A", "lat": 22.116371, "lng": 113.56956}}, {"type": "Feature", "geometry": {"type": "Point", "coordinates": [113.536874, 22.209591]}, "properties": {"pole_id": "646", "sta_code": "M208", "name": "青翠花園", "name_en": "EDF. CHENG CHOI", "name_por": "EDF. CHENG CHOI", "routes": "28B,29,8,8A", "lat": 22.209591, "lng": 113.536874}}, {"type": "Feature", "geometry": {"type": "Point", "coordinates": [113.55239, 22.213249]}, "properties": {"pole_id": "647", "sta_code": "M214", "name": "永寧廣場總站", "name_en": "AL. TRANQUILIDADE / TERMINAL", "name_por": "AL. TRANQUILIDADE / TERMINAL", "routes": "12,19,2,6A", "lat": 22.213249, "lng": 113.55239}}, {"type": "Feature", "geometry": {"type": "Point", "coordinates": [113.561687, 22.162308]}, "properties": {"pole_id": "651", "sta_code": "T342", "name": "高勵雅馬路", "name_en": "EST. ALM. M. CORREIA", "name_por": "EST. ALM. M. CORREIA", "routes": "26,30,30X,34,37,56,MT3", "lat": 22.162308, "lng": 113.561687}}, {"type": "Feature", "geometry": {"type": "Point", "coordinates": [113.561164, 22.162074]}, "properties": {"pole_id": "654", "sta_code": "T343", "name": "海灣花園/海城閣", "name_en": "JARDIM HOI VAN / HOI CHENG", "name_por": "JARDIM HOI VAN / HOI CHENG", "routes": "26,30,30X,34,36,51B,56,AP1,MT3", "lat": 22.162074, "lng": 113.561164}}, {"type": "Feature", "geometry": {"type": "Point", "coordinates": [113.575204, 22.129452]}, "properties": {"pole_id": "655", "sta_code": "C697", "name": "九澳高頂燒烤公園", "name_en": "KA-HO HEIGHT BARBECUE PARK", "name_por": "PARQUE DE M. DO ALTINHO DE KÁ-HÓ", "routes": "15,15T", "lat": 22.129452, "lng": 113.575204}}, {"type": "Feature", "geometry": {"type": "Point", "coordinates": [113.575335, 22.129434]}, "properties": {"pole_id": "656", "sta_code": "C698", "name": "九澳高頂馬路", "name_en": "EST. DO ALTINHO DE KÁ-HÓ", "name_por": "EST. DO ALTINHO DE KÁ-HÓ", "routes": "15,15T", "lat": 22.129434, "lng": 113.575335}}, {"type": "Feature", "geometry": {"type": "Point", "coordinates": [113.544999, 22.211455]}, "properties": {"pole_id": "658", "sta_code": "M15", "name": "台山中街", "name_en": "RUA CENTRAL DE T'OI SÁN", "name_por": "RUA CENTRAL DE T'OI SÁN", "routes": "9", "lat": 22.211455, "lng": 113.544999}}, {"type": "Feature", "geometry": {"type": "Point", "coordinates": [113.550214, 22.213809]}, "properties": {"pole_id": "660", "sta_code": "M283", "name": "馬場大馬路", "name_en": "AVENIDA DO HIPÓDROMO", "name_por": "AVENIDA DO HIPÓDROMO", "routes": "10B", "lat": 22.213809, "lng": 113.550214}}, {"type": "Feature", "geometry": {"type": "Point", "coordinates": [113.549757, 22.212887]}, "properties": {"pole_id": "661", "sta_code": "M282", "name": "永定街", "name_en": "RUA DA SERENIDADE", "name_por": "RUA DA SERENIDADE", "routes": "18,18B", "lat": 22.212887, "lng": 113.549757}}, {"type": "Feature", "geometry": {"type": "Point", "coordinates": [113.531649, 22.188094]}, "properties": {"pole_id": "662", "sta_code": "M204", "name": "河邊新街/豐順新邨", "name_en": "ALM. SÉRGIO / FONG SON SAN CHUN", "name_por": "ALM. SÉRGIO / FONG SON SAN CHUN", "routes": "18B", "lat": 22.188094, "lng": 113.531649}}, {"type": "Feature", "geometry": {"type": "Point", "coordinates": [113.556644, 22.189918]}, "properties": {"pole_id": "664", "sta_code": "M264", "name": "勵庭海景酒店", "name_en": "HARBOURVIEW　HOTEL", "name_por": "HARBOURVIEW　HOTEL", "routes": "12,17S,3A,3AX,5X,60,8,N2", "lat": 22.189918, "lng": 113.556644}}, {"type": "Feature", "geometry": {"type": "Point", "coordinates": [113.573755, 22.157692]}, "properties": {"pole_id": "669", "sta_code": "T356", "name": "澳門機場", "name_en": "AEROPORTO  DE  MACAU", "name_por": "AEROPORTO  DE  MACAU", "routes": "AP1", "lat": 22.157692, "lng": 113.573755}}, {"type": "Feature", "geometry": {"type": "Point", "coordinates": [113.57353, 22.157574]}, "properties": {"pole_id": "672", "sta_code": "T356", "name": "澳門機場", "name_en": "AEROPORTO  DE  MACAU", "name_por": "AEROPORTO  DE  MACAU", "routes": "36,MT1,MT4,N2", "lat": 22.157574, "lng": 113.57353}}, {"type": "Feature", "geometry": {"type": "Point", "coordinates": [113.550212, 22.210104]}, "properties": {"pole_id": "674", "sta_code": "M276", "name": "馬場海邊馬路", "name_en": "EST. MARGINAL DO HIPÓDROMO", "name_por": "EST. MARGINAL DO HIPÓDROMO", "routes": "18,34,N1B", "lat": 22.210104, "lng": 113.550212}}, {"type": "Feature", "geometry": {"type": "Point", "coordinates": [113.54671, 22.215426]}, "properties": {"pole_id": "681", "sta_code": "M18", "name": "牧場街總站", "name_en": "Rua dos Currais / TERMINAL", "name_por": "Rua dos Currais / TERMINAL", "routes": "18", "lat": 22.215426, "lng": 113.54671}}, {"type": "Feature", "geometry": {"type": "Point", "coordinates": [113.546771, 22.215546]}, "properties": {"pole_id": "684", "sta_code": "M18", "name": "牧場街總站", "name_en": "Rua dos Currais / TERMINAL", "name_por": "Rua dos Currais / TERMINAL", "routes": "29,34,9A", "lat": 22.215546, "lng": 113.546771}}, {"type": "Feature", "geometry": {"type": "Point", "coordinates": [113.557573, 22.197582]}, "properties": {"pole_id": "686", "sta_code": "M239", "name": "外港碼頭", "name_en": "OUTER HARBOUR FERRY TERMINAL", "name_por": "TERMINAL MARÍTIMO DE PASSAGEIROS DO PORTO EXTERIOR", "routes": "17S,1A,3A,56,AP1,N1A", "lat": 22.197582, "lng": 113.557573}}, {"type": "Feature", "geometry": {"type": "Point", "coordinates": [113.557332, 22.197561]}, "properties": {"pole_id": "687", "sta_code": "M239", "name": "外港碼頭", "name_en": "OUTER HARBOUR FERRY TERMINAL", "name_por": "TERMINAL MARÍTIMO DE PASSAGEIROS DO PORTO EXTERIOR", "routes": "10,102,10B,28B,29,32,3A,AP1", "lat": 22.197561, "lng": 113.557332}}, {"type": "Feature", "geometry": {"type": "Point", "coordinates": [113.557604, 22.19749]}, "properties": {"pole_id": "688", "sta_code": "M239", "name": "外港碼頭", "name_en": "OUTER HARBOUR FERRY TERMINAL", "name_por": "TERMINAL MARÍTIMO DE PASSAGEIROS DO PORTO EXTERIOR", "routes": "3,60", "lat": 22.19749, "lng": 113.557604}}, {"type": "Feature", "geometry": {"type": "Point", "coordinates": [113.557293, 22.197481]}, "properties": {"pole_id": "689", "sta_code": "M239", "name": "外港碼頭", "name_en": "OUTER HARBOUR FERRY TERMINAL", "name_por": "TERMINAL MARÍTIMO DE PASSAGEIROS DO PORTO EXTERIOR", "routes": "12,28A", "lat": 22.197481, "lng": 113.557293}}, {"type": "Feature", "geometry": {"type": "Point", "coordinates": [113.537562, 22.184541]}, "properties": {"pole_id": "690", "sta_code": "M176", "name": "初級法院刑事大樓", "name_en": "EDF. DOS JUÍZOS CRIMINAIS DO TRIBUNAL JUDICIAL DE BASE", "name_por": "EDF. DOS JUÍZOS CRIMINAIS DO TRIBUNAL JUDICIAL DE BASE", "routes": "18,23,32,9A,N2", "lat": 22.184541, "lng": 113.537562}}, {"type": "Feature", "geometry": {"type": "Point", "coordinates": [113.548496, 22.213448]}, "properties": {"pole_id": "694", "sta_code": "M284", "name": "華大新村", "name_en": "WA TAI SAN CHUN", "name_por": "WA TAI SAN CHUN", "routes": "5,65", "lat": 22.213448, "lng": 113.548496}}, {"type": "Feature", "geometry": {"type": "Point", "coordinates": [113.573717, 22.159022]}, "properties": {"pole_id": "695", "sta_code": "T411", "name": "金皇冠中國大酒店", "name_en": "GOLDEN CROWN CHINA HOTEL", "name_por": "HOTEL CHINA COROA D'OURO", "routes": "37", "lat": 22.159022, "lng": 113.573717}}, {"type": "Feature", "geometry": {"type": "Point", "coordinates": [113.552467, 22.155439]}, "properties": {"pole_id": "701", "sta_code": "T361", "name": "運動場/賽馬會", "name_en": "ESTÁDIO / JOCKEY CLUB", "name_por": "ESTÁDIO / JOCKEY CLUB", "routes": "102,25B,26A,30X,35,52,72,MT1,MT3,N6", "lat": 22.155439, "lng": 113.552467}}, {"type": "Feature", "geometry": {"type": "Point", "coordinates": [113.554652, 22.150747]}, "properties": {"pole_id": "708", "sta_code": "T365", "name": "排角/銀河", "name_en": "PAI KOK / GALAXY", "name_por": "PAI KOK / GALAXY", "routes": "26A,26AT,35", "lat": 22.150747, "lng": 113.554652}}, {"type": "Feature", "geometry": {"type": "Point", "coordinates": [113.555798, 22.213386]}, "properties": {"pole_id": "711", "sta_code": "M247", "name": "海上居", "name_en": "LA MARINA", "name_por": "LA MARINA", "routes": "101,27,2AS,3AS,3AX,51,51B,73,AP1,MT3", "lat": 22.213386, "lng": 113.555798}}, {"type": "Feature", "geometry": {"type": "Point", "coordinates": [113.551938, 22.202422]}, "properties": {"pole_id": "712", "sta_code": "M46", "name": "鮑思高球場", "name_en": "D. BOSCO COLLEGE SPORTS CENTRE", "name_por": "COR. MESQUITA/ D. BOSCO", "routes": "18,18B,2,2A,5X,6A", "lat": 22.202422, "lng": 113.551938}}, {"type": "Feature", "geometry": {"type": "Point", "coordinates": [113.574221, 22.201497]}, "properties": {"pole_id": "713", "sta_code": "M800", "name": "港珠澳大橋邊檢大樓", "name_en": "POSTO FRONTEIRIÇO DA PONTE HONG KONG-ZHUHAI-MACAU", "name_por": "POSTO FRONTEIRIÇO DA PONTE HONG KONG-ZHUHAI-MACAU", "routes": "101,101XS", "lat": 22.201497, "lng": 113.574221}}, {"type": "Feature", "geometry": {"type": "Point", "coordinates": [113.566682, 22.164778]}, "properties": {"pole_id": "714", "sta_code": "T316", "name": "北安大馬路/新城區", "name_en": "EST. PAC ON / NOVOS ATERROS", "name_por": "EST. PAC ON / NOVOS ATERROS", "routes": "26,36,51,51A,51B,59,AP1", "lat": 22.164778, "lng": 113.566682}}, {"type": "Feature", "geometry": {"type": "Point", "coordinates": [113.571058, 22.163399]}, "properties": {"pole_id": "715", "sta_code": "T317", "name": "北安大馬路/和睦街", "name_en": "EST. PAC ON / RUA WO MOK", "name_por": "EST. PAC ON / RUA WO MOK", "routes": "51,51A,59", "lat": 22.163399, "lng": 113.571058}}, {"type": "Feature", "geometry": {"type": "Point", "coordinates": [113.566776, 22.141718]}, "properties": {"pole_id": "716", "sta_code": "T415", "name": "路氹新城", "name_en": "NOVA CIDADE DE COTAI", "name_por": "NOVA CIDADE DE COTAI", "routes": "25B,701X", "lat": 22.141718, "lng": 113.566776}}, {"type": "Feature", "geometry": {"type": "Point", "coordinates": [113.552428, 22.159565]}, "properties": {"pole_id": "717", "sta_code": "T353", "name": "廣東大馬路/濠尚", "name_en": "AV. KWONG TUNG / NOVA GRAND", "name_por": "AV. KWONG TUNG / NOVA GRAND", "routes": "11,30,35,36,MT5", "lat": 22.159565, "lng": 113.552428}}, {"type": "Feature", "geometry": {"type": "Point", "coordinates": [113.563581, 22.140901]}, "properties": {"pole_id": "719", "sta_code": "T359", "name": "蓮花圓形地", "name_en": "ROTUNDA FLOR DE LÓTUS", "name_por": "ROTUNDA FLOR DE LÓTUS", "routes": "15,21A,25,25BS,26,26A,26AT,26S,51A,51B,701X,MT4,N3,N6", "lat": 22.140901, "lng": 113.563581}}, {"type": "Feature", "geometry": {"type": "Point", "coordinates": [113.549305, 22.215012]}, "properties": {"pole_id": "732", "sta_code": "M1", "name": "關閘總站", "name_en": "PORTAS DO CERCO/ TERMINAL", "name_por": "PORTAS DO CERCO/ TERMINAL", "routes": "10", "lat": 22.215012, "lng": 113.549305}}, {"type": "Feature", "geometry": {"type": "Point", "coordinates": [113.549193, 22.214853]}, "properties": {"pole_id": "733", "sta_code": "M1", "name": "關閘總站", "name_en": "PORTAS DO CERCO/ TERMINAL", "name_por": "PORTAS DO CERCO/ TERMINAL", "routes": "27", "lat": 22.214853, "lng": 113.549193}}, {"type": "Feature", "geometry": {"type": "Point", "coordinates": [113.549222, 22.215027]}, "properties": {"pole_id": "734", "sta_code": "M1", "name": "關閘總站", "name_en": "PORTAS DO CERCO/ TERMINAL", "name_por": "PORTAS DO CERCO/ TERMINAL", "routes": "3A", "lat": 22.215027, "lng": 113.549222}}, {"type": "Feature", "geometry": {"type": "Point", "coordinates": [113.549204, 22.21517]}, "properties": {"pole_id": "735", "sta_code": "M1", "name": "關閘總站", "name_en": "PORTAS DO CERCO/ TERMINAL", "name_por": "PORTAS DO CERCO/ TERMINAL", "routes": "1", "lat": 22.21517, "lng": 113.549204}}, {"type": "Feature", "geometry": {"type": "Point", "coordinates": [113.549008, 22.21487]}, "properties": {"pole_id": "736", "sta_code": "M1", "name": "關閘總站", "name_en": "PORTAS DO CERCO/ TERMINAL", "name_por": "PORTAS DO CERCO/ TERMINAL", "routes": "17,17T", "lat": 22.21487, "lng": 113.549008}}, {"type": "Feature", "geometry": {"type": "Point", "coordinates": [113.54911, 22.215432]}, "properties": {"pole_id": "739", "sta_code": "M1", "name": "關閘總站", "name_en": "PORTAS DO CERCO/ TERMINAL", "name_por": "PORTAS DO CERCO/ TERMINAL", "routes": "3,3X", "lat": 22.215432, "lng": 113.54911}}, {"type": "Feature", "geometry": {"type": "Point", "coordinates": [113.548881, 22.215227]}, "properties": {"pole_id": "741", "sta_code": "M1", "name": "關閘總站", "name_en": "PORTAS DO CERCO/ TERMINAL", "name_por": "PORTAS DO CERCO/ TERMINAL", "routes": "61,MT4", "lat": 22.215227, "lng": 113.548881}}, {"type": "Feature", "geometry": {"type": "Point", "coordinates": [113.548821, 22.214889]}, "properties": {"pole_id": "743", "sta_code": "M1", "name": "關閘總站", "name_en": "PORTAS DO CERCO/ TERMINAL", "name_por": "PORTAS DO CERCO/ TERMINAL", "routes": "25", "lat": 22.214889, "lng": 113.548821}}, {"type": "Feature", "geometry": {"type": "Point", "coordinates": [113.548791, 22.215206]}, "properties": {"pole_id": "745", "sta_code": "M1", "name": "關閘總站", "name_en": "PORTAS DO CERCO/ TERMINAL", "name_por": "PORTAS DO CERCO/ TERMINAL", "routes": "30,34", "lat": 22.215206, "lng": 113.548791}}, {"type": "Feature", "geometry": {"type": "Point", "coordinates": [113.548729, 22.214906]}, "properties": {"pole_id": "747", "sta_code": "M1", "name": "關閘總站", "name_en": "PORTAS DO CERCO/ TERMINAL", "name_por": "PORTAS DO CERCO/ TERMINAL", "routes": "25B", "lat": 22.214906, "lng": 113.548729}}, {"type": "Feature", "geometry": {"type": "Point", "coordinates": [113.548686, 22.215129]}, "properties": {"pole_id": "748", "sta_code": "M1", "name": "關閘總站", "name_en": "PORTAS DO CERCO/ TERMINAL", "name_por": "PORTAS DO CERCO/ TERMINAL", "routes": "51A", "lat": 22.215129, "lng": 113.548686}}, {"type": "Feature", "geometry": {"type": "Point", "coordinates": [113.548649, 22.214965]}, "properties": {"pole_id": "749", "sta_code": "M1", "name": "關閘總站", "name_en": "PORTAS DO CERCO/ TERMINAL", "name_por": "PORTAS DO CERCO/ TERMINAL", "routes": "17S,AP1", "lat": 22.214965, "lng": 113.548649}}, {"type": "Feature", "geometry": {"type": "Point", "coordinates": [113.543471, 22.208474]}, "properties": {"pole_id": "492", "sta_code": "M26", "name": "筷子基總站", "name_en": "FAI CHI KEI/TERMINAL", "name_por": "FAI CHI KEI/TERMINAL", "routes": "4", "lat": 22.208474, "lng": 113.543471}}, {"type": "Feature", "geometry": {"type": "Point", "coordinates": [113.543381, 22.208744]}, "properties": {"pole_id": "493", "sta_code": "M26", "name": "筷子基總站", "name_en": "FAI CHI KEI/TERMINAL", "name_por": "FAI CHI KEI/TERMINAL", "routes": "32", "lat": 22.208744, "lng": 113.543381}}, {"type": "Feature", "geometry": {"type": "Point", "coordinates": [113.553027, 22.203241]}, "properties": {"pole_id": "754", "sta_code": "M47", "name": "新雅馬路/母親會", "name_en": "EST. BELA VISTA/ OBRA DAS MÃES", "name_por": "EST. BELA VISTA/ OBRA DAS MÃES", "routes": "18,18A,18B,2,2A,6A,H2", "lat": 22.203241, "lng": 113.553027}}, {"type": "Feature", "geometry": {"type": "Point", "coordinates": [113.555174, 22.196574]}, "properties": {"pole_id": "761", "sta_code": "M62", "name": "回力", "name_en": "JAI ALAI", "name_por": "JAI ALAI", "routes": "28C", "lat": 22.196574, "lng": 113.555174}}, {"type": "Feature", "geometry": {"type": "Point", "coordinates": [113.552602, 22.206645]}, "properties": {"pole_id": "27", "sta_code": "M36", "name": "慕拉士巷", "name_en": "TRAV. VENC. MORAIS", "name_por": "TRAV. VENC. MORAIS", "routes": "30,34", "lat": 22.206645, "lng": 113.552602}}, {"type": "Feature", "geometry": {"type": "Point", "coordinates": [113.552698, 22.206563]}, "properties": {"pole_id": "497", "sta_code": "M36", "name": "慕拉士巷", "name_en": "TRAV. VENC. MORAIS", "name_por": "TRAV. VENC. MORAIS", "routes": "10,18A,1A,2,28B,29,6A,H2", "lat": 22.206563, "lng": 113.552698}}, {"type": "Feature", "geometry": {"type": "Point", "coordinates": [113.54528, 22.21538]}, "properties": {"pole_id": "41", "sta_code": "M63", "name": "紀念孫中山公園", "name_en": "DR. SUN YAT SEN MUNICIPAL PARK", "name_por": "PARQUE M. DR. SUN YAT SEN", "routes": "25B,30,51A,65,AP1,MT4", "lat": 22.21538, "lng": 113.54528}}, {"type": "Feature", "geometry": {"type": "Point", "coordinates": [113.548938, 22.199452]}, "properties": {"pole_id": "762", "sta_code": "M73", "name": "得勝花園", "name_en": "JARDIM DA VITÓRIA", "name_por": "JARDIM DA VITÓRIA", "routes": "12,22,25,25B,2A,9A,H2", "lat": 22.199452, "lng": 113.548938}}, {"type": "Feature", "geometry": {"type": "Point", "coordinates": [113.548359, 22.201637]}, "properties": {"pole_id": "763", "sta_code": "M84", "name": "高士德/培正", "name_en": "HORTA E COSTA/ ESC. PUI CHING", "name_por": "HORTA E COSTA/ ESC. PUI CHING", "routes": "12,22,23,32,6A,N2", "lat": 22.201637, "lng": 113.548359}}, {"type": "Feature", "geometry": {"type": "Point", "coordinates": [113.541716, 22.208899]}, "properties": {"pole_id": "764", "sta_code": "M95", "name": "沙梨頭北街/筷子基北灣", "name_en": "RUA NORTE DO PATANE/BACIA NORTE DO PATANE", "name_por": "RUA NORTE DO PATANE/BACIA NORTE DO PATANE", "routes": "26,26A,N1A,N1B,N2", "lat": 22.208899, "lng": 113.541716}}, {"type": "Feature", "geometry": {"type": "Point", "coordinates": [113.548533, 22.204591]}, "properties": {"pole_id": "69", "sta_code": "M103", "name": "聖方濟各老人院", "name_en": "ASILO S. FRANCISCO", "name_por": "ASILO S. FRANCISCO", "routes": "19,7", "lat": 22.204591, "lng": 113.548533}}, {"type": "Feature", "geometry": {"type": "Point", "coordinates": [113.542408, 22.205218]}, "properties": {"pole_id": "569", "sta_code": "M130", "name": "林茂/運順新邨", "name_en": "LAM MAU / VAN SION SON CHUN", "name_por": "LAM MAU / VAN SION SON CHUN", "routes": "4", "lat": 22.205218, "lng": 113.542408}}, {"type": "Feature", "geometry": {"type": "Point", "coordinates": [113.536585, 22.197437]}, "properties": {"pole_id": "770", "sta_code": "M132", "name": "十六浦", "name_en": "PONTE 16", "name_por": "PONTE 16", "routes": "1,18A,19,3,3X,61,6A,MT4", "lat": 22.197437, "lng": 113.536585}}, {"type": "Feature", "geometry": {"type": "Point", "coordinates": [113.538245, 22.194852]}, "properties": {"pole_id": "773", "sta_code": "M135", "name": "新馬路/大豐", "name_en": "ALMEIDA RIBEIRO / TAI FUNG", "name_por": "ALMEIDA RIBEIRO / TAI FUNG", "routes": "101,N1B,N3", "lat": 22.194852, "lng": 113.538245}}, {"type": "Feature", "geometry": {"type": "Point", "coordinates": [113.534538, 22.192311]}, "properties": {"pole_id": "775", "sta_code": "M140", "name": "河邊新街/李道巷", "name_en": "ALM. SERGIO / TRAV. LIDO", "name_por": "ALM. SERGIO / TRAV. LIDO", "routes": "10,11,18,2,21A,5,60,61,65,N3", "lat": 22.192311, "lng": 113.534538}}, {"type": "Feature", "geometry": {"type": "Point", "coordinates": [113.547703, 22.191743]}, "properties": {"pole_id": "776", "sta_code": "M158", "name": "北京街/假日酒店", "name_en": "RUA DE PEQUIM/ HOLIDAY INN", "name_por": "RUA DE PEQUIM/ HOLIDAY INN", "routes": "28A,28B,29,3,32,5X", "lat": 22.191743, "lng": 113.547703}}, {"type": "Feature", "geometry": {"type": "Point", "coordinates": [113.544996, 22.191283]}, "properties": {"pole_id": "114", "sta_code": "M164", "name": "加思欄馬路", "name_en": "S. FRANCISCO/ QUARTEL", "name_por": "S. FRANCISCO/ QUARTEL", "routes": "28C,6A,6B,H1,H2,H3", "lat": 22.191283, "lng": 113.544996}}, {"type": "Feature", "geometry": {"type": "Point", "coordinates": [113.554478, 22.208492]}, "properties": {"pole_id": "778", "sta_code": "M206", "name": "黑沙環新街/建華", "name_en": "R. NOVA AREIA PRETA/ EDF. KIN WA", "name_por": "R. NOVA AREIA PRETA/ EDF. KIN WA", "routes": "103", "lat": 22.208492, "lng": 113.554478}}, {"type": "Feature", "geometry": {"type": "Point", "coordinates": [113.533203, 22.190238]}, "properties": {"pole_id": "779", "sta_code": "M183", "name": "河邊新街/凱泉灣", "name_en": "ALM. SÉRGIO / RIVIERA  MACAU", "name_por": "ALM. SÉRGIO / RIVIERA  MACAU", "routes": "1,61,65,71S,MT4", "lat": 22.190238, "lng": 113.533203}}, {"type": "Feature", "geometry": {"type": "Point", "coordinates": [113.554136, 22.21228]}, "properties": {"pole_id": "290", "sta_code": "M231", "name": "馬場東大馬路/黑沙環衛生中心", "name_en": "AV. LESTE DO HIPÓDROMO/ CENTRO DE SAÚDE DA AREIA PRETA", "name_por": "AV. LESTE DO HIPÓDROMO/ CENTRO DE SAÚDE DA AREIA PRETA", "routes": "2AS,73,MT3", "lat": 22.21228, "lng": 113.554136}}, {"type": "Feature", "geometry": {"type": "Point", "coordinates": [113.574796, 22.201894]}, "properties": {"pole_id": "783", "sta_code": "M800", "name": "港珠澳大橋邊檢大樓", "name_en": "POSTO FRONTEIRIÇO DA PONTE HONG KONG-ZHUHAI-MACAU", "name_por": "POSTO FRONTEIRIÇO DA PONTE HONG KONG-ZHUHAI-MACAU", "routes": "103", "lat": 22.201894, "lng": 113.574796}}, {"type": "Feature", "geometry": {"type": "Point", "coordinates": [113.57455, 22.201491]}, "properties": {"pole_id": "785", "sta_code": "M800", "name": "港珠澳大橋邊檢大樓", "name_en": "POSTO FRONTEIRIÇO DA PONTE HONG KONG-ZHUHAI-MACAU", "name_por": "POSTO FRONTEIRIÇO DA PONTE HONG KONG-ZHUHAI-MACAU", "routes": "103", "lat": 22.201491, "lng": 113.57455}}, {"type": "Feature", "geometry": {"type": "Point", "coordinates": [113.574368, 22.201494]}, "properties": {"pole_id": "786", "sta_code": "M800", "name": "港珠澳大橋邊檢大樓", "name_en": "POSTO FRONTEIRIÇO DA PONTE HONG KONG-ZHUHAI-MACAU", "name_por": "POSTO FRONTEIRIÇO DA PONTE HONG KONG-ZHUHAI-MACAU", "routes": "102", "lat": 22.201494, "lng": 113.574368}}, {"type": "Feature", "geometry": {"type": "Point", "coordinates": [113.556387, 22.160898]}, "properties": {"pole_id": "790", "sta_code": "T308", "name": "氹仔電訊", "name_en": "AV. SUN YAT SEN / CTM", "name_por": "AV. SUN YAT SEN / CTM", "routes": "102,21A,26A,30,33,H3,N2,N3", "lat": 22.160898, "lng": 113.556387}}, {"type": "Feature", "geometry": {"type": "Point", "coordinates": [113.563055, 22.153191]}, "properties": {"pole_id": "791", "sta_code": "T306", "name": "氹仔嘉樂庇馬路", "name_en": "EST. GOV. NOBRE CARVALHO", "name_por": "EST. GOV. NOBRE CARVALHO", "routes": "21A,36,N2,N3,N5,N6", "lat": 22.153191, "lng": 113.563055}}, {"type": "Feature", "geometry": {"type": "Point", "coordinates": [113.558542, 22.158768]}, "properties": {"pole_id": "792", "sta_code": "T310", "name": "泉裕豪庭", "name_en": "CHUN U VILLA", "name_por": "CHUN U VILLA", "routes": "102,35,36,37,39,50B,MT5", "lat": 22.158768, "lng": 113.558542}}, {"type": "Feature", "geometry": {"type": "Point", "coordinates": [113.559068, 22.158072]}, "properties": {"pole_id": "793", "sta_code": "T311", "name": "百利寶花園", "name_en": "TREASURE GARDEN", "name_por": "TREASURE GARDEN", "routes": "102,21A,26A,33,36,N2,N3,N5,N6", "lat": 22.158072, "lng": 113.559068}}, {"type": "Feature", "geometry": {"type": "Point", "coordinates": [113.557477, 22.156293]}, "properties": {"pole_id": "796", "sta_code": "T339", "name": "花城公園", "name_en": "JARDIM CIDADE DAS FLORES", "name_por": "JARDIM CIDADE DAS FLORES", "routes": "102,15,26,26S,30,30X,34,37,72,MT3,N2", "lat": 22.156293, "lng": 113.557477}}, {"type": "Feature", "geometry": {"type": "Point", "coordinates": [113.559862, 22.156349]}, "properties": {"pole_id": "797", "sta_code": "T314", "name": "信虹花園", "name_en": "JARDIM LAMEIRAS", "name_por": "JARDIM LAMEIRAS", "routes": "N2,N3,N5,N6", "lat": 22.156349, "lng": 113.559862}}, {"type": "Feature", "geometry": {"type": "Point", "coordinates": [113.563309, 22.140721]}, "properties": {"pole_id": "238", "sta_code": "T360", "name": "連貫公路/新濠影匯", "name_en": "EST. DO ISTMO / STUDIO CITY", "name_por": "EST. DO ISTMO / STUDIO CITY", "routes": "102,15,21A,21AT,25,25B,25BS,26,26A,26AT,51A,51B,56,701X,MT4,N3,N6", "lat": 22.140721, "lng": 113.563309}}, {"type": "Feature", "geometry": {"type": "Point", "coordinates": [113.554785, 22.155679]}, "properties": {"pole_id": "800", "sta_code": "T325", "name": "華寶花園", "name_en": "EDF. JARDIM DE VA POU", "name_por": "EDF. JARDIM DE VA POU", "routes": "11,22,25B,26A,28A,33,MT1", "lat": 22.155679, "lng": 113.554785}}, {"type": "Feature", "geometry": {"type": "Point", "coordinates": [113.563498, 22.144452]}, "properties": {"pole_id": "705", "sta_code": "T376", "name": "連貫公路/巴黎人", "name_en": "EST. DO ISTMO / PARISIAN", "name_por": "EST. DO ISTMO / PARISIAN", "routes": "15,21A,21AT,26,26A,26AT,701X,N3", "lat": 22.144452, "lng": 113.563498}}, {"type": "Feature", "geometry": {"type": "Point", "coordinates": [113.563516, 22.144805]}, "properties": {"pole_id": "707", "sta_code": "T376", "name": "連貫公路/巴黎人", "name_en": "EST. DO ISTMO / PARISIAN", "name_por": "EST. DO ISTMO / PARISIAN", "routes": "25,25AX,25B,25BS,51B,56,MT4", "lat": 22.144805, "lng": 113.563516}}, {"type": "Feature", "geometry": {"type": "Point", "coordinates": [113.564789, 22.152161]}, "properties": {"pole_id": "302", "sta_code": "T374", "name": "澳門土木工程實驗室", "name_en": "L.E.C.M", "name_por": "L.E.C.M", "routes": "26,35,50B,51A,MT1,N2,N5", "lat": 22.152161, "lng": 113.564789}}, {"type": "Feature", "geometry": {"type": "Point", "coordinates": [113.552625, 22.145138]}, "properties": {"pole_id": "393", "sta_code": "T422", "name": "蓮花海濱大馬路/銀河-2", "name_en": "AV. M. FLOR DE LÓTUS/ GALAXY-2", "name_por": "AV. M. FLOR DE LÓTUS/ GALAXY-2", "routes": "102,52,55,71,73,H3,N6", "lat": 22.145138, "lng": 113.552625}}, {"type": "Feature", "geometry": {"type": "Point", "coordinates": [113.552479, 22.145588]}, "properties": {"pole_id": "394", "sta_code": "T423", "name": "蓮花海濱大馬路/百老匯", "name_en": "AV. M. FLOR DE LÓTUS / BROADWAY", "name_por": "AV. M. FLOR DE LÓTUS / BROADWAY", "routes": "102,52,55,71,71S,73,H3,N6", "lat": 22.145588, "lng": 113.552479}}, {"type": "Feature", "geometry": {"type": "Point", "coordinates": [113.541866, 22.162865]}, "properties": {"pole_id": "564", "sta_code": "T431", "name": "西灣大橋/海洋大馬路", "name_en": "PONTE DE SAI VAN / AV. DO OCEANO", "name_por": "PONTE DE SAI VAN / AV. DO OCEANO", "routes": "26,26S,52S,71,73,MT4,N2,N3", "lat": 22.162865, "lng": 113.541866}}, {"type": "Feature", "geometry": {"type": "Point", "coordinates": [113.546286, 22.124844]}, "properties": {"pole_id": "801", "sta_code": "T551", "name": "澳大/研究生宿舍", "name_en": "UM / RESIDÊNCIA DE E. DE PÓS-GRADUAÇÃO", "name_por": "UM / RESIDÊNCIA DE E. DE PÓS-GRADUAÇÃO", "routes": "72,N6", "lat": 22.124844, "lng": 113.546286}}, {"type": "Feature", "geometry": {"type": "Point", "coordinates": [113.558634, 22.128237]}, "properties": {"pole_id": "244", "sta_code": "C653", "name": "金峰南岸/金譽峰", "name_en": "ONE OASIS / MAHOGANY TOWER", "name_por": "ONE OASIS / MAHOGANY TOWER", "routes": "21A,25,26,26A,50,59,N3", "lat": 22.128237, "lng": 113.558634}}, {"type": "Feature", "geometry": {"type": "Point", "coordinates": [113.582456, 22.133549]}, "properties": {"pole_id": "262", "sta_code": "C673", "name": "九澳聖若瑟學校", "name_en": "ESCOLA DE S. JOSÉ DE KÁ-HÓ", "name_por": "ESCOLA DE S. JOSÉ DE KÁ-HÓ", "routes": "15,21A", "lat": 22.133549, "lng": 113.582456}}, {"type": "Feature", "geometry": {"type": "Point", "coordinates": [113.589375, 22.133523]}, "properties": {"pole_id": "549", "sta_code": "C674", "name": "九澳油庫", "name_en": "T. DE COMBUSTÍVEIS DO P. DE KÁ-HÓ", "name_por": "T. DE COMBUSTÍVEIS DO P. DE KÁ-HÓ", "routes": "15,21A", "lat": 22.133523, "lng": 113.589375}}, {"type": "Feature", "geometry": {"type": "Point", "coordinates": [113.546649, 22.215186]}, "properties": {"pole_id": "675", "sta_code": "M18", "name": "牧場街總站", "name_en": "Rua dos Currais / TERMINAL", "name_por": "Rua dos Currais / TERMINAL", "routes": "16,16S", "lat": 22.215186, "lng": 113.546649}}, {"type": "Feature", "geometry": {"type": "Point", "coordinates": [113.546554, 22.215352]}, "properties": {"pole_id": "677", "sta_code": "M18", "name": "牧場街總站", "name_en": "Rua dos Currais / TERMINAL", "name_por": "Rua dos Currais / TERMINAL", "routes": "65", "lat": 22.215352, "lng": 113.546554}}, {"type": "Feature", "geometry": {"type": "Point", "coordinates": [113.546677, 22.215319]}, "properties": {"pole_id": "679", "sta_code": "M18", "name": "牧場街總站", "name_en": "Rua dos Currais / TERMINAL", "name_por": "Rua dos Currais / TERMINAL", "routes": "9", "lat": 22.215319, "lng": 113.546677}}, {"type": "Feature", "geometry": {"type": "Point", "coordinates": [113.587691, 22.130802]}, "properties": {"pole_id": "584", "sta_code": "C685", "name": "聖路濟亞中心", "name_en": "CENTRO DE SANTA LUCIA", "name_por": "CENTRO DE SANTA LUCIA", "routes": "15,21A", "lat": 22.130802, "lng": 113.587691}}, {"type": "Feature", "geometry": {"type": "Point", "coordinates": [113.562379, 22.128783]}, "properties": {"pole_id": "807", "sta_code": "C690", "name": "蝴蝶谷大馬路總站", "name_en": "AV. VALE DAS BORBOLETAS / TERMINAL", "name_por": "AV. VALE DAS BORBOLETAS / TERMINAL", "routes": "25AX,51B,H3", "lat": 22.128783, "lng": 113.562379}}, {"type": "Feature", "geometry": {"type": "Point", "coordinates": [113.562513, 22.128783]}, "properties": {"pole_id": "808", "sta_code": "C690", "name": "蝴蝶谷大馬路總站", "name_en": "AV. VALE DAS BORBOLETAS / TERMINAL", "name_por": "AV. VALE DAS BORBOLETAS / TERMINAL", "routes": "26S,51", "lat": 22.128783, "lng": 113.562513}}, {"type": "Feature", "geometry": {"type": "Point", "coordinates": [113.562247, 22.128702]}, "properties": {"pole_id": "809", "sta_code": "C690", "name": "蝴蝶谷大馬路總站", "name_en": "AV. VALE DAS BORBOLETAS / TERMINAL", "name_por": "AV. VALE DAS BORBOLETAS / TERMINAL", "routes": "55", "lat": 22.128702, "lng": 113.562247}}, {"type": "Feature", "geometry": {"type": "Point", "coordinates": [113.562379, 22.128702]}, "properties": {"pole_id": "810", "sta_code": "C690", "name": "蝴蝶谷大馬路總站", "name_en": "AV. VALE DAS BORBOLETAS / TERMINAL", "name_por": "AV. VALE DAS BORBOLETAS / TERMINAL", "routes": "52", "lat": 22.128702, "lng": 113.562379}}, {"type": "Feature", "geometry": {"type": "Point", "coordinates": [113.562513, 22.128703]}, "properties": {"pole_id": "811", "sta_code": "C690", "name": "蝴蝶谷大馬路總站", "name_en": "AV. VALE DAS BORBOLETAS / TERMINAL", "name_por": "AV. VALE DAS BORBOLETAS / TERMINAL", "routes": "56,N5", "lat": 22.128703, "lng": 113.562513}}, {"type": "Feature", "geometry": {"type": "Point", "coordinates": [113.562246, 22.128783]}, "properties": {"pole_id": "812", "sta_code": "C690", "name": "蝴蝶谷大馬路總站", "name_en": "AV. VALE DAS BORBOLETAS / TERMINAL", "name_por": "AV. VALE DAS BORBOLETAS / TERMINAL", "routes": "15T,51A", "lat": 22.128783, "lng": 113.562246}}, {"type": "Feature", "geometry": {"type": "Point", "coordinates": [113.549867, 22.157005]}, "properties": {"pole_id": "693", "sta_code": "T327", "name": "賽馬會", "name_en": "JOCKEY CLUB", "name_por": "JOCKEY CLUB", "routes": "15,26,30,34,35,36,52,MT2,MT4,N5", "lat": 22.157005, "lng": 113.549867}}, {"type": "Feature", "geometry": {"type": "Point", "coordinates": [113.563071, 22.153119]}, "properties": {"pole_id": "192", "sta_code": "T306", "name": "氹仔嘉樂庇馬路", "name_en": "EST. GOV. NOBRE CARVALHO", "name_por": "EST. GOV. NOBRE CARVALHO", "routes": "15,25,50,50B,51B,56,AP1,MT4", "lat": 22.153119, "lng": 113.563071}}, {"type": "Feature", "geometry": {"type": "Point", "coordinates": [113.549398, 22.157426]}, "properties": {"pole_id": "217", "sta_code": "T332", "name": "南新花園", "name_en": "EDF. NAM SUN", "name_por": "EDF. NAM SUN", "routes": "11,22,28A,33,35,36,MT2", "lat": 22.157426, "lng": 113.549398}}, {"type": "Feature", "geometry": {"type": "Point", "coordinates": [113.549957, 22.15743]}, "properties": {"pole_id": "692", "sta_code": "T332", "name": "南新花園", "name_en": "EDF. NAM SUN", "name_por": "EDF. NAM SUN", "routes": "15,26,26S,30,30X,34,37,MT4,MT5,N5", "lat": 22.15743, "lng": 113.549957}}, {"type": "Feature", "geometry": {"type": "Point", "coordinates": [113.575735, 22.162806]}, "properties": {"pole_id": "635", "sta_code": "T345", "name": "氹仔客運碼頭", "name_en": "TAIPA FERRY TERMINAL", "name_por": "TERMINAL MARÍTIMO DE PASSAGEIROS DA TAIPA", "routes": "MT4", "lat": 22.162806, "lng": 113.575735}}, {"type": "Feature", "geometry": {"type": "Point", "coordinates": [113.576333, 22.163282]}, "properties": {"pole_id": "636", "sta_code": "T345", "name": "氹仔客運碼頭", "name_en": "TAIPA FERRY TERMINAL", "name_por": "TERMINAL MARÍTIMO DE PASSAGEIROS DA TAIPA", "routes": "36", "lat": 22.163282, "lng": 113.576333}}, {"type": "Feature", "geometry": {"type": "Point", "coordinates": [113.554097, 22.212383]}, "properties": {"pole_id": "813", "sta_code": "M214", "name": "永寧廣場總站", "name_en": "AL. TRANQUILIDADE / TERMINAL", "name_por": "AL. TRANQUILIDADE / TERMINAL", "routes": "19,6A", "lat": 22.212383, "lng": 113.554097}}, {"type": "Feature", "geometry": {"type": "Point", "coordinates": [113.536486, 22.179947]}, "properties": {"pole_id": "814", "sta_code": "M182", "name": "旅遊塔/行車隧道", "name_en": "TORRE/ TÚNEL RODOVIÁRIOS", "name_por": "TORRE/ TÚNEL RODOVIÁRIOS", "routes": "26S", "lat": 22.179947, "lng": 113.536486}}, {"type": "Feature", "geometry": {"type": "Point", "coordinates": [113.543922, 22.153925]}, "properties": {"pole_id": "817", "sta_code": "T328", "name": "東亞運馬路/羅斯福", "name_en": "AV. DOS JOGOS DA ÁSIA ORIENTAL / ROOSEVELT", "name_por": "AV. DOS JOGOS DA ÁSIA ORIENTAL / ROOSEVELT", "routes": "52,55,71,71S,73", "lat": 22.153925, "lng": 113.543922}}, {"type": "Feature", "geometry": {"type": "Point", "coordinates": [113.588671, 22.131854]}, "properties": {"pole_id": "818", "sta_code": "C658", "name": "九澳七苦聖母小堂", "name_en": "IGREJA DE NOSSA SENHORA DAS DORES(KÁ HÓ)", "name_por": "IGREJA DE NOSSA SENHORA DAS DORES(KÁ HÓ)", "routes": "15,21A", "lat": 22.131854, "lng": 113.588671}}, {"type": "Feature", "geometry": {"type": "Point", "coordinates": [113.562801, 22.129858]}, "properties": {"pole_id": "823", "sta_code": "C689", "name": "和諧廣場/樂群樓", "name_en": "AL. DA HARMONIA / EDF. LOK KUAN", "name_por": "AL. DA HARMONIA / EDF. LOK KUAN", "routes": "25AX,51,51A,51B,52,55,56,59,H3,N5", "lat": 22.129858, "lng": 113.562801}}, {"type": "Feature", "geometry": {"type": "Point", "coordinates": [113.563076, 22.129644]}, "properties": {"pole_id": "825", "sta_code": "C688", "name": "和諧廣場/業興大廈", "name_en": "AL. DA HARMONIA / EDF. IP HENG", "name_por": "AL. DA HARMONIA / EDF. IP HENG", "routes": "51,51A,51B,55,56,H3,N5", "lat": 22.129644, "lng": 113.563076}}, {"type": "Feature", "geometry": {"type": "Point", "coordinates": [113.570174, 22.153234]}, "properties": {"pole_id": "830", "sta_code": "T429", "name": "機場大馬路/科大醫院", "name_en": "AV. DO AEROPORTO / M. U. S. T.-HOSPITAL", "name_por": "AV. DO AEROPORTO / M. U. S. T.-HOSPITAL", "routes": "51", "lat": 22.153234, "lng": 113.570174}}, {"type": "Feature", "geometry": {"type": "Point", "coordinates": [113.570413, 22.153187]}, "properties": {"pole_id": "831", "sta_code": "T417", "name": "科大/機場貨運站", "name_en": "M.U.S.T. / TERMINAL DE CARGA DO AEROPORTO", "name_por": "M.U.S.T. / TERMINAL DE CARGA DO AEROPORTO", "routes": "35,50B,51,N5", "lat": 22.153187, "lng": 113.570413}}, {"type": "Feature", "geometry": {"type": "Point", "coordinates": [113.546182, 22.210386]}, "properties": {"pole_id": "836", "sta_code": "M12", "name": "北區警司處", "name_en": "COMISSARIADO DA ZONA NORTE", "name_por": "COMISSARIADO DA ZONA NORTE", "routes": "1,101,1A,26A,27,28B,33,8,H2,N1B", "lat": 22.210386, "lng": 113.546182}}, {"type": "Feature", "geometry": {"type": "Point", "coordinates": [113.537545, 22.201261]}, "properties": {"pole_id": "837", "sta_code": "M129", "name": "沙梨頭街市", "name_en": "PATANE MARKET", "name_por": "MERCADO DE PATANE", "routes": "1,101,101XS,26A,3,33,4,6A,71S,MT4,N1A", "lat": 22.201261, "lng": 113.537545}}, {"type": "Feature", "geometry": {"type": "Point", "coordinates": [113.552917, 22.194524]}, "properties": {"pole_id": "838", "sta_code": "M241", "name": "金蓮花廣場", "name_en": "LOTUS SQUARE", "name_por": "A PRAÇA FLOR DE LÓTUS", "routes": "10,10B,1A,23,28A,28B,28C,29,3,32", "lat": 22.194524, "lng": 113.552917}}, {"type": "Feature", "geometry": {"type": "Point", "coordinates": [113.546232, 22.190872]}, "properties": {"pole_id": "839", "sta_code": "M160", "name": "十月一號前地", "name_en": "PRACETA DE 1 DE OUTUBRO", "name_por": "PRACETA DE 1 DE OUTUBRO", "routes": "10,10B,22,25,25B,3,5X,8", "lat": 22.190872, "lng": 113.546232}}, {"type": "Feature", "geometry": {"type": "Point", "coordinates": [113.54621, 22.190929]}, "properties": {"pole_id": "840", "sta_code": "M160", "name": "十月一號前地", "name_en": "PRACETA DE 1 DE OUTUBRO", "name_por": "PRACETA DE 1 DE OUTUBRO", "routes": "28A,28B,28C,29,32,3AX,50,N2", "lat": 22.190929, "lng": 113.54621}}, {"type": "Feature", "geometry": {"type": "Point", "coordinates": [113.548283, 22.196018]}, "properties": {"pole_id": "841", "sta_code": "M150", "name": "得勝斜路", "name_en": "CALÇADA DA VITÓRIA", "name_por": "CALÇADA DA VITÓRIA", "routes": "28C,6A,H1", "lat": 22.196018, "lng": 113.548283}}, {"type": "Feature", "geometry": {"type": "Point", "coordinates": [113.552538, 22.155117]}, "properties": {"pole_id": "842", "sta_code": "T347", "name": "運動場/體育中心", "name_en": "ESTÁDIO / CENTRO DESPORTIVO", "name_por": "ESTÁDIO / CENTRO DESPORTIVO", "routes": "102,25B,26A,35,72,MT1,MT3,N6", "lat": 22.155117, "lng": 113.552538}}, {"type": "Feature", "geometry": {"type": "Point", "coordinates": [113.5693, 22.147254]}, "properties": {"pole_id": "845", "sta_code": "T399", "name": "路氹東/永利皇宮", "name_en": "COTAI LESTE / WYNN PALACE", "name_por": "COTAI LESTE / WYNN PALACE", "routes": "50,N5", "lat": 22.147254, "lng": 113.5693}}, {"type": "Feature", "geometry": {"type": "Point", "coordinates": [113.568823, 22.149123]}, "properties": {"pole_id": "847", "sta_code": "T400", "name": "路氹東/新濠天地", "name_en": "COTAI LESTE / C.O.D.", "name_por": "COTAI LESTE / C.O.D.", "routes": "50,701X,N5", "lat": 22.149123, "lng": 113.568823}}, {"type": "Feature", "geometry": {"type": "Point", "coordinates": [113.568873, 22.14346]}, "properties": {"pole_id": "848", "sta_code": "T387", "name": "東亞運/保齡球中心", "name_en": "JOGOS DA ÁSIA ORIENTAL / CENTRO DE BOWLING", "name_por": "JOGOS DA ÁSIA ORIENTAL / CENTRO DE BOWLING", "routes": "50", "lat": 22.14346, "lng": 113.568873}}, {"type": "Feature", "geometry": {"type": "Point", "coordinates": [113.543685, 22.21196]}, "properties": {"pole_id": "854", "sta_code": "M20", "name": "青洲坊總站", "name_en": "BAIRRO DA ILHA VERDE / TERMINAL", "name_por": "BAIRRO DA ILHA VERDE / TERMINAL", "routes": "34", "lat": 22.21196, "lng": 113.543685}}, {"type": "Feature", "geometry": {"type": "Point", "coordinates": [113.543508, 22.211895]}, "properties": {"pole_id": "855", "sta_code": "M20", "name": "青洲坊總站", "name_en": "BAIRRO DA ILHA VERDE / TERMINAL", "name_por": "BAIRRO DA ILHA VERDE / TERMINAL", "routes": "16,16S,5X", "lat": 22.211895, "lng": 113.543508}}, {"type": "Feature", "geometry": {"type": "Point", "coordinates": [113.54373, 22.211758]}, "properties": {"pole_id": "858", "sta_code": "M20", "name": "青洲坊總站", "name_en": "BAIRRO DA ILHA VERDE / TERMINAL", "name_por": "BAIRRO DA ILHA VERDE / TERMINAL", "routes": "30", "lat": 22.211758, "lng": 113.54373}}, {"type": "Feature", "geometry": {"type": "Point", "coordinates": [113.54615, 22.213594]}, "properties": {"pole_id": "859", "sta_code": "M285", "name": "台山平民大廈", "name_en": "MORADIAS ECONÓMICAS DA TAMAGNINI BARBOSA", "name_por": "MORADIAS ECONÓMICAS DA TAMAGNINI BARBOSA", "routes": "16,16S", "lat": 22.213594, "lng": 113.54615}}, {"type": "Feature", "geometry": {"type": "Point", "coordinates": [113.544884, 22.213664]}, "properties": {"pole_id": "861", "sta_code": "M4", "name": "鄭觀應公立學校", "name_en": "ESCOLA OFICIAL ZHENG GUANYING", "name_por": "ESCOLA OFICIAL ZHENG GUANYING", "routes": "29,34,AP1", "lat": 22.213664, "lng": 113.544884}}, {"type": "Feature", "geometry": {"type": "Point", "coordinates": [113.545225, 22.213646]}, "properties": {"pole_id": "862", "sta_code": "M4", "name": "鄭觀應公立學校", "name_en": "ESCOLA OFICIAL ZHENG GUANYING", "name_por": "ESCOLA OFICIAL ZHENG GUANYING", "routes": "16,16S,18,25B,65,9A", "lat": 22.213646, "lng": 113.545225}}, {"type": "Feature", "geometry": {"type": "Point", "coordinates": [113.537916, 22.213234]}, "properties": {"pole_id": "865", "sta_code": "M210", "name": "青洲/美樂花園", "name_en": "EST. ILHA VERDE / EDF. MEI LOK GARDEN", "name_por": "EST. ILHA VERDE / EDF. MEI LOK GARDEN", "routes": "23,27", "lat": 22.213234, "lng": 113.537916}}, {"type": "Feature", "geometry": {"type": "Point", "coordinates": [113.543545, 22.210694]}, "properties": {"pole_id": "15", "sta_code": "M21", "name": "青洲/嘉應花園", "name_en": "CONS. BORJA/KA IENG", "name_por": "CONS. BORJA/KA IENG", "routes": "H2,N1B", "lat": 22.210694, "lng": 113.543545}}, {"type": "Feature", "geometry": {"type": "Point", "coordinates": [113.546128, 22.157013]}, "properties": {"pole_id": "867", "sta_code": "T326", "name": "柯維納馬路", "name_en": "ESTRADA GOV. A. OLIVEIRA", "name_por": "ESTRADA GOV. A. OLIVEIRA", "routes": "15,34,35,36", "lat": 22.157013, "lng": 113.546128}}, {"type": "Feature", "geometry": {"type": "Point", "coordinates": [113.545865, 22.157009]}, "properties": {"pole_id": "868", "sta_code": "T326", "name": "柯維納馬路", "name_en": "ESTRADA GOV. A. OLIVEIRA", "name_por": "ESTRADA GOV. A. OLIVEIRA", "routes": "26,52,MT2,N5", "lat": 22.157009, "lng": 113.545865}}, {"type": "Feature", "geometry": {"type": "Point", "coordinates": [113.545689, 22.157128]}, "properties": {"pole_id": "869", "sta_code": "T326", "name": "柯維納馬路", "name_en": "ESTRADA GOV. A. OLIVEIRA", "name_por": "ESTRADA GOV. A. OLIVEIRA", "routes": "15,26,26S,36,N5", "lat": 22.157128, "lng": 113.545689}}, {"type": "Feature", "geometry": {"type": "Point", "coordinates": [113.54597, 22.15713]}, "properties": {"pole_id": "870", "sta_code": "T326", "name": "柯維納馬路", "name_en": "ESTRADA GOV. A. OLIVEIRA", "name_por": "ESTRADA GOV. A. OLIVEIRA", "routes": "30,34,MT2", "lat": 22.15713, "lng": 113.54597}}, {"type": "Feature", "geometry": {"type": "Point", "coordinates": [113.546211, 22.157131]}, "properties": {"pole_id": "871", "sta_code": "T326", "name": "柯維納馬路", "name_en": "ESTRADA GOV. A. OLIVEIRA", "name_por": "ESTRADA GOV. A. OLIVEIRA", "routes": "11,22,28A,33", "lat": 22.157131, "lng": 113.546211}}, {"type": "Feature", "geometry": {"type": "Point", "coordinates": [113.535615, 22.1944]}, "properties": {"pole_id": "875", "sta_code": "M137", "name": "內港客運碼頭", "name_en": "TERMINAL MARÍTIMO DE PASSAGEIROS DO PORTO INTERIOR", "name_por": "TERMINAL MARÍTIMO DE PASSAGEIROS DO PORTO INTERIOR", "routes": "10,18,18B,2,3A,5,N3", "lat": 22.1944, "lng": 113.535615}}, {"type": "Feature", "geometry": {"type": "Point", "coordinates": [113.543349, 22.193518]}, "properties": {"pole_id": "880", "sta_code": "M144", "name": "水坑尾/天神巷", "name_en": "CAMPO / TRAVESSA DOS ANJOS", "name_por": "CAMPO / TRAVESSA DOS ANJOS", "routes": "2,2A", "lat": 22.193518, "lng": 113.543349}}, {"type": "Feature", "geometry": {"type": "Point", "coordinates": [113.543351, 22.193761]}, "properties": {"pole_id": "881", "sta_code": "M144", "name": "水坑尾/天神巷", "name_en": "CAMPO / TRAVESSA DOS ANJOS", "name_por": "CAMPO / TRAVESSA DOS ANJOS", "routes": "12,22,25,25B,N2", "lat": 22.193761, "lng": 113.543351}}, {"type": "Feature", "geometry": {"type": "Point", "coordinates": [113.543362, 22.193788]}, "properties": {"pole_id": "883", "sta_code": "M144", "name": "水坑尾/天神巷", "name_en": "CAMPO / TRAVESSA DOS ANJOS", "name_por": "CAMPO / TRAVESSA DOS ANJOS", "routes": "16,16S,5,9,9A", "lat": 22.193788, "lng": 113.543362}}, {"type": "Feature", "geometry": {"type": "Point", "coordinates": [113.543793, 22.194369]}, "properties": {"pole_id": "887", "sta_code": "M100", "name": "水坑尾/高可寧大宅", "name_en": "CAMPO / MANSÃO DO KOU HO NENG", "name_por": "CAMPO / MANSÃO DO KOU HO NENG", "routes": "7,8", "lat": 22.194369, "lng": 113.543793}}, {"type": "Feature", "geometry": {"type": "Point", "coordinates": [113.566867, 22.150387]}, "properties": {"pole_id": "889", "sta_code": "T391", "name": "霍英東馬路/科技大學", "name_en": "AV. DR. HENRY FOK / M. U. S. T.", "name_por": "AV. DR. HENRY FOK / M. U. S. T.", "routes": "50,N6", "lat": 22.150387, "lng": 113.566867}}, {"type": "Feature", "geometry": {"type": "Point", "coordinates": [113.567733, 22.138427]}, "properties": {"pole_id": "890", "sta_code": "T385", "name": "蓮花路/蓮花圓形地-1", "name_en": "EST. F. DE LÓTUS/ROTUNDA F. DE LÓTUS-1", "name_por": "EST. F. DE LÓTUS/ROTUNDA F. DE LÓTUS-1", "routes": "25B,50,51,59,MT4,N5", "lat": 22.138427, "lng": 113.567733}}, {"type": "Feature", "geometry": {"type": "Point", "coordinates": [113.543612, 22.189258]}, "properties": {"pole_id": "892", "sta_code": "M172", "name": "亞馬喇前地", "name_en": "PRAÇA FERREIRA AMARAL", "name_por": "PRAÇA FERREIRA AMARAL", "routes": "101,101XS", "lat": 22.189258, "lng": 113.543612}}, {"type": "Feature", "geometry": {"type": "Point", "coordinates": [113.543576, 22.189375]}, "properties": {"pole_id": "893", "sta_code": "M172", "name": "亞馬喇前地", "name_en": "PRAÇA FERREIRA AMARAL", "name_por": "PRAÇA FERREIRA AMARAL", "routes": "11,21A,21AT,3A,N2", "lat": 22.189375, "lng": 113.543576}}, {"type": "Feature", "geometry": {"type": "Point", "coordinates": [113.543544, 22.189485]}, "properties": {"pole_id": "894", "sta_code": "M172", "name": "亞馬喇前地", "name_en": "PRAÇA FERREIRA AMARAL", "name_por": "PRAÇA FERREIRA AMARAL", "routes": "26A,33,8A,N1A", "lat": 22.189485, "lng": 113.543544}}, {"type": "Feature", "geometry": {"type": "Point", "coordinates": [113.543364, 22.189453]}, "properties": {"pole_id": "895", "sta_code": "M172", "name": "亞馬喇前地", "name_en": "PRAÇA FERREIRA AMARAL", "name_por": "PRAÇA FERREIRA AMARAL", "routes": "6B,9", "lat": 22.189453, "lng": 113.543364}}, {"type": "Feature", "geometry": {"type": "Point", "coordinates": [113.543388, 22.189362]}, "properties": {"pole_id": "896", "sta_code": "M172", "name": "亞馬喇前地", "name_en": "PRAÇA FERREIRA AMARAL", "name_por": "PRAÇA FERREIRA AMARAL", "routes": "23,32,9A,N1B", "lat": 22.189362, "lng": 113.543388}}, {"type": "Feature", "geometry": {"type": "Point", "coordinates": [113.543414, 22.189242]}, "properties": {"pole_id": "897", "sta_code": "M172", "name": "亞馬喇前地", "name_en": "PRAÇA FERREIRA AMARAL", "name_por": "PRAÇA FERREIRA AMARAL", "routes": "3BX,3X", "lat": 22.189242, "lng": 113.543414}}, {"type": "Feature", "geometry": {"type": "Point", "coordinates": [113.54333, 22.18934]}, "properties": {"pole_id": "898", "sta_code": "M172", "name": "亞馬喇前地", "name_en": "PRAÇA FERREIRA AMARAL", "name_por": "PRAÇA FERREIRA AMARAL", "routes": "71,73", "lat": 22.18934, "lng": 113.54333}}, {"type": "Feature", "geometry": {"type": "Point", "coordinates": [113.543304, 22.189443]}, "properties": {"pole_id": "899", "sta_code": "M172", "name": "亞馬喇前地", "name_en": "PRAÇA FERREIRA AMARAL", "name_por": "PRAÇA FERREIRA AMARAL", "routes": "50,52,52S,N3,N5", "lat": 22.189443, "lng": 113.543304}}, {"type": "Feature", "geometry": {"type": "Point", "coordinates": [113.543223, 22.189202]}, "properties": {"pole_id": "906", "sta_code": "M172", "name": "亞馬喇前地", "name_en": "PRAÇA FERREIRA AMARAL", "name_por": "PRAÇA FERREIRA AMARAL", "routes": "39,50B,MT5", "lat": 22.189202, "lng": 113.543223}}, {"type": "Feature", "geometry": {"type": "Point", "coordinates": [113.543312, 22.18915]}, "properties": {"pole_id": "907", "sta_code": "M172", "name": "亞馬喇前地", "name_en": "PRAÇA FERREIRA AMARAL", "name_por": "PRAÇA FERREIRA AMARAL", "routes": "22,28A,33,N2", "lat": 22.18915, "lng": 113.543312}}, {"type": "Feature", "geometry": {"type": "Point", "coordinates": [113.54304, 22.189366]}, "properties": {"pole_id": "908", "sta_code": "M172", "name": "亞馬喇前地", "name_en": "PRAÇA FERREIRA AMARAL", "name_por": "PRAÇA FERREIRA AMARAL", "routes": "11,MT2", "lat": 22.189366, "lng": 113.54304}}, {"type": "Feature", "geometry": {"type": "Point", "coordinates": [113.543063, 22.189253]}, "properties": {"pole_id": "909", "sta_code": "M172", "name": "亞馬喇前地", "name_en": "PRAÇA FERREIRA AMARAL", "name_por": "PRAÇA FERREIRA AMARAL", "routes": "25B,MT1", "lat": 22.189253, "lng": 113.543063}}, {"type": "Feature", "geometry": {"type": "Point", "coordinates": [113.543161, 22.189121]}, "properties": {"pole_id": "910", "sta_code": "M172", "name": "亞馬喇前地", "name_en": "PRAÇA FERREIRA AMARAL", "name_por": "PRAÇA FERREIRA AMARAL", "routes": "25,25AX", "lat": 22.189121, "lng": 113.543161}}, {"type": "Feature", "geometry": {"type": "Point", "coordinates": [113.543061, 22.189125]}, "properties": {"pole_id": "912", "sta_code": "M172", "name": "亞馬喇前地", "name_en": "PRAÇA FERREIRA AMARAL", "name_por": "PRAÇA FERREIRA AMARAL", "routes": "21A,21AT,26A,26AT", "lat": 22.189125, "lng": 113.543061}}, {"type": "Feature", "geometry": {"type": "Point", "coordinates": [113.543119, 22.188943]}, "properties": {"pole_id": "913", "sta_code": "M172", "name": "亞馬喇前地", "name_en": "PRAÇA FERREIRA AMARAL", "name_por": "PRAÇA FERREIRA AMARAL", "routes": "22,25,25AX,25B,28A,2AS,3AX,73", "lat": 22.188943, "lng": 113.543119}}, {"type": "Feature", "geometry": {"type": "Point", "coordinates": [113.543153, 22.189407]}, "properties": {"pole_id": "917", "sta_code": "M172", "name": "亞馬喇前地", "name_en": "PRAÇA FERREIRA AMARAL", "name_por": "PRAÇA FERREIRA AMARAL", "routes": "29,3A,6B,H1", "lat": 22.189407, "lng": 113.543153}}, {"type": "Feature", "geometry": {"type": "Point", "coordinates": [113.543605, 22.189]}, "properties": {"pole_id": "922", "sta_code": "M172", "name": "亞馬喇前地", "name_en": "PRAÇA FERREIRA AMARAL", "name_por": "PRAÇA FERREIRA AMARAL", "routes": "2A,7", "lat": 22.189, "lng": 113.543605}}, {"type": "Feature", "geometry": {"type": "Point", "coordinates": [113.560432, 22.131412]}, "properties": {"pole_id": "924", "sta_code": "C650", "name": "石排灣馬路/擎天匯", "name_en": "EST. SEAK PAI VAN / PRAIA PARK", "name_por": "EST. SEAK PAI VAN / PRAIA PARK", "routes": "52,55", "lat": 22.131412, "lng": 113.560432}}, {"type": "Feature", "geometry": {"type": "Point", "coordinates": [113.559979, 22.139752]}, "properties": {"pole_id": "936", "sta_code": "T372", "name": "蓮花路/新濠影匯", "name_en": "EST. F. DE LÓTUS / STUDIO CITY", "name_por": "EST. F. DE LÓTUS / STUDIO CITY", "routes": "102,25B,25BS,50,701X,N6", "lat": 22.139752, "lng": 113.559979}}, {"type": "Feature", "geometry": {"type": "Point", "coordinates": [113.552544, 22.134911]}, "properties": {"pole_id": "940", "sta_code": "T426", "name": "澳大河隧/高爾夫俱樂部", "name_en": "TÚNEL S. DA UM / GOLF CLUB", "name_por": "TÚNEL S. DA UM / CLUBE DE GOLFE", "routes": "52,55", "lat": 22.134911, "lng": 113.552544}}, {"type": "Feature", "geometry": {"type": "Point", "coordinates": [113.552347, 22.133962]}, "properties": {"pole_id": "942", "sta_code": "T427", "name": "澳大河隧/西堤馬路", "name_en": "TÚNEL S. DA UM / EST. DO DIQUE OESTE", "name_por": "TÚNEL S. DA UM / EST. DO DIQUE OESTE", "routes": "52,55", "lat": 22.133962, "lng": 113.552347}}, {"type": "Feature", "geometry": {"type": "Point", "coordinates": [113.565914, 22.161753]}, "properties": {"pole_id": "944", "sta_code": "T401", "name": "雞頸馬路/孝思-1", "name_en": "EST. DA PONTA DA CABRITA / HAU SI-1", "name_por": "EST. DA PONTA DA CABRITA / HAU SI-1", "routes": "37", "lat": 22.161753, "lng": 113.565914}}, {"type": "Feature", "geometry": {"type": "Point", "coordinates": [113.568715, 22.160604]}, "properties": {"pole_id": "945", "sta_code": "T410", "name": "雞頸馬路/孝思-2", "name_en": "EST. DA PONTA DA CABRITA / HAU SI-2", "name_por": "EST. DA PONTA DA CABRITA / HAU SI-2", "routes": "37", "lat": 22.160604, "lng": 113.568715}}, {"type": "Feature", "geometry": {"type": "Point", "coordinates": [113.572239, 22.150059]}, "properties": {"pole_id": "946", "sta_code": "T419", "name": "機場大馬路/永利皇宮", "name_en": "AV. DO AEROPORTO / WYNN PALACE", "name_por": "AV. DO AEROPORTO / WYNN PALACE", "routes": "35,50B,51,59,MT4", "lat": 22.150059, "lng": 113.572239}}, {"type": "Feature", "geometry": {"type": "Point", "coordinates": [113.573194, 22.148955]}, "properties": {"pole_id": "947", "sta_code": "T418", "name": "機場大馬路/輕軌車廠", "name_en": "AV. DO AEROPORTO / OFICINA DO METRO LIGEIRO", "name_por": "AV. DO AEROPORTO / OFICINA DO METRO LIGEIRO", "routes": "35,50B,51,59,MT4", "lat": 22.148955, "lng": 113.573194}}, {"type": "Feature", "geometry": {"type": "Point", "coordinates": [113.539022, 22.205938]}, "properties": {"pole_id": "953", "sta_code": "M120", "name": "筷子基街/廣大中學", "name_en": "RUA DE FÁI CHI KEI / ESCOLA KWONG TAI", "name_por": "RUA DE FÁI CHI KEI / ESCOLA KWONG TAI", "routes": "1A", "lat": 22.205938, "lng": 113.539022}}, {"type": "Feature", "geometry": {"type": "Point", "coordinates": [113.543504, 22.210699]}, "properties": {"pole_id": "954", "sta_code": "M21", "name": "青洲/嘉應花園", "name_en": "CONS. BORJA/KA IENG", "name_por": "CONS. BORJA/KA IENG", "routes": "101,1A,23,26A,27,28B,8", "lat": 22.210699, "lng": 113.543504}}, {"type": "Feature", "geometry": {"type": "Point", "coordinates": [113.548615, 22.212797]}, "properties": {"pole_id": "956", "sta_code": "M7", "name": "關閘馬路", "name_en": "ISTMO F.AMARAL", "name_por": "ISTMO F.AMARAL", "routes": "3,3X", "lat": 22.212797, "lng": 113.548615}}, {"type": "Feature", "geometry": {"type": "Point", "coordinates": [113.548583, 22.212576]}, "properties": {"pole_id": "957", "sta_code": "M7", "name": "關閘馬路", "name_en": "ISTMO F.AMARAL", "name_por": "ISTMO F.AMARAL", "routes": "16,16S", "lat": 22.212576, "lng": 113.548583}}, {"type": "Feature", "geometry": {"type": "Point", "coordinates": [113.548545, 22.21232]}, "properties": {"pole_id": "958", "sta_code": "M7", "name": "關閘馬路", "name_en": "ISTMO F.AMARAL", "name_por": "ISTMO F.AMARAL", "routes": "17,25", "lat": 22.21232, "lng": 113.548545}}, {"type": "Feature", "geometry": {"type": "Point", "coordinates": [113.541157, 22.212441]}, "properties": {"pole_id": "960", "sta_code": "M273", "name": "青茂/青葱大廈", "name_en": "QINGMAO/EDIFÍCIO CHENG CHONG", "name_por": "QINGMAO/EDIFÍCIO CHENG CHONG", "routes": "23,27,29,8A", "lat": 22.212441, "lng": 113.541157}}, {"type": "Feature", "geometry": {"type": "Point", "coordinates": [113.54044, 22.212614]}, "properties": {"pole_id": "961", "sta_code": "M6", "name": "青茂/鴨涌河變電站", "name_en": "QINGMAO/SUBESTAÇÃO CANAL DOS PATOS", "name_por": "QINGMAO/SUBESTAÇÃO CANAL DOS PATOS", "routes": "27,29,8A,H2", "lat": 22.212614, "lng": 113.54044}}, {"type": "Feature", "geometry": {"type": "Point", "coordinates": [113.54188, 22.211741]}, "properties": {"pole_id": "964", "sta_code": "M65", "name": "青茂/青洲坊", "name_en": "QINGMAO/BAIRRO DA ILHA VERDE", "name_por": "QINGMAO/BAIRRO DA ILHA VERDE", "routes": "51A,61,H2,MT4,N1A", "lat": 22.211741, "lng": 113.54188}}, {"type": "Feature", "geometry": {"type": "Point", "coordinates": [113.541476, 22.211445]}, "properties": {"pole_id": "965", "sta_code": "M60", "name": "青茂/何賢紳士馬路", "name_en": "QINGMAO/AV. DO COMENDADOR HO YIN", "name_por": "QINGMAO/AV. DO COMENDADOR HO YIN", "routes": "3X,51A,61,MT4,N1A,N1B,N2", "lat": 22.211445, "lng": 113.541476}}, {"type": "Feature", "geometry": {"type": "Point", "coordinates": [113.564796, 22.151725]}, "properties": {"pole_id": "968", "sta_code": "T373", "name": "偉龍/科技大學", "name_en": "WAI LONG/M.U.S.T.", "name_por": "WAI LONG/M.U.S.T.", "routes": "26,51A,MT1", "lat": 22.151725, "lng": 113.564796}}, {"type": "Feature", "geometry": {"type": "Point", "coordinates": [113.55088, 22.207403]}, "properties": {"pole_id": "972", "sta_code": "M33", "name": "俾利喇/望德樓", "name_en": "XAVIER PEREIRA / EDF. MONG TAK", "name_por": "XAVIER PEREIRA / EDF. MONG TAK", "routes": "12,19,22,7", "lat": 22.207403, "lng": 113.55088}}, {"type": "Feature", "geometry": {"type": "Point", "coordinates": [113.55353, 22.207567]}, "properties": {"pole_id": "973", "sta_code": "M238", "name": "黑沙環海邊馬路", "name_en": "EST. MARGINAL DAAREIA PRETA", "name_por": "EST. MARGINAL DAAREIA PRETA", "routes": "MT3", "lat": 22.207567, "lng": 113.55353}}, {"type": "Feature", "geometry": {"type": "Point", "coordinates": [113.551295, 22.206969]}, "properties": {"pole_id": "975", "sta_code": "M32", "name": "望廈總站", "name_en": "MONG HÁ / TERMINAL", "name_por": "MONG HÁ / TERMINAL", "routes": "MT3", "lat": 22.206969, "lng": 113.551295}}, {"type": "Feature", "geometry": {"type": "Point", "coordinates": [113.551247, 22.2069]}, "properties": {"pole_id": "977", "sta_code": "M32", "name": "望廈總站", "name_en": "MONG HÁ / TERMINAL", "name_por": "MONG HÁ / TERMINAL", "routes": "27", "lat": 22.2069, "lng": 113.551247}}, {"type": "Feature", "geometry": {"type": "Point", "coordinates": [113.572304, 22.141294]}, "properties": {"pole_id": "981", "sta_code": "T435", "name": "溜冰路/葡京人", "name_en": "RUA DA PATINAGEM/ LISBOETA", "name_por": "RUA DA PATINAGEM/ LISBOETA", "routes": "35,51,59,MT4,N5", "lat": 22.141294, "lng": 113.572304}}, {"type": "Feature", "geometry": {"type": "Point", "coordinates": [113.555103, 22.150565]}, "properties": {"pole_id": "982", "sta_code": "T365", "name": "排角/銀河", "name_en": "PAI KOK / GALAXY", "name_por": "PAI KOK / GALAXY", "routes": "25B,30X,72,MT1,MT3", "lat": 22.150565, "lng": 113.555103}}, {"type": "Feature", "geometry": {"type": "Point", "coordinates": [113.535765, 22.194743]}, "properties": {"pole_id": "984", "sta_code": "M137", "name": "內港客運碼頭", "name_en": "TERMINAL MARÍTIMO DE PASSAGEIROS DO PORTO INTERIOR", "name_por": "TERMINAL MARÍTIMO DE PASSAGEIROS DO PORTO INTERIOR", "routes": "1,11,21A,26,71S,MT4", "lat": 22.194743, "lng": 113.535765}}, {"type": "Feature", "geometry": {"type": "Point", "coordinates": [113.552453, 22.206673]}, "properties": {"pole_id": "985", "sta_code": "M35", "name": "慕拉士馬路/望善樓", "name_en": "VENC. MORAIS/EDF. MONG SIN", "name_por": "VENC. MORAIS/EDF. MONG SIN", "routes": "1A,28B,29,H2", "lat": 22.206673, "lng": 113.552453}}, {"type": "Feature", "geometry": {"type": "Point", "coordinates": [113.552245, 22.206843]}, "properties": {"pole_id": "986", "sta_code": "M35", "name": "慕拉士馬路/望善樓", "name_en": "VENC. MORAIS/EDF. MONG SIN", "name_por": "VENC. MORAIS/EDF. MONG SIN", "routes": "10,2,34,6A", "lat": 22.206843, "lng": 113.552245}}, {"type": "Feature", "geometry": {"type": "Point", "coordinates": [113.551084, 22.189137]}, "properties": {"pole_id": "987", "sta_code": "M253", "name": "宋玉生廣場/建興龍", "name_en": "AL. DR. C. D’ASSUMPÇÃO / KIN HENG LONG", "name_por": "AL. DR. C. D’ASSUMPÇÃO / KIN HENG LONG", "routes": "1A,23,50,N1A", "lat": 22.189137, "lng": 113.551084}}, {"type": "Feature", "geometry": {"type": "Point", "coordinates": [113.534494, 22.191201]}, "properties": {"pole_id": "134", "sta_code": "M189", "name": "下環街市", "name_en": "MERCADO DE S. LOURENÇO", "name_por": "MERCADO DE S. LOURENÇO", "routes": "16,9", "lat": 22.191201, "lng": 113.534494}}, {"type": "Feature", "geometry": {"type": "Point", "coordinates": [113.551371, 22.188464]}, "properties": {"pole_id": "988", "sta_code": "M258", "name": "宋玉生廣場/東南亞", "name_en": "AL. DR. C. D’ASSUMPÇÃO / TONG NAM AH", "name_por": "AL. DR. C. D’ASSUMPÇÃO / TONG NAM AH", "routes": "17,17S,3AX,60", "lat": 22.188464, "lng": 113.551371}}, {"type": "Feature", "geometry": {"type": "Point", "coordinates": [113.574521, 22.138629]}, "properties": {"pole_id": "989", "sta_code": "T348", "name": "路環發電廠", "name_en": "CENTRAL TÉRMICA DE COLOANE", "name_por": "CENTRAL TÉRMICA DE COLOANE", "routes": "51,59,MT4", "lat": 22.138629, "lng": 113.574521}}, {"type": "Feature", "geometry": {"type": "Point", "coordinates": [113.572169, 22.138967]}, "properties": {"pole_id": "990", "sta_code": "T436", "name": "溜冰路/東亞運體育館", "name_en": "RUA DA PATINAGEM / N. D. DOS J. DA ÁSIA ORIENTAL", "name_por": "RUA DA PATINAGEM / N. D. DOS J. DA ÁSIA ORIENTAL", "routes": "35,51,59,701X,MT4,N5", "lat": 22.138967, "lng": 113.572169}}, {"type": "Feature", "geometry": {"type": "Point", "coordinates": [113.574383, 22.13878]}, "properties": {"pole_id": "992", "sta_code": "T349", "name": "路環電廠圓形地", "name_en": "R. DA CENTRAL TÉRMICA DE COLOANE", "name_por": "R. DA CENTRAL TÉRMICA DE COLOANE", "routes": "35", "lat": 22.13878, "lng": 113.574383}}, {"type": "Feature", "geometry": {"type": "Point", "coordinates": [113.554985, 22.150782]}, "properties": {"pole_id": "995", "sta_code": "T364", "name": "望德聖母灣馬路/軍營", "name_en": "EST. BAIA N. S. ESPERANÇA / QUARTEL", "name_por": "EST. BAIA N. S. ESPERANÇA / QUARTEL", "routes": "35,71S,MT1,MT3", "lat": 22.150782, "lng": 113.554985}}, {"type": "Feature", "geometry": {"type": "Point", "coordinates": [113.555266, 22.150674]}, "properties": {"pole_id": "996", "sta_code": "T364", "name": "望德聖母灣馬路/軍營", "name_en": "EST. BAIA N. S. ESPERANÇA / QUARTEL", "name_por": "EST. BAIA N. S. ESPERANÇA / QUARTEL", "routes": "25B,26A,26AT,72", "lat": 22.150674, "lng": 113.555266}}, {"type": "Feature", "geometry": {"type": "Point", "coordinates": [113.557712, 22.1448]}, "properties": {"pole_id": "997", "sta_code": "T397", "name": "路氹西/銀河", "name_en": "COTAI OESTE / GALAXY", "name_por": "COTAI OESTE / GALAXY", "routes": "51A,72", "lat": 22.1448, "lng": 113.557712}}, {"type": "Feature", "geometry": {"type": "Point", "coordinates": [113.563837, 22.14621]}, "properties": {"pole_id": "998", "sta_code": "T380", "name": "連貫公路/倫敦人", "name_en": "EST.DO ISTMO / LONDONER", "name_por": "EST.DO ISTMO / LONDONER", "routes": "15,21A,25,25AX,25BS,26,26A,26AT,26S,51B,56,MT4,N3", "lat": 22.14621, "lng": 113.563837}}, {"type": "Feature", "geometry": {"type": "Point", "coordinates": [113.563724, 22.143828]}, "properties": {"pole_id": "999", "sta_code": "T379", "name": "連貫公路/巴黎人花園", "name_en": "EST.DO ISTMO / LE JARDIN", "name_por": "EST.DO ISTMO / LE JARDIN", "routes": "15,21A,25,25BS,26,26A,26AT,26S,51B,56,MT4,N3", "lat": 22.143828, "lng": 113.563724}}, {"type": "Feature", "geometry": {"type": "Point", "coordinates": [113.568614, 22.142976]}, "properties": {"pole_id": "1000", "sta_code": "T388", "name": "東亞運/巴黎人花園", "name_en": "JOGOS DA ÁSIA ORIENTAL / LE JARDIN", "name_por": "JOGOS DA ÁSIA ORIENTAL / LE JARDIN", "routes": "50", "lat": 22.142976, "lng": 113.568614}}, {"type": "Feature", "geometry": {"type": "Point", "coordinates": [113.538255, 22.206774]}, "properties": {"pole_id": "1001", "sta_code": "M213", "name": "俾若翰街/快富樓", "name_en": "R. DO COMANDANTE JOÃO BELO / EDF. FAI FU", "name_por": "R. DO COMANDANTE JOÃO BELO / EDF. FAI FU", "routes": "71S,H2", "lat": 22.206774, "lng": 113.538255}}, {"type": "Feature", "geometry": {"type": "Point", "coordinates": [113.540804, 22.207456]}, "properties": {"pole_id": "1003", "sta_code": "M108", "name": "俾若翰街/綠楊花園", "name_en": "R. DO COMANDANTE JOÃO BELO / EDF. LOK YEUNG FA YUEN", "name_por": "R. DO COMANDANTE JOÃO BELO / EDF. LOK YEUNG FA YUEN", "routes": "101,1A,32,3X,51A,5X,MT4,N2", "lat": 22.207456, "lng": 113.540804}}, {"type": "Feature", "geometry": {"type": "Point", "coordinates": [113.540914, 22.207486]}, "properties": {"pole_id": "1004", "sta_code": "M108", "name": "俾若翰街/綠楊花園", "name_en": "R. DO COMANDANTE JOÃO BELO / EDF. LOK YEUNG FA YUEN", "name_por": "R. DO COMANDANTE JOÃO BELO / EDF. LOK YEUNG FA YUEN", "routes": "H2", "lat": 22.207486, "lng": 113.540914}}, {"type": "Feature", "geometry": {"type": "Point", "coordinates": [113.551951, 22.193418]}, "properties": {"pole_id": "1006", "sta_code": "M70", "name": "澳門理工大學", "name_en": "MACAO POLYTECHNIC UNIVERSITY", "name_por": "UNIVERSIDADE POLITÉCNICA DE MACAU", "routes": "10,10B,1A,28A,28B,28C,29,3,32", "lat": 22.193418, "lng": 113.551951}}, {"type": "Feature", "geometry": {"type": "Point", "coordinates": [113.551504, 22.193129]}, "properties": {"pole_id": "1007", "sta_code": "M71", "name": "廈門街/澳門理工大學", "name_en": "RUA DE XIAMEN / M.P.U.", "name_por": "RUA DE XIAMEN / U.P.M.", "routes": "10,10B,1A,23,28A,28B,28C,29,3,32", "lat": 22.193129, "lng": 113.551504}}, {"type": "Feature", "geometry": {"type": "Point", "coordinates": [113.561061, 22.114563]}, "properties": {"pole_id": "1008", "sta_code": "C666", "name": "竹灣馬路-1", "name_en": "EST. CHEOC VAN-1", "name_por": "EST. CHEOC VAN-1", "routes": "21A,26A", "lat": 22.114563, "lng": 113.561061}}, {"type": "Feature", "geometry": {"type": "Point", "coordinates": [113.568488, 22.13652]}, "properties": {"pole_id": "1011", "sta_code": "C700", "name": "澳門鏡湖護理學院", "name_en": "Kiang Wu Nursing College of Macau", "name_por": "Instituto de Enfermagem Kiang Wu de Macau", "routes": "25B", "lat": 22.13652, "lng": 113.568488}}, {"type": "Feature", "geometry": {"type": "Point", "coordinates": [113.567507, 22.138632]}, "properties": {"pole_id": "1012", "sta_code": "T384", "name": "蓮花路/體育館馬路", "name_en": "EST. F. DE LÓTUS / AV. DA NAVE DESPORTIVA", "name_por": "EST. F. DE LÓTUS / AV. DA NAVE DESPORTIVA", "routes": "51,59,701X,MT4", "lat": 22.138632, "lng": 113.567507}}, {"type": "Feature", "geometry": {"type": "Point", "coordinates": [113.556969, 22.21047]}, "properties": {"pole_id": "1013", "sta_code": "M2(於2026年2月7日首班車開始調整)", "name": "東方明珠總站", "name_en": "ORIENTAL PEARL / TERMINAL", "name_por": "PÉROLA ORIENTAL/ TERMINAL", "routes": "7", "lat": 22.21047, "lng": 113.556969}}, {"type": "Feature", "geometry": {"type": "Point", "coordinates": [113.563735, 22.149246]}, "properties": {"pole_id": "1014", "sta_code": "T363", "name": "連貫公路/威尼斯人", "name_en": "EST. DO ISTMO / VENETIAN", "name_por": "EST. DO ISTMO / VENETIAN", "routes": "15,21A,21AT,26,26A,26AT,51B,N3", "lat": 22.149246, "lng": 113.563735}}, {"type": "Feature", "geometry": {"type": "Point", "coordinates": [113.563747, 22.14948]}, "properties": {"pole_id": "1015", "sta_code": "T363", "name": "連貫公路/威尼斯人", "name_en": "EST. DO ISTMO / VENETIAN", "name_por": "EST. DO ISTMO / VENETIAN", "routes": "25,25AX,25B,56,MT4", "lat": 22.14948, "lng": 113.563747}}, {"type": "Feature", "geometry": {"type": "Point", "coordinates": [113.530019, 22.18389]}, "properties": {"pole_id": "1016", "sta_code": "M3", "name": "媽閣交通樞紐", "name_en": "BARRA PUBLIC TRANSPORT INTERCHANGE", "name_por": "CENTRO MODAL DE TRANSPORTES DA BARRA", "routes": "1,2", "lat": 22.18389, "lng": 113.530019}}, {"type": "Feature", "geometry": {"type": "Point", "coordinates": [113.530032, 22.184024]}, "properties": {"pole_id": "1017", "sta_code": "M3", "name": "媽閣交通樞紐", "name_en": "BARRA PUBLIC TRANSPORT INTERCHANGE", "name_por": "CENTRO MODAL DE TRANSPORTES DA BARRA", "routes": "18,18B", "lat": 22.184024, "lng": 113.530032}}, {"type": "Feature", "geometry": {"type": "Point", "coordinates": [113.530045, 22.184162]}, "properties": {"pole_id": "1018", "sta_code": "M3", "name": "媽閣交通樞紐", "name_en": "BARRA PUBLIC TRANSPORT INTERCHANGE", "name_por": "CENTRO MODAL DE TRANSPORTES DA BARRA", "routes": "11,5", "lat": 22.184162, "lng": 113.530045}}, {"type": "Feature", "geometry": {"type": "Point", "coordinates": [113.530056, 22.184273]}, "properties": {"pole_id": "1019", "sta_code": "M3", "name": "媽閣交通樞紐", "name_en": "BARRA PUBLIC TRANSPORT INTERCHANGE", "name_por": "CENTRO MODAL DE TRANSPORTES DA BARRA", "routes": "10,21A,21AT,61", "lat": 22.184273, "lng": 113.530056}}, {"type": "Feature", "geometry": {"type": "Point", "coordinates": [113.569386, 22.118289]}, "properties": {"pole_id": "1023", "sta_code": "C669", "name": "黑沙海灘", "name_en": "HAC SA BEACH", "name_por": "PRAIA DE HAC SÁ", "routes": "15T,21A,26A", "lat": 22.118289, "lng": 113.569386}}, {"type": "Feature", "geometry": {"type": "Point", "coordinates": [113.569375, 22.118738]}, "properties": {"pole_id": "1024", "sta_code": "C669", "name": "黑沙海灘", "name_en": "HAC SA BEACH", "name_por": "PRAIA DE HAC SÁ", "routes": "15T,21A,26A", "lat": 22.118738, "lng": 113.569375}}, {"type": "Feature", "geometry": {"type": "Point", "coordinates": [113.554981, 22.125604]}, "properties": {"pole_id": "1029", "sta_code": "C654", "name": "聯生圓形地總站", "name_en": "ROTUNDA DA CONCÓRDIA / TERMINAL", "name_por": "ROTUNDA DA CONCÓRDIA / TERMINAL", "routes": "59", "lat": 22.125604, "lng": 113.554981}}, {"type": "Feature", "geometry": {"type": "Point", "coordinates": [113.554935, 22.125715]}, "properties": {"pole_id": "1030", "sta_code": "C654", "name": "聯生圓形地總站", "name_en": "ROTUNDA DA CONCÓRDIA / TERMINAL", "name_por": "ROTUNDA DA CONCÓRDIA / TERMINAL", "routes": "21A,26A,50,N3", "lat": 22.125715, "lng": 113.554935}}, {"type": "Feature", "geometry": {"type": "Point", "coordinates": [113.554948, 22.125866]}, "properties": {"pole_id": "1031", "sta_code": "C654", "name": "聯生圓形地總站", "name_en": "ROTUNDA DA CONCÓRDIA / TERMINAL", "name_por": "ROTUNDA DA CONCÓRDIA / TERMINAL", "routes": "25,26", "lat": 22.125866, "lng": 113.554948}}, {"type": "Feature", "geometry": {"type": "Point", "coordinates": [113.553757, 22.19574]}, "properties": {"pole_id": "1035", "sta_code": "M118", "name": "高美士/馬六甲街停車場", "name_en": "GONZAGA GOMES/ AUTO-SILO DA RUA DE MALACA", "name_por": "GONZAGA GOMES/ AUTO-SILO DA RUA DE MALACA", "routes": "10,10B,1A,28A,28B,28C,29,3,32", "lat": 22.19574, "lng": 113.553757}}, {"type": "Feature", "geometry": {"type": "Point", "coordinates": [113.557921, 22.144726]}, "properties": {"pole_id": "1036", "sta_code": "T396", "name": "路氹西/金光會展", "name_en": "COTAI OESTE / COTAI EXPO", "name_por": "COTAI OESTE / COTAI EXPO", "routes": "51A,701X,71S,72", "lat": 22.144726, "lng": 113.557921}}, {"type": "Feature", "geometry": {"type": "Point", "coordinates": [113.55739, 22.209158]}, "properties": {"pole_id": "1037", "sta_code": "M235", "name": "東北大馬路/保利達", "name_en": "AV. NORDESTE/ POLY TEX", "name_por": "AV. NORDESTE/ POLY TEX", "routes": "27,3AS,3AX,AP1", "lat": 22.209158, "lng": 113.55739}}, {"type": "Feature", "geometry": {"type": "Point", "coordinates": [113.539155, 22.193911]}, "properties": {"pole_id": "1040", "sta_code": "M134", "name": "新馬路/華僑", "name_en": "ALMEIDA RIBEIRO / OCBC", "name_por": "ALMEIDA RIBEIRO / OCBC", "routes": "101,101XS,18A,19,26A,3,33,3X,4,6A,8A,N1A", "lat": 22.193911, "lng": 113.539155}}, {"type": "Feature", "geometry": {"type": "Point", "coordinates": [113.546614, 22.192002]}, "properties": {"pole_id": "1042", "sta_code": "M202", "name": "南光大廈", "name_en": "NAM KWONG BUILDING", "name_por": "EDF. NAM KWONG", "routes": "17,6A", "lat": 22.192002, "lng": 113.546614}}, {"type": "Feature", "geometry": {"type": "Point", "coordinates": [113.546064, 22.141034]}, "properties": {"pole_id": "1045", "sta_code": "T560", "name": "橫琴澳方口岸", "name_en": "MACAO – HENGQIN FRONTIER POST", "name_por": "POSTO FRONTEIRIÇO MACAU - HENGQIN", "routes": "25BS", "lat": 22.141034, "lng": 113.546064}}, {"type": "Feature", "geometry": {"type": "Point", "coordinates": [113.545818, 22.141024]}, "properties": {"pole_id": "1046", "sta_code": "T560", "name": "橫琴澳方口岸", "name_en": "MACAO – HENGQIN FRONTIER POST", "name_por": "POSTO FRONTEIRIÇO MACAU - HENGQIN", "routes": "25B", "lat": 22.141024, "lng": 113.545818}}, {"type": "Feature", "geometry": {"type": "Point", "coordinates": [113.545655, 22.141313]}, "properties": {"pole_id": "1048", "sta_code": "T560", "name": "橫琴澳方口岸", "name_en": "MACAO – HENGQIN FRONTIER POST", "name_por": "POSTO FRONTEIRIÇO MACAU - HENGQIN", "routes": "50", "lat": 22.141313, "lng": 113.545655}}, {"type": "Feature", "geometry": {"type": "Point", "coordinates": [113.546023, 22.141326]}, "properties": {"pole_id": "1049", "sta_code": "T560", "name": "橫琴澳方口岸", "name_en": "MACAO – HENGQIN FRONTIER POST", "name_por": "POSTO FRONTEIRIÇO MACAU - HENGQIN", "routes": "701X,N6", "lat": 22.141326, "lng": 113.546023}}, {"type": "Feature", "geometry": {"type": "Point", "coordinates": [113.54622, 22.141333]}, "properties": {"pole_id": "1050", "sta_code": "T560", "name": "橫琴澳方口岸", "name_en": "MACAO – HENGQIN FRONTIER POST", "name_por": "POSTO FRONTEIRIÇO MACAU - HENGQIN", "routes": "102", "lat": 22.141333, "lng": 113.54622}}, {"type": "Feature", "geometry": {"type": "Point", "coordinates": [113.546389, 22.141341]}, "properties": {"pole_id": "1051", "sta_code": "T560", "name": "橫琴澳方口岸", "name_en": "MACAO – HENGQIN FRONTIER POST", "name_por": "POSTO FRONTEIRIÇO MACAU - HENGQIN", "routes": "701X,701XS,N6", "lat": 22.141341, "lng": 113.546389}}, {"type": "Feature", "geometry": {"type": "Point", "coordinates": [113.529179, 22.184644]}, "properties": {"pole_id": "1052", "sta_code": "M277", "name": "西灣湖景大馬路/媽閣交通樞紐", "name_en": "AV. PANORÂMICA DO LAGO SAI VAN / CENTRO MODAL DE TRANSPORTES DA BARRA", "name_por": "AV. PANORÂMICA DO LAGO SAI VAN / CENTRO MODAL DE TRANSPORTES DA BARRA", "routes": "16S,26,28B,55,60,65,6B,71S,MT4,N3", "lat": 22.184644, "lng": 113.529179}}, {"type": "Feature", "geometry": {"type": "Point", "coordinates": [113.547938, 22.188542]}, "properties": {"pole_id": "1053", "sta_code": "M260", "name": "城市日大馬路/永利", "name_en": "AV. 24 DE JUNHO / WYNN", "name_por": "AV. 24 DE JUNHO / WYNN", "routes": "3AX,65", "lat": 22.188542, "lng": 113.547938}}, {"type": "Feature", "geometry": {"type": "Point", "coordinates": [113.529101, 22.184717]}, "properties": {"pole_id": "1054", "sta_code": "M198", "name": "西灣湖景大馬路/媽閣碼頭", "name_en": "AV. PANORÂMICA DO LAGO SAI VAN / PONTE-CAIS DA BARRA", "name_por": "AV. PANORÂMICA DO LAGO SAI VAN / PONTE-CAIS DA BARRA", "routes": "26,55,61,6B,71S,MT4,N3", "lat": 22.184717, "lng": 113.529101}}, {"type": "Feature", "geometry": {"type": "Point", "coordinates": [113.529108, 22.184744]}, "properties": {"pole_id": "1055", "sta_code": "M198", "name": "西灣湖景大馬路/媽閣碼頭", "name_en": "AV. PANORÂMICA DO LAGO SAI VAN / PONTE-CAIS DA BARRA", "name_por": "AV. PANORÂMICA DO LAGO SAI VAN / PONTE-CAIS DA BARRA", "routes": "1,10,11,18,18B,2,21A,5,60,65,9", "lat": 22.184744, "lng": 113.529108}}, {"type": "Feature", "geometry": {"type": "Point", "coordinates": [113.564784, 22.137055]}, "properties": {"pole_id": "1056", "sta_code": "C701", "name": "澳門協和醫院", "name_en": "HOSPITAL MACAU UNION", "name_por": "HOSPITAL MACAU UNION", "routes": "35,H3", "lat": 22.137055, "lng": 113.564784}}, {"type": "Feature", "geometry": {"type": "Point", "coordinates": [113.566472, 22.135361]}, "properties": {"pole_id": "1057", "sta_code": "C702", "name": "澳門協和醫院/綜合服務大樓", "name_en": "HOSPITAL MACAU UNION / EDF. DE MULTI - SERVIÇOS", "name_por": "HOSPITAL MACAU UNION / EDF. DE MULTI - SERVIÇOS", "routes": "35,50,H3,MT4,N5", "lat": 22.135361, "lng": 113.566472}}, {"type": "Feature", "geometry": {"type": "Point", "coordinates": [113.547644, 22.164204]}, "properties": {"pole_id": "1059", "sta_code": "T330", "name": "蘇利安圓形地", "name_en": "ROTUNDA LEONEL SOUSA", "name_por": "ROTUNDA LEONEL SOUSA", "routes": "11,35,36,MT2,N5", "lat": 22.164204, "lng": 113.547644}}, {"type": "Feature", "geometry": {"type": "Point", "coordinates": [113.548433, 22.164081]}, "properties": {"pole_id": "1060", "sta_code": "T330", "name": "蘇利安圓形地", "name_en": "ROTUNDA LEONEL SOUSA", "name_por": "ROTUNDA LEONEL SOUSA", "routes": "35,36", "lat": 22.164081, "lng": 113.548433}}, {"type": "Feature", "geometry": {"type": "Point", "coordinates": [113.559342, 22.163517]}, "properties": {"pole_id": "1063", "sta_code": "T303", "name": "澳門旅遊大學", "name_en": "MACAO UNIVERSITY OF TOURISM", "name_por": "UNIVERSIDADE DE TURISMO DE MACAU", "routes": "11,37", "lat": 22.163517, "lng": 113.559342}}, {"type": "Feature", "geometry": {"type": "Point", "coordinates": [113.551663, 22.149194]}, "properties": {"pole_id": "1064", "sta_code": "T420", "name": "蓮花海濱大馬路/銀河-1", "name_en": "AV. M. FLOR DE LÓTUS / GALAXY - 1", "name_por": "AV. M. FLOR DE LÓTUS / GALAXY - 1", "routes": "102,52,55,71,73,H3,N6", "lat": 22.149194, "lng": 113.551663}}, {"type": "Feature", "geometry": {"type": "Point", "coordinates": [113.57362, 22.145205]}, "properties": {"pole_id": "1065", "sta_code": "T433", "name": "射擊路/上葡京", "name_en": "R. TIRO / GRAND LISBOA PALACE", "name_por": "R. TIRO / PALÁCIO GRANDE LISBOA", "routes": "35,50B,51,59,701X,MT4,N5", "lat": 22.145205, "lng": 113.57362}}, {"type": "Feature", "geometry": {"type": "Point", "coordinates": [113.575593, 22.144954]}, "properties": {"pole_id": "1067", "sta_code": "T434", "name": "機場大馬路/上葡京", "name_en": "AV. AEROPORTO / GRAND LISBOA PALACE", "name_por": "AV. AEROPORTO / PALÁCIO GRANDE LISBOA", "routes": "35,50B,51,59,701X,MT4", "lat": 22.144954, "lng": 113.575593}}, {"type": "Feature", "geometry": {"type": "Point", "coordinates": [113.547612, 22.19812]}, "properties": {"pole_id": "1068", "sta_code": "M152", "name": "塔石廣場", "name_en": "PRAÇA DO TAP SEAC", "name_por": "PRAÇA DO TAP SEAC", "routes": "18A,19,2,4", "lat": 22.19812, "lng": 113.547612}}, {"type": "Feature", "geometry": {"type": "Point", "coordinates": [113.554326, 22.212941]}, "properties": {"pole_id": "1069", "sta_code": "M216", "name": "馬場東大馬路", "name_en": "AV. LESTE  HIPÓDROMO", "name_por": "AV. LESTE  HIPÓDROMO", "routes": "17,28C,30,51A", "lat": 22.212941, "lng": 113.554326}}, {"type": "Feature", "geometry": {"type": "Point", "coordinates": [113.545194, 22.192684]}, "properties": {"pole_id": "1071", "sta_code": "M165", "name": "加思欄/公共衛生專科大樓", "name_en": "S. FRANCISCO/ PUBLIC HEALTH SPECIALIST BLDG", "name_por": "S. FRANCISCO/ EDF. ESPECIALIDADE SAÚDE PÚBLICA", "routes": "17,28C,6A,6B,H1", "lat": 22.192684, "lng": 113.545194}}, {"type": "Feature", "geometry": {"type": "Point", "coordinates": [113.540397, 22.206713]}, "properties": {"pole_id": "1072", "sta_code": "M102", "name": "船澳街", "name_en": "RUA DA DOCA SECA", "name_por": "RUA DA DOCA SECA", "routes": "101,61,71S,MT4", "lat": 22.206713, "lng": 113.540397}}, {"type": "Feature", "geometry": {"type": "Point", "coordinates": [113.573409, 22.163733]}, "properties": {"pole_id": "1073", "sta_code": "T354", "name": "北安出入境事務大樓", "name_en": "IMMIGRATION BUILDING PAC ON", "name_por": "EDF. SERVIÇOS MIGRAÇÃO PAC ON", "routes": "51,51B,59", "lat": 22.163733, "lng": 113.573409}}, {"type": "Feature", "geometry": {"type": "Point", "coordinates": [113.556722, 22.187026]}, "properties": {"pole_id": "1074", "sta_code": "TEMP11", "name": "澳門科學館臨時站", "name_en": "PARAGEM PROVISÓRIA DE CENTRO DE CIÊNCIA DE MACAU", "name_por": "PARAGEM PROVISÓRIA DE CENTRO DE CIÊNCIA DE MACAU", "routes": "17S1,3AS", "lat": 22.187026, "lng": 113.556722}}, {"type": "Feature", "geometry": {"type": "Point", "coordinates": [113.543804, 22.212985]}, "properties": {"pole_id": "1075", "sta_code": "M23", "name": "青茂/白朗古", "name_en": "QINGMAO / GEN. C. BRANCO", "name_por": "QINGMAO / GEN. C. BRANCO", "routes": "9A,AP1", "lat": 22.212985, "lng": 113.543804}}, {"type": "Feature", "geometry": {"type": "Point", "coordinates": [113.546567, 22.212183]}, "properties": {"pole_id": "491", "sta_code": "M13", "name": "李寶椿街", "name_en": "RUA LEI POU CHON", "name_por": "RUA LEI POU CHON", "routes": "27,30,65", "lat": 22.212183, "lng": 113.546567}}, {"type": "Feature", "geometry": {"type": "Point", "coordinates": [113.555252, 22.117972]}, "properties": {"pole_id": "1078", "sta_code": "C661", "name": "少年感化院-2", "name_en": "YOUTH CORRECTIONAL INST.-2", "name_por": "INST. MENORES - 2", "routes": "21A,26A", "lat": 22.117972, "lng": 113.555252}}, {"type": "Feature", "geometry": {"type": "Point", "coordinates": [113.555215, 22.118036]}, "properties": {"pole_id": "1079", "sta_code": "C662", "name": "少年感化院-1", "name_en": "YOUTH CORRECTIONAL INST.-1", "name_por": "INST. MENORES - 1", "routes": "21A,26A", "lat": 22.118036, "lng": 113.555215}}, {"type": "Feature", "geometry": {"type": "Point", "coordinates": [113.578442, 22.133916]}, "properties": {"pole_id": "1080", "sta_code": "C695", "name": "九澳水庫郊野公園/懲教管理局-1", "name_en": "KÁ-HÓ RESERVOIR COUNTRY PARK/DSC-1", "name_por": "PARQUE NATURAL BARRAGEM KÁ-HÓ / DSC-1", "routes": "15,21A", "lat": 22.133916, "lng": 113.578442}}, {"type": "Feature", "geometry": {"type": "Point", "coordinates": [113.578507, 22.133893]}, "properties": {"pole_id": "1081", "sta_code": "C696", "name": "九澳水庫郊野公園/懲教管理局-2", "name_en": "KA-HO RESERVOIR COUNTRY PARK/ DSC-2", "name_por": "PARQUE NATURAL BARRAGEM KÁ-HÓ / DSC-2", "routes": "21A", "lat": 22.133893, "lng": 113.578507}}, {"type": "Feature", "geometry": {"type": "Point", "coordinates": [113.54292, 22.213546]}, "properties": {"pole_id": "1083", "sta_code": "M67", "name": "青茂口岸", "name_en": "QINGMAO FRONTIER POST", "name_por": "POSTO FRONTEIRIÇO QINGMAO", "routes": "29,51A,61,9A,AP1,MT4", "lat": 22.213546, "lng": 113.54292}}, {"type": "Feature", "geometry": {"type": "Point", "coordinates": [113.537319, 22.195661]}, "properties": {"pole_id": "1085", "sta_code": "M142", "name": "新馬路/金碧坊", "name_en": "ALMEIDA RIBEIRO /MERCADO KAM PEK", "name_por": "ALMEIDA RIBEIRO /MERCADO KAM PEK", "routes": "10,11,2,21A,3A,5,N3", "lat": 22.195661, "lng": 113.537319}}, {"type": "Feature", "geometry": {"type": "Point", "coordinates": [113.569111, 22.14661]}, "properties": {"pole_id": "1086", "sta_code": "T398", "name": "體育館大馬路/美獅美高梅", "name_en": "AV. NAVE DESPORTIVA / MGM COTAI", "name_por": "AV. NAVE DESPORTIVA / MGM COTAI", "routes": "50,701X,N5", "lat": 22.14661, "lng": 113.569111}}, {"type": "Feature", "geometry": {"type": "Point", "coordinates": [113.56714, 22.206562]}, "properties": {"pole_id": "1089", "sta_code": "M801", "name": "泰安大馬路", "name_en": "AV TAI ON", "name_por": "AV TAI ON", "routes": "101,102,103,2A,51B", "lat": 22.206562, "lng": 113.56714}}, {"type": "Feature", "geometry": {"type": "Point", "coordinates": [113.567245, 22.204823]}, "properties": {"pole_id": "1090", "sta_code": "M802", "name": "東啟大廈", "name_en": "EDF TONG KA", "name_por": "EDF TONG KA", "routes": "101,102,103,51B", "lat": 22.204823, "lng": 113.567245}}, {"type": "Feature", "geometry": {"type": "Point", "coordinates": [113.559642, 22.208789]}, "properties": {"pole_id": "1091", "sta_code": "M286", "name": "東方明珠大馬路/樂居", "name_en": "AV PÉROLA ORIENTAL/LOK KOI", "name_por": "AV PÉROLA ORIENTAL/LOK KOI", "routes": "34,51A", "lat": 22.208789, "lng": 113.559642}}, {"type": "Feature", "geometry": {"type": "Point", "coordinates": [113.554638, 22.204912]}, "properties": {"pole_id": "1092", "sta_code": "M49", "name": "望信樓/慕拉士政府綜合服務中心-1", "name_en": "EDF. MONG SON / CENTR. SERV. RAEM NA AV. VENC. MORAIS -1", "name_por": "EDF. MONG SON / CENTR. SERV. RAEM NA AV. VENC. MORAIS -1", "routes": "10,1A,2,28B,29", "lat": 22.204912, "lng": 113.554638}}, {"type": "Feature", "geometry": {"type": "Point", "coordinates": [113.554279, 22.204621]}, "properties": {"pole_id": "1093", "sta_code": "M56", "name": "望信樓/慕拉士政府綜合服務中心-2", "name_en": "EDF. MONG SON / CENTR. SERV. RAEM NA AV. VENC. MORAIS -2", "name_por": "EDF. MONG SON / CENTR. SERV. RAEM NA AV. VENC. MORAIS -2", "routes": "6A,H2", "lat": 22.204621, "lng": 113.554279}}, {"type": "Feature", "geometry": {"type": "Point", "coordinates": [113.552846, 22.208485]}, "properties": {"pole_id": "1095", "sta_code": "M230", "name": "高利亞海軍上將大馬路", "name_en": "AV. ALM. MAGALHÃES CORREIA", "name_por": "AV. ALM. MAGALHÃES CORREIA", "routes": "MT3", "lat": 22.208485, "lng": 113.552846}}, {"type": "Feature", "geometry": {"type": "Point", "coordinates": [113.550971, 22.150037]}, "properties": {"pole_id": "392", "sta_code": "T421", "name": "皇庭海景酒店", "name_en": "POUSADA MARINA INFANTE", "name_por": "POUSADA MARINA INFANTE", "routes": "102,52,55,71,71S,73,H3,N6", "lat": 22.150037, "lng": 113.550971}}, {"type": "Feature", "geometry": {"type": "Point", "coordinates": [113.552477, 22.117951]}, "properties": {"pole_id": "1096", "sta_code": "C659", "name": "路環街市/打纜街", "name_en": "VILA DE COLOANE / RUA DA CORDOARIA", "name_por": "VILA DE COLOANE / RUA DA CORDOARIA", "routes": "21A,26A", "lat": 22.117951, "lng": 113.552477}}, {"type": "Feature", "geometry": {"type": "Point", "coordinates": [113.547486, 22.211793]}, "properties": {"pole_id": "1097", "sta_code": "M278", "name": "巴波沙/李寶椿街", "name_en": "AV. ARTUR DE TAMAGNINI BARBOSA / RUA DE LEI POU CH’ÔN", "name_por": "AV. ARTUR DE TAMAGNINI BARBOSA / RUA DE LEI POU CH’ÔN", "routes": "1,10,29,34,9,9A", "lat": 22.211793, "lng": 113.547486}}, {"type": "Feature", "geometry": {"type": "Point", "coordinates": [113.549642, 22.215512]}, "properties": {"pole_id": "1098", "sta_code": "M9", "name": "關閘廣場", "name_en": "BARRIER GATE PLAZA", "name_por": "PRAÇA DAS PORTAS DO CERCO", "routes": "17S1,27,3AS,3BX,AP1", "lat": 22.215512, "lng": 113.549642}}, {"type": "Feature", "geometry": {"type": "Point", "coordinates": [113.549772, 22.215475]}, "properties": {"pole_id": "1099", "sta_code": "M9", "name": "關閘廣場", "name_en": "BARRIER GATE PLAZA", "name_por": "PRAÇA DAS PORTAS DO CERCO", "routes": "30X,3AX,59", "lat": 22.215475, "lng": 113.549772}}, {"type": "Feature", "geometry": {"type": "Point", "coordinates": [113.549966, 22.215349]}, "properties": {"pole_id": "1100", "sta_code": "M9", "name": "關閘廣場", "name_en": "BARRIER GATE PLAZA", "name_por": "PRAÇA DAS PORTAS DO CERCO", "routes": "25AX,51B", "lat": 22.215349, "lng": 113.549966}}, {"type": "Feature", "geometry": {"type": "Point", "coordinates": [113.549947, 22.215216]}, "properties": {"pole_id": "1101", "sta_code": "M9", "name": "關閘廣場", "name_en": "BARRIER GATE PLAZA", "name_por": "PRAÇA DAS PORTAS DO CERCO", "routes": "51", "lat": 22.215216, "lng": 113.549947}}, {"type": "Feature", "geometry": {"type": "Point", "coordinates": [113.553228, 22.118184]}, "properties": {"pole_id": "629", "sta_code": "C660", "name": "路環居民大會堂", "name_en": "ASSOC. DE M. DE COLOANE", "name_por": "ASSOC. DE M. DE COLOANE", "routes": "21A,26A", "lat": 22.118184, "lng": 113.553228}}, {"type": "Feature", "geometry": {"type": "Point", "coordinates": [113.560488, 22.138985]}, "properties": {"pole_id": "934", "sta_code": "T355", "name": "蓮花路停車場", "name_en": "AUTO-SILO DA ESTRADA FLOR DE LÓTUS", "name_por": "AUTO-SILO DA ESTRADA FLOR DE LÓTUS", "routes": "102,25B,25BS,26,26S,50,701X,N6", "lat": 22.138985, "lng": 113.560488}}, {"type": "Feature", "geometry": {"type": "Point", "coordinates": [113.560804, 22.138948]}, "properties": {"pole_id": "967", "sta_code": "T355", "name": "蓮花路停車場", "name_en": "AUTO-SILO DA ESTRADA FLOR DE LÓTUS", "name_por": "AUTO-SILO DA ESTRADA FLOR DE LÓTUS", "routes": "15,21A,25,26,26A,50,N3", "lat": 22.138948, "lng": 113.560804}}, {"type": "Feature", "geometry": {"type": "Point", "coordinates": [113.565069, 22.206034]}, "properties": {"pole_id": "1104", "sta_code": "M804", "name": "東城大廈", "name_en": "EDF. TONG SENG", "name_por": "EDF. TONG SENG", "routes": "103", "lat": 22.206034, "lng": 113.565069}}, {"type": "Feature", "geometry": {"type": "Point", "coordinates": [113.557312, 22.210816]}, "properties": {"pole_id": "1105", "sta_code": "M2", "name": "東方明珠總站", "name_en": "ORIENTAL PEARL / TERMINAL", "name_por": "PÉROLA ORIENTAL / TERMINAL", "routes": "2A", "lat": 22.210816, "lng": 113.557312}}, {"type": "Feature", "geometry": {"type": "Point", "coordinates": [113.55698, 22.21048]}, "properties": {"pole_id": "1106", "sta_code": "M2", "name": "東方明珠總站", "name_en": "ORIENTAL PEARL / TERMINAL", "name_por": "PÉROLA ORIENTAL / TERMINAL", "routes": "18A,27,2A,7", "lat": 22.21048, "lng": 113.55698}}, {"type": "Feature", "geometry": {"type": "Point", "coordinates": [113.557721, 22.129887]}, "properties": {"pole_id": "1107", "sta_code": "C704", "name": "榕樹街/石排灣馬路", "name_en": "R. ÁRVORES PAGODE/ ESTR. SEAC PAI VAN", "name_por": "R. ÁRVORES PAGODE/ ESTR. SEAC PAI VAN", "routes": "52", "lat": 22.129887, "lng": 113.557721}}, {"type": "Feature", "geometry": {"type": "Point", "coordinates": [113.557617, 22.129722]}, "properties": {"pole_id": "1109", "sta_code": "C703", "name": "榕樹街/金峰南岸", "name_en": "R. ÁRVORES PAGODE/ONE OASIS", "name_por": "R. ÁRVORES PAGODE/ONE OASIS", "routes": "52", "lat": 22.129722, "lng": 113.557617}}, {"type": "Feature", "geometry": {"type": "Point", "coordinates": [113.541244, 22.182291]}, "properties": {"pole_id": "1110", "sta_code": "M280", "name": "孫逸仙大馬路/觀光塔街", "name_en": "AV. DR. SUN YAT-SEN / RUA DA TORRE DE MACAU", "name_por": "AV. DR. SUN YAT-SEN / RUA DA TORRE DE MACAU", "routes": "60,65", "lat": 22.182291, "lng": 113.541244}}, {"type": "Feature", "geometry": {"type": "Point", "coordinates": [113.556816, 22.164286]}, "properties": {"pole_id": "1111", "sta_code": "T305", "name": "城市大學", "name_en": "UNIVERSIDADE DA CIDADE", "name_por": "UNIVERSIDADE DA CIDADE", "routes": "11,37", "lat": 22.164286, "lng": 113.556816}}, {"type": "Feature", "geometry": {"type": "Point", "coordinates": [113.56633, 22.207371]}, "properties": {"pole_id": "1112", "sta_code": "M807", "name": "東安樓", "name_en": "EDF. TONG ON", "name_por": "EDF. TONG ON", "routes": "101,102,2A,51B", "lat": 22.207371, "lng": 113.56633}}, {"type": "Feature", "geometry": {"type": "Point", "coordinates": [113.564174, 22.207052]}, "properties": {"pole_id": "1113", "sta_code": "M805", "name": "東強大廈", "name_en": "EDF. TONG KEONG", "name_por": "EDF. TONG KEONG", "routes": "101,102,2A,51B", "lat": 22.207052, "lng": 113.564174}}, {"type": "Feature", "geometry": {"type": "Point", "coordinates": [113.564233, 22.207019]}, "properties": {"pole_id": "1114", "sta_code": "M806", "name": "東富樓", "name_en": "EDF. TONG FU", "name_por": "EDF. TONG FU", "routes": "101,102,2A,51B", "lat": 22.207019, "lng": 113.564233}}, {"type": "Feature", "geometry": {"type": "Point", "coordinates": [113.564902, 22.205177]}, "properties": {"pole_id": "1116", "sta_code": "TEAM_17", "name": "馬萬祺東城大廈臨時站", "name_en": "PARAGEM PROVISÓRIA“MA MAN KEI / EDF. TONG SENG", "name_por": "PARAGEM PROVISÓRIA“MA MAN KEI / EDF. TONG SENG", "routes": "101,102,2A,51B", "lat": 22.205177, "lng": 113.564902}}, {"type": "Feature", "geometry": {"type": "Point", "coordinates": [113.567627, 22.205179]}, "properties": {"pole_id": "1117", "sta_code": "M803", "name": "東城第三街", "name_en": "R. TRÊS ZONA ESTE", "name_por": "R. TRÊS ZONA ESTE", "routes": "2A", "lat": 22.205179, "lng": 113.567627}}]}