{
  "type": "FeatureCollection",
  "features": [
    {
      "type": "Feature",
      "geometry": {
        "type": "Point",
        "coordinates": [
          113.542154,
          22.197153
        ]
      },
      "properties": {
        "osm_id": "node/1449239316",
        "name": "澳門博物館 Museu de Macau",
        "name_zh": "澳門博物館",
        "name_en": "Museum of Macau",
        "name_pt": "Museu de Macau",
        "category": "tourism",
        "category_value": "museum",
        "category_label": "觀光",
        "opening_hours": null,
        "cuisine": null,
        "wikidata": "Q842525",
        "website": null,
        "ele": null,
        "lat": 22.197153,
        "lng": 113.542154,
        "source": "osm"
      }
    },
    {
      "type": "Feature",
      "geometry": {
        "type": "Point",
        "coordinates": [
          113.561245,
          22.155324
        ]
      },
      "properties": {
        "osm_id": "node/1753872995",
        "name": "大潭山眺望台 Miradouro da Taipa Grande",
        "name_zh": "大潭山眺望台",
        "name_en": "Taipa Grande Viewing Platform",
        "name_pt": "Miradouro da Taipa Grande",
        "category": "tourism",
        "category_value": "viewpoint",
        "category_label": "觀光",
        "opening_hours": null,
        "cuisine": null,
        "wikidata": null,
        "website": null,
        "ele": null,
        "lat": 22.155324,
        "lng": 113.561245,
        "source": "osm"
      }
    },
    {
      "type": "Feature",
      "geometry": {
        "type": "Point",
        "coordinates": [
          113.549205,
          22.215939
        ]
      },
      "properties": {
        "osm_id": "node/1758263006",
        "name": "關閘 Portas do Cerco",
        "name_zh": "關閘",
        "name_en": null,
        "name_pt": "Portas do Cerco",
        "category": "historic",
        "category_value": "monument",
        "category_label": "歷史",
        "opening_hours": null,
        "cuisine": null,
        "wikidata": "Q3272047",
        "website": null,
        "ele": null,
        "lat": 22.215939,
        "lng": 113.549205,
        "source": "osm"
      }
    },
    {
      "type": "Feature",
      "geometry": {
        "type": "Point",
        "coordinates": [
          113.551139,
          22.186785
        ]
      },
      "properties": {
        "osm_id": "node/2390671456",
        "name": "Golden Island",
        "name_zh": "Golden Island",
        "name_en": null,
        "name_pt": null,
        "category": "food",
        "category_value": "restaurant",
        "category_label": "美食",
        "opening_hours": null,
        "cuisine": null,
        "wikidata": null,
        "website": null,
        "ele": null,
        "lat": 22.186785,
        "lng": 113.551139,
        "source": "osm"
      }
    },
    {
      "type": "Feature",
      "geometry": {
        "type": "Point",
        "coordinates": [
          113.556754,
          22.125757
        ]
      },
      "properties": {
        "osm_id": "node/2392889289",
        "name": "土地暨自然博物館 Museu Natural e Agrário",
        "name_zh": "土地暨自然博物館",
        "name_en": "Natural and Agrarian Museum",
        "name_pt": "Museu Natural e Agrário",
        "category": "tourism",
        "category_value": "museum",
        "category_label": "觀光",
        "opening_hours": "Mo-Fr 10:00-17:00",
        "cuisine": null,
        "wikidata": "Q10927675",
        "website": "https://nature.iacm.gov.mo",
        "ele": null,
        "lat": 22.125757,
        "lng": 113.556754,
        "source": "osm"
      }
    },
    {
      "type": "Feature",
      "geometry": {
        "type": "Point",
        "coordinates": [
          113.54354,
          22.198351
        ]
      },
      "properties": {
        "osm_id": "node/2854344138",
        "name": "麥當勞 McDonald's",
        "name_zh": "麥當勞",
        "name_en": "McDonald's",
        "name_pt": null,
        "category": "food",
        "category_value": "fast_food",
        "category_label": "美食",
        "opening_hours": null,
        "cuisine": "burger",
        "wikidata": null,
        "website": null,
        "ele": null,
        "lat": 22.198351,
        "lng": 113.54354,
        "source": "osm"
      }
    },
    {
      "type": "Feature",
      "geometry": {
        "type": "Point",
        "coordinates": [
          113.537522,
          22.200011
        ]
      },
      "properties": {
        "osm_id": "node/2854344139",
        "name": "Ngao Kei Ka Lei Chon",
        "name_zh": "牛記咖哩美食",
        "name_en": null,
        "name_pt": null,
        "category": "food",
        "category_value": "restaurant",
        "category_label": "美食",
        "opening_hours": "Mo-Su 08:00-02:00",
        "cuisine": null,
        "wikidata": null,
        "website": null,
        "ele": null,
        "lat": 22.200011,
        "lng": 113.537522,
        "source": "osm"
      }
    },
    {
      "type": "Feature",
      "geometry": {
        "type": "Point",
        "coordinates": [
          113.544272,
          22.124276
        ]
      },
      "properties": {
        "osm_id": "node/2931447451",
        "name": "東望洋餅店 Padaria da Guia",
        "name_zh": "東望洋餅店",
        "name_en": "Padaria da Guia",
        "name_pt": null,
        "category": "food",
        "category_value": "restaurant",
        "category_label": "美食",
        "opening_hours": "Mo-Su 08:00-22:00",
        "cuisine": null,
        "wikidata": null,
        "website": "https://css.cmdo.um.edu.mo/portfolio-items/padaria-da-guia/?portfolioCats=159%2C158%2C247",
        "ele": null,
        "lat": 22.124276,
        "lng": 113.544272,
        "source": "osm"
      }
    },
    {
      "type": "Feature",
      "geometry": {
        "type": "Point",
        "coordinates": [
          113.545076,
          22.130596
        ]
      },
      "properties": {
        "osm_id": "node/2931448635",
        "name": "玫瑰園 Café Rose Garden",
        "name_zh": "玫瑰園",
        "name_en": "Café Rose Garden",
        "name_pt": null,
        "category": "food",
        "category_value": "restaurant",
        "category_label": "美食",
        "opening_hours": "Mo-Su 08:00-22:00",
        "cuisine": null,
        "wikidata": null,
        "website": "https://css.cmdo.um.edu.mo/portfolio-items/caferosegarden/?portfolioCats=159%2C158%2C247",
        "ele": null,
        "lat": 22.130596,
        "lng": 113.545076,
        "source": "osm"
      }
    },
    {
      "type": "Feature",
      "geometry": {
        "type": "Point",
        "coordinates": [
          113.552501,
          22.188926
        ]
      },
      "properties": {
        "osm_id": "node/2948029922",
        "name": "Studio321",
        "name_zh": "Studio321",
        "name_en": null,
        "name_pt": null,
        "category": "food",
        "category_value": "restaurant",
        "category_label": "美食",
        "opening_hours": "Mo-Sa 12:00-22:00",
        "cuisine": "italian;french",
        "wikidata": null,
        "website": "http://www.studio321macau.com",
        "ele": null,
        "lat": 22.188926,
        "lng": 113.552501,
        "source": "osm"
      }
    },
    {
      "type": "Feature",
      "geometry": {
        "type": "Point",
        "coordinates": [
          113.545128,
          22.128045
        ]
      },
      "properties": {
        "osm_id": "node/2948030377",
        "name": "時光屋 Next Kitchen",
        "name_zh": "時光屋",
        "name_en": "Next Kitchen",
        "name_pt": null,
        "category": "food",
        "category_value": "restaurant",
        "category_label": "美食",
        "opening_hours": "Mo-Su 08:00-20:00",
        "cuisine": null,
        "wikidata": null,
        "website": "https://css.cmdo.um.edu.mo/portfolio-items/nextkitchen/?portfolioCats=159%2C158%2C247",
        "ele": null,
        "lat": 22.128045,
        "lng": 113.545128,
        "source": "osm"
      }
    },
    {
      "type": "Feature",
      "geometry": {
        "type": "Point",
        "coordinates": [
          113.562306,
          22.129566
        ]
      },
      "properties": {
        "osm_id": "node/2950690410",
        "name": "小泉居 Café Eskimo",
        "name_zh": "小泉居",
        "name_en": "Café Eskimo",
        "name_pt": null,
        "category": "food",
        "category_value": "restaurant",
        "category_label": "美食",
        "opening_hours": "Mo-Su 00:00-01:00,09:00-17:00,18:30-24:00",
        "cuisine": null,
        "wikidata": null,
        "website": null,
        "ele": null,
        "lat": 22.129566,
        "lng": 113.562306,
        "source": "osm"
      }
    },
    {
      "type": "Feature",
      "geometry": {
        "type": "Point",
        "coordinates": [
          113.563858,
          22.129978
        ]
      },
      "properties": {
        "osm_id": "node/2950690413",
        "name": "石排灣餐飲店 Estabelecimento de Comidas Seac Pai Van",
        "name_zh": "石排灣餐飲店",
        "name_en": null,
        "name_pt": "Estabelecimento de Comidas Seac Pai Van",
        "category": "food",
        "category_value": "restaurant",
        "category_label": "美食",
        "opening_hours": "Mo-Su 10:00-20:00",
        "cuisine": null,
        "wikidata": null,
        "website": null,
        "ele": null,
        "lat": 22.129978,
        "lng": 113.563858,
        "source": "osm"
      }
    },
    {
      "type": "Feature",
      "geometry": {
        "type": "Point",
        "coordinates": [
          113.562472,
          22.129562
        ]
      },
      "properties": {
        "osm_id": "node/2950694039",
        "name": "飯飯佳茶餐廳 Cantina Tudo Bom",
        "name_zh": "飯飯佳茶餐廳",
        "name_en": null,
        "name_pt": "Cantina Tudo Bom",
        "category": "food",
        "category_value": "restaurant",
        "category_label": "美食",
        "opening_hours": "Mo-Su 11:00-20:00",
        "cuisine": null,
        "wikidata": null,
        "website": null,
        "ele": null,
        "lat": 22.129562,
        "lng": 113.562472,
        "source": "osm"
      }
    },
    {
      "type": "Feature",
      "geometry": {
        "type": "Point",
        "coordinates": [
          113.565796,
          22.15889
        ]
      },
      "properties": {
        "osm_id": "node/2992376894",
        "name": "大潭山 Taipa Grande",
        "name_zh": "大潭山",
        "name_en": null,
        "name_pt": "Taipa Grande",
        "category": "natural",
        "category_value": "peak",
        "category_label": "自然",
        "opening_hours": null,
        "cuisine": null,
        "wikidata": "Q27728382",
        "website": null,
        "ele": "158.2",
        "lat": 22.15889,
        "lng": 113.565796,
        "source": "osm"
      }
    },
    {
      "type": "Feature",
      "geometry": {
        "type": "Point",
        "coordinates": [
          113.547552,
          22.161278
        ]
      },
      "properties": {
        "osm_id": "node/2992376895",
        "name": "小潭山 Taipa Pequena",
        "name_zh": "小潭山",
        "name_en": "Taipa Pequena",
        "name_pt": null,
        "category": "natural",
        "category_value": "peak",
        "category_label": "自然",
        "opening_hours": null,
        "cuisine": null,
        "wikidata": "Q10879914",
        "website": null,
        "ele": "110.4",
        "lat": 22.161278,
        "lng": 113.547552,
        "source": "osm"
      }
    },
    {
      "type": "Feature",
      "geometry": {
        "type": "Point",
        "coordinates": [
          113.561295,
          22.120654
        ]
      },
      "properties": {
        "osm_id": "node/2992376898",
        "name": "疊石塘山 Alto de Coloane",
        "name_zh": "疊石塘山",
        "name_en": "Coloane Alto",
        "name_pt": "Alto de Coloane",
        "category": "natural",
        "category_value": "peak",
        "category_label": "自然",
        "opening_hours": null,
        "cuisine": null,
        "wikidata": "Q5147805",
        "website": null,
        "ele": "170.6",
        "lat": 22.120654,
        "lng": 113.561295,
        "source": "osm"
      }
    },
    {
      "type": "Feature",
      "geometry": {
        "type": "Point",
        "coordinates": [
          113.545715,
          22.133529
        ]
      },
      "properties": {
        "osm_id": "node/3048670121",
        "name": "萬豪軒 Grand Plaza",
        "name_zh": "萬豪軒",
        "name_en": "Grand Plaza",
        "name_pt": null,
        "category": "food",
        "category_value": "restaurant",
        "category_label": "美食",
        "opening_hours": "Mo-Su 08:00-15:00,17:30-22:00",
        "cuisine": null,
        "wikidata": null,
        "website": "https://css.cmdo.um.edu.mo/portfolio-items/grandplaza/?portfolioCats=159%2C158%2C247",
        "ele": null,
        "lat": 22.133529,
        "lng": 113.545715,
        "source": "osm"
      }
    },
    {
      "type": "Feature",
      "geometry": {
        "type": "Point",
        "coordinates": [
          113.546847,
          22.195889
        ]
      },
      "properties": {
        "osm_id": "node/3074286849",
        "name": "紅樹林",
        "name_zh": "紅樹林",
        "name_en": null,
        "name_pt": null,
        "category": "food",
        "category_value": "cafe",
        "category_label": "美食",
        "opening_hours": null,
        "cuisine": null,
        "wikidata": null,
        "website": null,
        "ele": null,
        "lat": 22.195889,
        "lng": 113.546847,
        "source": "osm"
      }
    },
    {
      "type": "Feature",
      "geometry": {
        "type": "Point",
        "coordinates": [
          113.551096,
          22.157151
        ]
      },
      "properties": {
        "osm_id": "node/3100104704",
        "name": "四面佛 O Buda de Quatro Faces",
        "name_zh": "四面佛",
        "name_en": "Four-Faced Buddha",
        "name_pt": "O Buda de Quatro Faces",
        "category": "amenity",
        "category_value": "place_of_worship",
        "category_label": "設施",
        "opening_hours": null,
        "cuisine": null,
        "wikidata": "Q121007964",
        "website": null,
        "ele": null,
        "lat": 22.157151,
        "lng": 113.551096,
        "source": "osm"
      }
    },
    {
      "type": "Feature",
      "geometry": {
        "type": "Point",
        "coordinates": [
          113.555397,
          22.196849
        ]
      },
      "properties": {
        "osm_id": "node/3100104705",
        "name": "富豪吧 Kingpin Bar",
        "name_zh": "富豪吧",
        "name_en": "Kingpin Bar",
        "name_pt": null,
        "category": "food",
        "category_value": "bar",
        "category_label": "美食",
        "opening_hours": null,
        "cuisine": null,
        "wikidata": null,
        "website": null,
        "ele": null,
        "lat": 22.196849,
        "lng": 113.555397,
        "source": "osm"
      }
    },
    {
      "type": "Feature",
      "geometry": {
        "type": "Point",
        "coordinates": [
          113.55381,
          22.196958
        ]
      },
      "properties": {
        "osm_id": "node/3100104706",
        "name": "御膳坊中餐廳",
        "name_zh": "御膳坊中餐廳",
        "name_en": null,
        "name_pt": null,
        "category": "food",
        "category_value": "restaurant",
        "category_label": "美食",
        "opening_hours": "Mo-Su 11:00-15:00,18:00-23:00",
        "cuisine": "chinese",
        "wikidata": null,
        "website": null,
        "ele": null,
        "lat": 22.196958,
        "lng": 113.55381,
        "source": "osm"
      }
    },
    {
      "type": "Feature",
      "geometry": {
        "type": "Point",
        "coordinates": [
          113.555517,
          22.197064
        ]
      },
      "properties": {
        "osm_id": "node/3100104708",
        "name": "珍厨中菜廳 GEM Kitchen",
        "name_zh": "珍厨中菜廳",
        "name_en": "GEM Kitchen",
        "name_pt": null,
        "category": "food",
        "category_value": "restaurant",
        "category_label": "美食",
        "opening_hours": "Mo-Su 11:00-15:00,18:00-23:00",
        "cuisine": "chinese",
        "wikidata": null,
        "website": null,
        "ele": null,
        "lat": 22.197064,
        "lng": 113.555517,
        "source": "osm"
      }
    },
    {
      "type": "Feature",
      "geometry": {
        "type": "Point",
        "coordinates": [
          113.553866,
          22.19684
        ]
      },
      "properties": {
        "osm_id": "node/3100104709",
        "name": "珮納宮西餐廳",
        "name_zh": "珮納宮西餐廳",
        "name_en": null,
        "name_pt": null,
        "category": "food",
        "category_value": "restaurant",
        "category_label": "美食",
        "opening_hours": "Mo-Su 07:00-15:00,19:00-23:30",
        "cuisine": null,
        "wikidata": null,
        "website": null,
        "ele": null,
        "lat": 22.19684,
        "lng": 113.553866,
        "source": "osm"
      }
    },
    {
      "type": "Feature",
      "geometry": {
        "type": "Point",
        "coordinates": [
          113.555764,
          22.196678
        ]
      },
      "properties": {
        "osm_id": "node/3100104710",
        "name": "發財粥麵 Jackpot Noodles",
        "name_zh": "發財粥麵",
        "name_en": "Jackpot Noodles",
        "name_pt": null,
        "category": "food",
        "category_value": "restaurant",
        "category_label": "美食",
        "opening_hours": null,
        "cuisine": "chinese",
        "wikidata": null,
        "website": null,
        "ele": null,
        "lat": 22.196678,
        "lng": 113.555764,
        "source": "osm"
      }
    },
    {
      "type": "Feature",
      "geometry": {
        "type": "Point",
        "coordinates": [
          113.555959,
          22.196991
        ]
      },
      "properties": {
        "osm_id": "node/3100110599",
        "name": "聚財飯店 Treasure House",
        "name_zh": "聚財飯店",
        "name_en": "Treasure House",
        "name_pt": null,
        "category": "food",
        "category_value": "restaurant",
        "category_label": "美食",
        "opening_hours": null,
        "cuisine": "chinese",
        "wikidata": null,
        "website": null,
        "ele": null,
        "lat": 22.196991,
        "lng": 113.555959,
        "source": "osm"
      }
    },
    {
      "type": "Feature",
      "geometry": {
        "type": "Point",
        "coordinates": [
          113.531709,
          22.179543
        ]
      },
      "properties": {
        "osm_id": "node/3100110600",
        "name": "融和門 Portas do Entendimento",
        "name_zh": "融和門",
        "name_en": null,
        "name_pt": "Portas do Entendimento",
        "category": "tourism",
        "category_value": "artwork",
        "category_label": "觀光",
        "opening_hours": null,
        "cuisine": null,
        "wikidata": "Q123582663",
        "website": null,
        "ele": null,
        "lat": 22.179543,
        "lng": 113.531709,
        "source": "osm"
      }
    },
    {
      "type": "Feature",
      "geometry": {
        "type": "Point",
        "coordinates": [
          113.55571,
          22.197251
        ]
      },
      "properties": {
        "osm_id": "node/3100110601",
        "name": "運財閣 Good Luck Corner",
        "name_zh": "運財閣",
        "name_en": "Good Luck Corner",
        "name_pt": null,
        "category": "food",
        "category_value": "bar",
        "category_label": "美食",
        "opening_hours": null,
        "cuisine": null,
        "wikidata": null,
        "website": null,
        "ele": null,
        "lat": 22.197251,
        "lng": 113.55571,
        "source": "osm"
      }
    },
    {
      "type": "Feature",
      "geometry": {
        "type": "Point",
        "coordinates": [
          113.553675,
          22.196912
        ]
      },
      "properties": {
        "osm_id": "node/3100110603",
        "name": "騎士吧",
        "name_zh": "騎士吧",
        "name_en": null,
        "name_pt": null,
        "category": "food",
        "category_value": "bar",
        "category_label": "美食",
        "opening_hours": "24/7",
        "cuisine": null,
        "wikidata": null,
        "website": null,
        "ele": null,
        "lat": 22.196912,
        "lng": 113.553675,
        "source": "osm"
      }
    },
    {
      "type": "Feature",
      "geometry": {
        "type": "Point",
        "coordinates": [
          113.550945,
          22.118727
        ]
      },
      "properties": {
        "osm_id": "node/3124646751",
        "name": "三聖宮廟 Templo de Sam Seng Kong",
        "name_zh": "三聖宮廟",
        "name_en": "Sam Seng Kong Temple",
        "name_pt": "Templo de Sam Seng Kong",
        "category": "amenity",
        "category_value": "place_of_worship",
        "category_label": "設施",
        "opening_hours": null,
        "cuisine": null,
        "wikidata": null,
        "website": null,
        "ele": null,
        "lat": 22.118727,
        "lng": 113.550945,
        "source": "osm"
      }
    },
    {
      "type": "Feature",
      "geometry": {
        "type": "Point",
        "coordinates": [
          113.562751,
          22.114656
        ]
      },
      "properties": {
        "osm_id": "node/3124646934",
        "name": "竹灣燒烤公園 Parque Merendas Cheoc Van",
        "name_zh": "竹灣燒烤公園",
        "name_en": "Cheoc Van Barbecue Park",
        "name_pt": "Parque Merendas Cheoc Van",
        "category": "leisure",
        "category_value": "park",
        "category_label": "休閒",
        "opening_hours": null,
        "cuisine": null,
        "wikidata": null,
        "website": null,
        "ele": null,
        "lat": 22.114656,
        "lng": 113.562751,
        "source": "osm"
      }
    },
    {
      "type": "Feature",
      "geometry": {
        "type": "Point",
        "coordinates": [
          113.571254,
          22.124424
        ]
      },
      "properties": {
        "osm_id": "node/3124646943",
        "name": "黑沙水庫郊野公園 Parque Natural da Barragem de Hac Sá",
        "name_zh": "黑沙水庫郊野公園",
        "name_en": "Hac Sa Reservoir Natural Park",
        "name_pt": "Parque Natural da Barragem de Hac Sá",
        "category": "leisure",
        "category_value": "park",
        "category_label": "休閒",
        "opening_hours": null,
        "cuisine": null,
        "wikidata": null,
        "website": null,
        "ele": null,
        "lat": 22.124424,
        "lng": 113.571254,
        "source": "osm"
      }
    },
    {
      "type": "Feature",
      "geometry": {
        "type": "Point",
        "coordinates": [
          113.577711,
          22.133898
        ]
      },
      "properties": {
        "osm_id": "node/3124646944",
        "name": "九澳水庫郊野公園 Parque de Merendas da Barragem de Ká-Hó",
        "name_zh": "九澳水庫郊野公園",
        "name_en": null,
        "name_pt": "Parque de Merendas da Barragem de Ká-Hó",
        "category": "leisure",
        "category_value": "park",
        "category_label": "休閒",
        "opening_hours": null,
        "cuisine": null,
        "wikidata": null,
        "website": null,
        "ele": null,
        "lat": 22.133898,
        "lng": 113.577711,
        "source": "osm"
      }
    },
    {
      "type": "Feature",
      "geometry": {
        "type": "Point",
        "coordinates": [
          113.555571,
          22.123761
        ]
      },
      "properties": {
        "osm_id": "node/3124646948",
        "name": "路環健康徑公園 Trilha da Saúde de Coloane",
        "name_zh": "路環健康徑公園",
        "name_en": null,
        "name_pt": "Trilha da Saúde de Coloane",
        "category": "leisure",
        "category_value": "park",
        "category_label": "休閒",
        "opening_hours": null,
        "cuisine": null,
        "wikidata": null,
        "website": null,
        "ele": null,
        "lat": 22.123761,
        "lng": 113.555571,
        "source": "osm"
      }
    },
    {
      "type": "Feature",
      "geometry": {
        "type": "Point",
        "coordinates": [
          113.558763,
          22.121922
        ]
      },
      "properties": {
        "osm_id": "node/3124646949",
        "name": "路環步行徑公園 Parque de Trilhos de Coloane",
        "name_zh": "路環步行徑公園",
        "name_en": "Coloane Trail Park",
        "name_pt": "Parque de Trilhos de Coloane",
        "category": "leisure",
        "category_value": "park",
        "category_label": "休閒",
        "opening_hours": null,
        "cuisine": null,
        "wikidata": null,
        "website": null,
        "ele": null,
        "lat": 22.121922,
        "lng": 113.558763,
        "source": "osm"
      }
    },
    {
      "type": "Feature",
      "geometry": {
        "type": "Point",
        "coordinates": [
          113.564027,
          22.122358
        ]
      },
      "properties": {
        "osm_id": "node/3124646951",
        "name": "路環山頂公園 Jardim de Alto de Coloane",
        "name_zh": "路環山頂公園",
        "name_en": "Coloane Height Park",
        "name_pt": "Jardim de Alto de Coloane",
        "category": "leisure",
        "category_value": "park",
        "category_label": "休閒",
        "opening_hours": null,
        "cuisine": null,
        "wikidata": null,
        "website": null,
        "ele": null,
        "lat": 22.122358,
        "lng": 113.564027,
        "source": "osm"
      }
    },
    {
      "type": "Feature",
      "geometry": {
        "type": "Point",
        "coordinates": [
          113.558135,
          22.18993
        ]
      },
      "properties": {
        "osm_id": "node/3210223503",
        "name": "天一酒廊 Sky Lounge",
        "name_zh": "天一酒廊",
        "name_en": "Sky Lounge",
        "name_pt": null,
        "category": "food",
        "category_value": "bar",
        "category_label": "美食",
        "opening_hours": "Mo-Su 00:00-01:00,16:00-24:00",
        "cuisine": null,
        "wikidata": null,
        "website": null,
        "ele": null,
        "lat": 22.18993,
        "lng": 113.558135,
        "source": "osm"
      }
    },
    {
      "type": "Feature",
      "geometry": {
        "type": "Point",
        "coordinates": [
          113.557921,
          22.190009
        ]
      },
      "properties": {
        "osm_id": "node/3210223504",
        "name": "怡景餐廳 Vic's Cafe",
        "name_zh": "怡景餐廳",
        "name_en": "Vic's Cafe",
        "name_pt": null,
        "category": "food",
        "category_value": "restaurant",
        "category_label": "美食",
        "opening_hours": "Mo-Su 00:00-01:00,07:00-24:00",
        "cuisine": null,
        "wikidata": null,
        "website": null,
        "ele": null,
        "lat": 22.190009,
        "lng": 113.557921,
        "source": "osm"
      }
    },
    {
      "type": "Feature",
      "geometry": {
        "type": "Point",
        "coordinates": [
          113.530432,
          22.186104
        ]
      },
      "properties": {
        "osm_id": "node/3210223505",
        "name": "海事博物館露天茶座 Esplanada do Museu Marítimo",
        "name_zh": "海事博物館露天茶座",
        "name_en": "Esplanade of Macau Maritime Museum",
        "name_pt": "Esplanada do Museu Marítimo",
        "category": "food",
        "category_value": "cafe",
        "category_label": "美食",
        "opening_hours": null,
        "cuisine": null,
        "wikidata": null,
        "website": null,
        "ele": null,
        "lat": 22.186104,
        "lng": 113.530432,
        "source": "osm"
      }
    },
    {
      "type": "Feature",
      "geometry": {
        "type": "Point",
        "coordinates": [
          113.539907,
          22.19975
        ]
      },
      "properties": {
        "osm_id": "node/3261056769",
        "name": "馬禮遜教堂 Capela Protestante de Macau",
        "name_zh": "馬禮遜教堂",
        "name_en": "Morrison Chapel",
        "name_pt": "Capela Protestante de Macau",
        "category": "amenity",
        "category_value": "place_of_worship",
        "category_label": "設施",
        "opening_hours": "Mo-Su 08:30-17:30",
        "cuisine": null,
        "wikidata": "Q46074",
        "website": null,
        "ele": null,
        "lat": 22.19975,
        "lng": 113.539907,
        "source": "osm"
      }
    },
    {
      "type": "Feature",
      "geometry": {
        "type": "Point",
        "coordinates": [
          113.558044,
          22.156599
        ]
      },
      "properties": {
        "osm_id": "node/3290013571",
        "name": "必勝客 Pizza Hut",
        "name_zh": "必勝客",
        "name_en": "Pizza Hut",
        "name_pt": null,
        "category": "food",
        "category_value": "restaurant",
        "category_label": "美食",
        "opening_hours": null,
        "cuisine": "pizza",
        "wikidata": null,
        "website": null,
        "ele": null,
        "lat": 22.156599,
        "lng": 113.558044,
        "source": "osm"
      }
    },
    {
      "type": "Feature",
      "geometry": {
        "type": "Point",
        "coordinates": [
          113.549445,
          22.158086
        ]
      },
      "properties": {
        "osm_id": "node/3290014374",
        "name": "Subway",
        "name_zh": "賽百味",
        "name_en": "Subway",
        "name_pt": null,
        "category": "food",
        "category_value": "fast_food",
        "category_label": "美食",
        "opening_hours": null,
        "cuisine": "sandwich",
        "wikidata": null,
        "website": null,
        "ele": null,
        "lat": 22.158086,
        "lng": 113.549445,
        "source": "osm"
      }
    },
    {
      "type": "Feature",
      "geometry": {
        "type": "Point",
        "coordinates": [
          113.565359,
          22.15147
        ]
      },
      "properties": {
        "osm_id": "node/3296513975",
        "name": "星巴克 Starbucks",
        "name_zh": "星巴克",
        "name_en": "Starbucks",
        "name_pt": null,
        "category": "food",
        "category_value": "cafe",
        "category_label": "美食",
        "opening_hours": "Mo-Fr 08:00-20:00; Sa 08:00-16:00",
        "cuisine": "coffee_shop",
        "wikidata": null,
        "website": null,
        "ele": null,
        "lat": 22.15147,
        "lng": 113.565359,
        "source": "osm"
      }
    },
    {
      "type": "Feature",
      "geometry": {
        "type": "Point",
        "coordinates": [
          113.566359,
          22.152385
        ]
      },
      "properties": {
        "osm_id": "node/3296513976",
        "name": "點聚 Food Connection",
        "name_zh": "點聚",
        "name_en": "Food Connection",
        "name_pt": null,
        "category": "food",
        "category_value": "restaurant",
        "category_label": "美食",
        "opening_hours": "Mo-Sa 08:00-20:00; Su 09:00-19:00",
        "cuisine": null,
        "wikidata": null,
        "website": null,
        "ele": null,
        "lat": 22.152385,
        "lng": 113.566359,
        "source": "osm"
      }
    },
    {
      "type": "Feature",
      "geometry": {
        "type": "Point",
        "coordinates": [
          113.585036,
          22.137722
        ]
      },
      "properties": {
        "osm_id": "node/3342024944",
        "name": "九澳灣 Baia de Ká Hó",
        "name_zh": "九澳灣",
        "name_en": null,
        "name_pt": "Baia de Ká Hó",
        "category": "natural",
        "category_value": "bay",
        "category_label": "自然",
        "opening_hours": null,
        "cuisine": null,
        "wikidata": null,
        "website": null,
        "ele": null,
        "lat": 22.137722,
        "lng": 113.585036,
        "source": "osm"
      }
    },
    {
      "type": "Feature",
      "geometry": {
        "type": "Point",
        "coordinates": [
          113.555915,
          22.191056
        ]
      },
      "properties": {
        "osm_id": "node/3343889299",
        "name": "珀克酒吧 Bar Praha",
        "name_zh": "珀克酒吧",
        "name_en": "Praha Bar",
        "name_pt": null,
        "category": "food",
        "category_value": "bar",
        "category_label": "美食",
        "opening_hours": "Mo-Su 00:00-01:00,08:00-24:00",
        "cuisine": null,
        "wikidata": null,
        "website": null,
        "ele": null,
        "lat": 22.191056,
        "lng": 113.555915,
        "source": "osm"
      }
    },
    {
      "type": "Feature",
      "geometry": {
        "type": "Point",
        "coordinates": [
          113.55639,
          22.190473
        ]
      },
      "properties": {
        "osm_id": "node/3343889300",
        "name": "珀克餐廳 Restaurante da Praha",
        "name_zh": "珀克餐廳",
        "name_en": "Praha Restaurant",
        "name_pt": null,
        "category": "food",
        "category_value": "restaurant",
        "category_label": "美食",
        "opening_hours": "Mo-Su 06:30-24:00",
        "cuisine": null,
        "wikidata": null,
        "website": null,
        "ele": null,
        "lat": 22.190473,
        "lng": 113.55639,
        "source": "osm"
      }
    },
    {
      "type": "Feature",
      "geometry": {
        "type": "Point",
        "coordinates": [
          113.554938,
          22.152092
        ]
      },
      "properties": {
        "osm_id": "node/3387972976",
        "name": "馬交茶檔",
        "name_zh": "馬交茶檔",
        "name_en": null,
        "name_pt": null,
        "category": "food",
        "category_value": "restaurant",
        "category_label": "美食",
        "opening_hours": null,
        "cuisine": null,
        "wikidata": null,
        "website": null,
        "ele": null,
        "lat": 22.152092,
        "lng": 113.554938,
        "source": "osm"
      }
    },
    {
      "type": "Feature",
      "geometry": {
        "type": "Point",
        "coordinates": [
          113.552713,
          22.194553
        ]
      },
      "properties": {
        "osm_id": "node/3538330803",
        "name": "大賽車博物館 Museu do Grande Prémio",
        "name_zh": "大賽車博物館",
        "name_en": null,
        "name_pt": "Museu do Grande Prémio",
        "category": "tourism",
        "category_value": "museum",
        "category_label": "觀光",
        "opening_hours": "Mo-Su 10:00-20:00; Tu off",
        "cuisine": null,
        "wikidata": "Q5594934",
        "website": "http://www.macautourism.gov.mo",
        "ele": null,
        "lat": 22.194553,
        "lng": 113.552713,
        "source": "osm"
      }
    },
    {
      "type": "Feature",
      "geometry": {
        "type": "Point",
        "coordinates": [
          113.548067,
          22.207773
        ]
      },
      "properties": {
        "osm_id": "node/3538330804",
        "name": "望廈山市政公園 Parque Municipal da Colina de Mong Há",
        "name_zh": "望廈山市政公園",
        "name_en": "Mong Ha Hill Municipal Park",
        "name_pt": "Parque Municipal da Colina de Mong Há",
        "category": "leisure",
        "category_value": "park",
        "category_label": "休閒",
        "opening_hours": null,
        "cuisine": null,
        "wikidata": null,
        "website": null,
        "ele": null,
        "lat": 22.207773,
        "lng": 113.548067,
        "source": "osm"
      }
    },
    {
      "type": "Feature",
      "geometry": {
        "type": "Point",
        "coordinates": [
          113.545515,
          22.191537
        ]
      },
      "properties": {
        "osm_id": "node/3731306664",
        "name": "聚龍海鮮火鍋酒家",
        "name_zh": "聚龍海鮮火鍋酒家",
        "name_en": null,
        "name_pt": null,
        "category": "food",
        "category_value": "restaurant",
        "category_label": "美食",
        "opening_hours": null,
        "cuisine": "chinese",
        "wikidata": null,
        "website": null,
        "ele": null,
        "lat": 22.191537,
        "lng": 113.545515,
        "source": "osm"
      }
    },
    {
      "type": "Feature",
      "geometry": {
        "type": "Point",
        "coordinates": [
          113.546538,
          22.198622
        ]
      },
      "properties": {
        "osm_id": "node/3759785886",
        "name": "Chez Gourmet Studio 卓偲工房",
        "name_zh": "Chez Gourmet Studio 卓偲工房",
        "name_en": null,
        "name_pt": null,
        "category": "food",
        "category_value": "shop=pastry",
        "category_label": "美食",
        "opening_hours": null,
        "cuisine": null,
        "wikidata": null,
        "website": null,
        "ele": null,
        "lat": 22.198622,
        "lng": 113.546538,
        "source": "osm"
      }
    },
    {
      "type": "Feature",
      "geometry": {
        "type": "Point",
        "coordinates": [
          113.540952,
          22.19522
        ]
      },
      "properties": {
        "osm_id": "node/3842177037",
        "name": "鳳城軒",
        "name_zh": "鳳城軒",
        "name_en": null,
        "name_pt": null,
        "category": "food",
        "category_value": "restaurant",
        "category_label": "美食",
        "opening_hours": null,
        "cuisine": "chinese",
        "wikidata": null,
        "website": null,
        "ele": null,
        "lat": 22.19522,
        "lng": 113.540952,
        "source": "osm"
      }
    },
    {
      "type": "Feature",
      "geometry": {
        "type": "Point",
        "coordinates": [
          113.54515,
          22.19551
        ]
      },
      "properties": {
        "osm_id": "node/3992035012",
        "name": "Blooom Coffee House",
        "name_zh": "Blooom Coffee House",
        "name_en": null,
        "name_pt": null,
        "category": "food",
        "category_value": "cafe",
        "category_label": "美食",
        "opening_hours": null,
        "cuisine": "coffee_shop",
        "wikidata": null,
        "website": "https://blooomcoffee.myshopify.com/",
        "ele": null,
        "lat": 22.19551,
        "lng": 113.54515,
        "source": "osm"
      }
    },
    {
      "type": "Feature",
      "geometry": {
        "type": "Point",
        "coordinates": [
          113.556933,
          22.126059
        ]
      },
      "properties": {
        "osm_id": "node/4072761722",
        "name": "Sagres",
        "name_zh": "Sagres",
        "name_en": null,
        "name_pt": null,
        "category": "historic",
        "category_value": "aircraft",
        "category_label": "歷史",
        "opening_hours": null,
        "cuisine": null,
        "wikidata": null,
        "website": null,
        "ele": null,
        "lat": 22.126059,
        "lng": 113.556933,
        "source": "osm"
      }
    },
    {
      "type": "Feature",
      "geometry": {
        "type": "Point",
        "coordinates": [
          113.539284,
          22.200642
        ]
      },
      "properties": {
        "osm_id": "node/4082314901",
        "name": "賈梅士洞 Gruta de Camões",
        "name_zh": "賈梅士洞",
        "name_en": null,
        "name_pt": "Gruta de Camões",
        "category": "tourism",
        "category_value": "artwork",
        "category_label": "觀光",
        "opening_hours": null,
        "cuisine": null,
        "wikidata": null,
        "website": null,
        "ele": null,
        "lat": 22.200642,
        "lng": 113.539284,
        "source": "osm"
      }
    },
    {
      "type": "Feature",
      "geometry": {
        "type": "Point",
        "coordinates": [
          113.539379,
          22.200126
        ]
      },
      "properties": {
        "osm_id": "node/4082314902",
        "name": "擁抱 Abraço",
        "name_zh": "擁抱",
        "name_en": "Embrace",
        "name_pt": "Abraço",
        "category": "tourism",
        "category_value": "artwork",
        "category_label": "觀光",
        "opening_hours": null,
        "cuisine": null,
        "wikidata": "Q123588232",
        "website": null,
        "ele": null,
        "lat": 22.200126,
        "lng": 113.539379,
        "source": "osm"
      }
    },
    {
      "type": "Feature",
      "geometry": {
        "type": "Point",
        "coordinates": [
          113.541787,
          22.191802
        ]
      },
      "properties": {
        "osm_id": "node/4109201891",
        "name": "瑪嘉烈蛋撻店 Cafe e Nata Margaret's",
        "name_zh": "瑪嘉烈蛋撻店",
        "name_en": "Cafe e Nata Margaret's",
        "name_pt": null,
        "category": "food",
        "category_value": "restaurant",
        "category_label": "美食",
        "opening_hours": "Th-Tu 08:30-18:00",
        "cuisine": "coffee_shop",
        "wikidata": null,
        "website": null,
        "ele": null,
        "lat": 22.191802,
        "lng": 113.541787,
        "source": "osm"
      }
    },
    {
      "type": "Feature",
      "geometry": {
        "type": "Point",
        "coordinates": [
          113.534757,
          22.191155
        ]
      },
      "properties": {
        "osm_id": "node/4114240915",
        "name": "城市美食 Estabelecimento de Comidas Cidade",
        "name_zh": "城市美食",
        "name_en": null,
        "name_pt": "Estabelecimento de Comidas Cidade",
        "category": "food",
        "category_value": "restaurant",
        "category_label": "美食",
        "opening_hours": "Mo-Su 06:00-17:30",
        "cuisine": null,
        "wikidata": null,
        "website": null,
        "ele": null,
        "lat": 22.191155,
        "lng": 113.534757,
        "source": "osm"
      }
    },
    {
      "type": "Feature",
      "geometry": {
        "type": "Point",
        "coordinates": [
          113.540806,
          22.19425
        ]
      },
      "properties": {
        "osm_id": "node/4163090091",
        "name": "九如坊",
        "name_zh": "九如坊",
        "name_en": null,
        "name_pt": null,
        "category": "food",
        "category_value": "restaurant",
        "category_label": "美食",
        "opening_hours": "Tu-Su 12:00-23:00",
        "cuisine": null,
        "wikidata": null,
        "website": null,
        "ele": null,
        "lat": 22.19425,
        "lng": 113.540806,
        "source": "osm"
      }
    },
    {
      "type": "Feature",
      "geometry": {
        "type": "Point",
        "coordinates": [
          113.541013,
          22.194239
        ]
      },
      "properties": {
        "osm_id": "node/4163198389",
        "name": "檸檬車露 LemonCello Gelato",
        "name_zh": "Stickhouse Macau",
        "name_en": null,
        "name_pt": null,
        "category": "food",
        "category_value": "restaurant",
        "category_label": "美食",
        "opening_hours": "Mo-Su 10:30-22:00",
        "cuisine": null,
        "wikidata": null,
        "website": null,
        "ele": null,
        "lat": 22.194239,
        "lng": 113.541013,
        "source": "osm"
      }
    },
    {
      "type": "Feature",
      "geometry": {
        "type": "Point",
        "coordinates": [
          113.540969,
          22.194391
        ]
      },
      "properties": {
        "osm_id": "node/4163207790",
        "name": "恆友咖哩魚蛋 Caril bolas de peixe Hang Jau",
        "name_zh": "恆友咖哩魚蛋 Caril bolas de peixe Hang Jau",
        "name_en": null,
        "name_pt": "Caril bolas de peixe Hang Jau",
        "category": "food",
        "category_value": "restaurant",
        "category_label": "美食",
        "opening_hours": "Mo-Su 12:00-00:00",
        "cuisine": "snacks",
        "wikidata": null,
        "website": null,
        "ele": null,
        "lat": 22.194391,
        "lng": 113.540969,
        "source": "osm"
      }
    },
    {
      "type": "Feature",
      "geometry": {
        "type": "Point",
        "coordinates": [
          113.54102,
          22.195337
        ]
      },
      "properties": {
        "osm_id": "node/4163322309",
        "name": "潘榮記",
        "name_zh": "潘榮記",
        "name_en": null,
        "name_pt": null,
        "category": "food",
        "category_value": "restaurant",
        "category_label": "美食",
        "opening_hours": "Mo-Su 13:00-18:00",
        "cuisine": null,
        "wikidata": null,
        "website": null,
        "ele": null,
        "lat": 22.195337,
        "lng": 113.54102,
        "source": "osm"
      }
    },
    {
      "type": "Feature",
      "geometry": {
        "type": "Point",
        "coordinates": [
          113.540188,
          22.194144
        ]
      },
      "properties": {
        "osm_id": "node/4163338992",
        "name": "黃枝記 粥麵雙絕 Wong Chi Kei",
        "name_zh": "黃枝記 粥麵雙絕",
        "name_en": "Wong Chi Kei",
        "name_pt": null,
        "category": "food",
        "category_value": "restaurant",
        "category_label": "美食",
        "opening_hours": "Mo-Su 08:30-23:00",
        "cuisine": "noodle",
        "wikidata": null,
        "website": null,
        "ele": null,
        "lat": 22.194144,
        "lng": 113.540188,
        "source": "osm"
      }
    },
    {
      "type": "Feature",
      "geometry": {
        "type": "Point",
        "coordinates": [
          113.539777,
          22.194951
        ]
      },
      "properties": {
        "osm_id": "node/4164241790",
        "name": "金馬輪咖啡餅店",
        "name_zh": "金馬輪咖啡餅店",
        "name_en": "Cafe Kam Ma Lon",
        "name_pt": null,
        "category": "food",
        "category_value": "cafe",
        "category_label": "美食",
        "opening_hours": "Mo-Su 07:00-18:30",
        "cuisine": null,
        "wikidata": null,
        "website": null,
        "ele": null,
        "lat": 22.194951,
        "lng": 113.539777,
        "source": "osm"
      }
    },
    {
      "type": "Feature",
      "geometry": {
        "type": "Point",
        "coordinates": [
          113.538668,
          22.197628
        ]
      },
      "properties": {
        "osm_id": "node/4164247295",
        "name": "洪馨椰子冰淇淋",
        "name_zh": "洪馨椰子冰淇淋",
        "name_en": null,
        "name_pt": null,
        "category": "food",
        "category_value": "restaurant",
        "category_label": "美食",
        "opening_hours": "Mo-Su 09:00-13:00",
        "cuisine": null,
        "wikidata": null,
        "website": null,
        "ele": null,
        "lat": 22.197628,
        "lng": 113.538668,
        "source": "osm"
      }
    },
    {
      "type": "Feature",
      "geometry": {
        "type": "Point",
        "coordinates": [
          113.539694,
          22.196155
        ]
      },
      "properties": {
        "osm_id": "node/4164256689",
        "name": "楊六記牛雜粥",
        "name_zh": "楊六記牛雜粥",
        "name_en": null,
        "name_pt": null,
        "category": "food",
        "category_value": "restaurant",
        "category_label": "美食",
        "opening_hours": "Mo-Su 14:00-18:30",
        "cuisine": null,
        "wikidata": null,
        "website": null,
        "ele": null,
        "lat": 22.196155,
        "lng": 113.539694,
        "source": "osm"
      }
    },
    {
      "type": "Feature",
      "geometry": {
        "type": "Point",
        "coordinates": [
          113.537488,
          22.194821
        ]
      },
      "properties": {
        "osm_id": "node/4164428990",
        "name": "祥記麵家",
        "name_zh": "祥記麵家",
        "name_en": "Cheong Kei",
        "name_pt": null,
        "category": "food",
        "category_value": "restaurant",
        "category_label": "美食",
        "opening_hours": "Mo-Su 12:00-00:30",
        "cuisine": null,
        "wikidata": null,
        "website": null,
        "ele": null,
        "lat": 22.194821,
        "lng": 113.537488,
        "source": "osm"
      }
    },
    {
      "type": "Feature",
      "geometry": {
        "type": "Point",
        "coordinates": [
          113.537559,
          22.194714
        ]
      },
      "properties": {
        "osm_id": "node/4164438089",
        "name": "佛笑樓",
        "name_zh": "佛笑樓",
        "name_en": null,
        "name_pt": null,
        "category": "food",
        "category_value": "restaurant",
        "category_label": "美食",
        "opening_hours": "Mo-Su 12:00-23:00",
        "cuisine": null,
        "wikidata": null,
        "website": null,
        "ele": null,
        "lat": 22.194714,
        "lng": 113.537559,
        "source": "osm"
      }
    },
    {
      "type": "Feature",
      "geometry": {
        "type": "Point",
        "coordinates": [
          113.555344,
          22.155624
        ]
      },
      "properties": {
        "osm_id": "node/4192653899",
        "name": "Bar 171",
        "name_zh": "Bar 171",
        "name_en": null,
        "name_pt": null,
        "category": "food",
        "category_value": "bar",
        "category_label": "美食",
        "opening_hours": null,
        "cuisine": null,
        "wikidata": null,
        "website": null,
        "ele": null,
        "lat": 22.155624,
        "lng": 113.555344,
        "source": "osm"
      }
    },
    {
      "type": "Feature",
      "geometry": {
        "type": "Point",
        "coordinates": [
          113.559558,
          22.156561
        ]
      },
      "properties": {
        "osm_id": "node/4192666992",
        "name": "Cuppa Coffee",
        "name_zh": "Cuppa Coffee",
        "name_en": "Cuppa Coffee",
        "name_pt": null,
        "category": "food",
        "category_value": "cafe",
        "category_label": "美食",
        "opening_hours": "Mo-Su 08:00-20:00",
        "cuisine": "coffee_shop",
        "wikidata": null,
        "website": "https://www.mycuppacoffee.com/",
        "ele": null,
        "lat": 22.156561,
        "lng": 113.559558,
        "source": "osm"
      }
    },
    {
      "type": "Feature",
      "geometry": {
        "type": "Point",
        "coordinates": [
          113.540762,
          22.194003
        ]
      },
      "properties": {
        "osm_id": "node/4194592689",
        "name": "Caffè Toscana",
        "name_zh": "Caffè Toscana",
        "name_en": null,
        "name_pt": null,
        "category": "food",
        "category_value": "restaurant",
        "category_label": "美食",
        "opening_hours": null,
        "cuisine": null,
        "wikidata": null,
        "website": null,
        "ele": null,
        "lat": 22.194003,
        "lng": 113.540762,
        "source": "osm"
      }
    },
    {
      "type": "Feature",
      "geometry": {
        "type": "Point",
        "coordinates": [
          113.554708,
          22.157977
        ]
      },
      "properties": {
        "osm_id": "node/4194831027",
        "name": "Il cafe",
        "name_zh": "Il cafe",
        "name_en": null,
        "name_pt": null,
        "category": "food",
        "category_value": "restaurant",
        "category_label": "美食",
        "opening_hours": null,
        "cuisine": "italian_pizza",
        "wikidata": null,
        "website": null,
        "ele": null,
        "lat": 22.157977,
        "lng": 113.554708,
        "source": "osm"
      }
    },
    {
      "type": "Feature",
      "geometry": {
        "type": "Point",
        "coordinates": [
          113.551677,
          22.147265
        ]
      },
      "properties": {
        "osm_id": "node/4194855490",
        "name": "The Roadhouse Macau",
        "name_zh": "The Roadhouse Macau",
        "name_en": null,
        "name_pt": null,
        "category": "food",
        "category_value": "pub",
        "category_label": "美食",
        "opening_hours": "Th-Sa 12:00-06:00, Su-We 12:00-04:00",
        "cuisine": null,
        "wikidata": null,
        "website": "https://www.broadwaymacau.com.mo/en/macau-restaurant/restaurant-directory/bar/the-road-house-macau",
        "ele": null,
        "lat": 22.147265,
        "lng": 113.551677,
        "source": "osm"
      }
    },
    {
      "type": "Feature",
      "geometry": {
        "type": "Point",
        "coordinates": [
          113.543929,
          22.196923
        ]
      },
      "properties": {
        "osm_id": "node/4194907790",
        "name": "Beer Temple",
        "name_zh": "Beer Temple",
        "name_en": null,
        "name_pt": null,
        "category": "food",
        "category_value": "pub",
        "category_label": "美食",
        "opening_hours": "Mo-Su 13:00-22:00",
        "cuisine": null,
        "wikidata": null,
        "website": "https://www.facebook.com/beertemplemacau/",
        "ele": null,
        "lat": 22.196923,
        "lng": 113.543929,
        "source": "osm"
      }
    },
    {
      "type": "Feature",
      "geometry": {
        "type": "Point",
        "coordinates": [
          113.550241,
          22.213723
        ]
      },
      "properties": {
        "osm_id": "node/4199931854",
        "name": "Cafe Voyage",
        "name_zh": "Cafe Voyage",
        "name_en": null,
        "name_pt": null,
        "category": "food",
        "category_value": "cafe",
        "category_label": "美食",
        "opening_hours": "Mo-Su 12:00-22:30",
        "cuisine": "coffee_shop",
        "wikidata": null,
        "website": null,
        "ele": null,
        "lat": 22.213723,
        "lng": 113.550241,
        "source": "osm"
      }
    },
    {
      "type": "Feature",
      "geometry": {
        "type": "Point",
        "coordinates": [
          113.537762,
          22.17981
        ]
      },
      "properties": {
        "osm_id": "node/4199931855",
        "name": "音樂豆咖啡 Singing Bean Coffee",
        "name_zh": "音樂豆咖啡 Singing Bean Coffee",
        "name_en": null,
        "name_pt": null,
        "category": "food",
        "category_value": "cafe",
        "category_label": "美食",
        "opening_hours": "Mo-Su 11:30-22:00",
        "cuisine": "coffee_shop",
        "wikidata": null,
        "website": null,
        "ele": null,
        "lat": 22.17981,
        "lng": 113.537762,
        "source": "osm"
      }
    },
    {
      "type": "Feature",
      "geometry": {
        "type": "Point",
        "coordinates": [
          113.550409,
          22.213256
        ]
      },
      "properties": {
        "osm_id": "node/4199987597",
        "name": "廣來興粉麵食館",
        "name_zh": "廣來興粉麵食館",
        "name_en": null,
        "name_pt": null,
        "category": "food",
        "category_value": "restaurant",
        "category_label": "美食",
        "opening_hours": "Mo-Su 07:00-19:00",
        "cuisine": "noodle",
        "wikidata": null,
        "website": null,
        "ele": null,
        "lat": 22.213256,
        "lng": 113.550409,
        "source": "osm"
      }
    },
    {
      "type": "Feature",
      "geometry": {
        "type": "Point",
        "coordinates": [
          113.551261,
          22.214741
        ]
      },
      "properties": {
        "osm_id": "node/4202153597",
        "name": "東北手工餃子 Bolinhos de Massa Feitos à Mão Chineses da Nordeste",
        "name_zh": "東北手工餃子",
        "name_en": null,
        "name_pt": "Bolinhos de Massa Feitos à Mão Chineses da Nordeste",
        "category": "food",
        "category_value": "restaurant",
        "category_label": "美食",
        "opening_hours": null,
        "cuisine": "oriental",
        "wikidata": null,
        "website": null,
        "ele": null,
        "lat": 22.214741,
        "lng": 113.551261,
        "source": "osm"
      }
    },
    {
      "type": "Feature",
      "geometry": {
        "type": "Point",
        "coordinates": [
          113.551326,
          22.214754
        ]
      },
      "properties": {
        "osm_id": "node/4202154296",
        "name": "三杯酒燒烤 Churrascaria da Três Cervejas",
        "name_zh": "三杯酒燒烤",
        "name_en": null,
        "name_pt": "Churrascaria da Três Cervejas",
        "category": "food",
        "category_value": "restaurant",
        "category_label": "美食",
        "opening_hours": "We-Mo 17:00-05:00",
        "cuisine": "barbecue",
        "wikidata": null,
        "website": null,
        "ele": null,
        "lat": 22.214754,
        "lng": 113.551326,
        "source": "osm"
      }
    },
    {
      "type": "Feature",
      "geometry": {
        "type": "Point",
        "coordinates": [
          113.549842,
          22.213955
        ]
      },
      "properties": {
        "osm_id": "node/4202300685",
        "name": "Cafe Eskimo",
        "name_zh": "Cafe Eskimo",
        "name_en": null,
        "name_pt": null,
        "category": "food",
        "category_value": "restaurant",
        "category_label": "美食",
        "opening_hours": "Mo-Su 11:00-22:00",
        "cuisine": "coffee_shop",
        "wikidata": null,
        "website": null,
        "ele": null,
        "lat": 22.213955,
        "lng": 113.549842,
        "source": "osm"
      }
    },
    {
      "type": "Feature",
      "geometry": {
        "type": "Point",
        "coordinates": [
          113.547386,
          22.212213
        ]
      },
      "properties": {
        "osm_id": "node/4202313740",
        "name": "泰好味美食",
        "name_zh": "泰好味美食",
        "name_en": null,
        "name_pt": null,
        "category": "food",
        "category_value": "restaurant",
        "category_label": "美食",
        "opening_hours": "Mo-Su 18:00-00:30",
        "cuisine": "thai",
        "wikidata": null,
        "website": null,
        "ele": null,
        "lat": 22.212213,
        "lng": 113.547386,
        "source": "osm"
      }
    },
    {
      "type": "Feature",
      "geometry": {
        "type": "Point",
        "coordinates": [
          113.549207,
          22.2137
        ]
      },
      "properties": {
        "osm_id": "node/4202316842",
        "name": "稻庭",
        "name_zh": "稻庭",
        "name_en": null,
        "name_pt": null,
        "category": "food",
        "category_value": "restaurant",
        "category_label": "美食",
        "opening_hours": "Mo-Su 12:00-15:00, 18:00-23:00",
        "cuisine": "japanese;sushi",
        "wikidata": null,
        "website": null,
        "ele": null,
        "lat": 22.2137,
        "lng": 113.549207,
        "source": "osm"
      }
    },
    {
      "type": "Feature",
      "geometry": {
        "type": "Point",
        "coordinates": [
          113.550429,
          22.21307
        ]
      },
      "properties": {
        "osm_id": "node/4202335194",
        "name": "茶茶子外帶壽司",
        "name_zh": "茶茶子外帶壽司",
        "name_en": null,
        "name_pt": null,
        "category": "food",
        "category_value": "restaurant",
        "category_label": "美食",
        "opening_hours": "Mo-Su 12:00-01:30",
        "cuisine": "japanese;sushi",
        "wikidata": null,
        "website": null,
        "ele": null,
        "lat": 22.21307,
        "lng": 113.550429,
        "source": "osm"
      }
    },
    {
      "type": "Feature",
      "geometry": {
        "type": "Point",
        "coordinates": [
          113.549442,
          22.214184
        ]
      },
      "properties": {
        "osm_id": "node/4202337403",
        "name": "大家樂 Café de Coral",
        "name_zh": "大家樂",
        "name_en": "Café de Coral",
        "name_pt": null,
        "category": "food",
        "category_value": "fast_food",
        "category_label": "美食",
        "opening_hours": "Mo-Su 07:00-22:30",
        "cuisine": "cantonese;western",
        "wikidata": null,
        "website": null,
        "ele": null,
        "lat": 22.214184,
        "lng": 113.549442,
        "source": "osm"
      }
    },
    {
      "type": "Feature",
      "geometry": {
        "type": "Point",
        "coordinates": [
          113.551189,
          22.214712
        ]
      },
      "properties": {
        "osm_id": "node/4203701889",
        "name": "368魚湯粉緬甸美食 Pó de Sopa Peixe e Culinária Birmânia 368",
        "name_zh": "368魚湯粉緬甸美食",
        "name_en": null,
        "name_pt": "Pó de Sopa Peixe e Culinária Birmânia 368",
        "category": "food",
        "category_value": "restaurant",
        "category_label": "美食",
        "opening_hours": null,
        "cuisine": "Culinária_Birmânia",
        "wikidata": null,
        "website": null,
        "ele": null,
        "lat": 22.214712,
        "lng": 113.551189,
        "source": "osm"
      }
    },
    {
      "type": "Feature",
      "geometry": {
        "type": "Point",
        "coordinates": [
          113.553284,
          22.214215
        ]
      },
      "properties": {
        "osm_id": "node/4204366089",
        "name": "Love Me",
        "name_zh": "Love Me",
        "name_en": "Love Me",
        "name_pt": null,
        "category": "food",
        "category_value": "cafe",
        "category_label": "美食",
        "opening_hours": "Mo-Su 15:30-02:30",
        "cuisine": "coffee_shop",
        "wikidata": null,
        "website": null,
        "ele": null,
        "lat": 22.214215,
        "lng": 113.553284,
        "source": "osm"
      }
    },
    {
      "type": "Feature",
      "geometry": {
        "type": "Point",
        "coordinates": [
          113.5513,
          22.214566
        ]
      },
      "properties": {
        "osm_id": "node/4204636489",
        "name": "后宮 Palácio Traseiro",
        "name_zh": "后宮",
        "name_en": null,
        "name_pt": "Palácio Traseiro",
        "category": "food",
        "category_value": "restaurant",
        "category_label": "美食",
        "opening_hours": "Tu-Su 18:00-03:00",
        "cuisine": "barbecue",
        "wikidata": null,
        "website": null,
        "ele": null,
        "lat": 22.214566,
        "lng": 113.5513,
        "source": "osm"
      }
    },
    {
      "type": "Feature",
      "geometry": {
        "type": "Point",
        "coordinates": [
          113.549691,
          22.211396
        ]
      },
      "properties": {
        "osm_id": "node/4208768290",
        "name": "何伯扒房廚房 Churrasqueira de Tio Ho",
        "name_zh": "何伯扒房廚房 Churrasqueira de Tio Ho",
        "name_en": null,
        "name_pt": null,
        "category": "food",
        "category_value": "restaurant",
        "category_label": "美食",
        "opening_hours": "Mo-Su 11:00-23:00",
        "cuisine": "steak_house",
        "wikidata": null,
        "website": null,
        "ele": null,
        "lat": 22.211396,
        "lng": 113.549691,
        "source": "osm"
      }
    },
    {
      "type": "Feature",
      "geometry": {
        "type": "Point",
        "coordinates": [
          113.553741,
          22.212189
        ]
      },
      "properties": {
        "osm_id": "node/4208960791",
        "name": "86 Cafe",
        "name_zh": "86 Cafe",
        "name_en": null,
        "name_pt": null,
        "category": "food",
        "category_value": "cafe",
        "category_label": "美食",
        "opening_hours": "Tu-Su 12:30-02:00",
        "cuisine": "coffee_shop",
        "wikidata": null,
        "website": null,
        "ele": null,
        "lat": 22.212189,
        "lng": 113.553741,
        "source": "osm"
      }
    },
    {
      "type": "Feature",
      "geometry": {
        "type": "Point",
        "coordinates": [
          113.558901,
          22.210913
        ]
      },
      "properties": {
        "osm_id": "node/4209378711",
        "name": "鮨味亭- (海天居店)",
        "name_zh": "鮨味亭- (海天居店)",
        "name_en": null,
        "name_pt": null,
        "category": "food",
        "category_value": "restaurant",
        "category_label": "美食",
        "opening_hours": "Mo-Su 12:00-22:30",
        "cuisine": "japanese;sushi",
        "wikidata": null,
        "website": null,
        "ele": null,
        "lat": 22.210913,
        "lng": 113.558901,
        "source": "osm"
      }
    },
    {
      "type": "Feature",
      "geometry": {
        "type": "Point",
        "coordinates": [
          113.549222,
          22.213143
        ]
      },
      "properties": {
        "osm_id": "node/4209389018",
        "name": "武二廣潮福粉麵食館",
        "name_zh": "武二廣潮福粉麵食館",
        "name_en": null,
        "name_pt": null,
        "category": "food",
        "category_value": "restaurant",
        "category_label": "美食",
        "opening_hours": "Mo-Su 06:00-20:00",
        "cuisine": "noodle",
        "wikidata": null,
        "website": null,
        "ele": null,
        "lat": 22.213143,
        "lng": 113.549222,
        "source": "osm"
      }
    },
    {
      "type": "Feature",
      "geometry": {
        "type": "Point",
        "coordinates": [
          113.536222,
          22.190787
        ]
      },
      "properties": {
        "osm_id": "node/4210507693",
        "name": "McDonald's",
        "name_zh": "McDonald's",
        "name_en": null,
        "name_pt": null,
        "category": "food",
        "category_value": "fast_food",
        "category_label": "美食",
        "opening_hours": "Mo-Su 07:00-23:00",
        "cuisine": "burger",
        "wikidata": null,
        "website": null,
        "ele": null,
        "lat": 22.190787,
        "lng": 113.536222,
        "source": "osm"
      }
    },
    {
      "type": "Feature",
      "geometry": {
        "type": "Point",
        "coordinates": [
          113.542781,
          22.194094
        ]
      },
      "properties": {
        "osm_id": "node/4210715191",
        "name": "Ufufu Macau",
        "name_zh": "Ufufu Macau",
        "name_en": "Ufufu Macau",
        "name_pt": null,
        "category": "food",
        "category_value": "cafe",
        "category_label": "美食",
        "opening_hours": "Mo-Su 12:00-23:00",
        "cuisine": "japanese",
        "wikidata": null,
        "website": null,
        "ele": null,
        "lat": 22.194094,
        "lng": 113.542781,
        "source": "osm"
      }
    },
    {
      "type": "Feature",
      "geometry": {
        "type": "Point",
        "coordinates": [
          113.54016,
          22.194523
        ]
      },
      "properties": {
        "osm_id": "node/4211589990",
        "name": "義順鮮奶",
        "name_zh": "義順鮮奶",
        "name_en": null,
        "name_pt": null,
        "category": "food",
        "category_value": "restaurant",
        "category_label": "美食",
        "opening_hours": null,
        "cuisine": null,
        "wikidata": null,
        "website": null,
        "ele": null,
        "lat": 22.194523,
        "lng": 113.54016,
        "source": "osm"
      }
    },
    {
      "type": "Feature",
      "geometry": {
        "type": "Point",
        "coordinates": [
          113.550685,
          22.214479
        ]
      },
      "properties": {
        "osm_id": "node/4213306589",
        "name": "新文記豬扒麵 Costeleta de Porco com Macarrão de San Man",
        "name_zh": "新文記豬扒麵",
        "name_en": null,
        "name_pt": "Costeleta de Porco com Macarrão de San Man",
        "category": "food",
        "category_value": "restaurant",
        "category_label": "美食",
        "opening_hours": "Mo-Su 07:00-20:00",
        "cuisine": "asian",
        "wikidata": null,
        "website": null,
        "ele": null,
        "lat": 22.214479,
        "lng": 113.550685,
        "source": "osm"
      }
    },
    {
      "type": "Feature",
      "geometry": {
        "type": "Point",
        "coordinates": [
          113.547849,
          22.201805
        ]
      },
      "properties": {
        "osm_id": "node/4213487801",
        "name": "KOI Cafe",
        "name_zh": "KOI Cafe",
        "name_en": null,
        "name_pt": null,
        "category": "food",
        "category_value": "shop=beverages",
        "category_label": "美食",
        "opening_hours": "Mo-Su 12:00-22:00",
        "cuisine": null,
        "wikidata": null,
        "website": null,
        "ele": null,
        "lat": 22.201805,
        "lng": 113.547849,
        "source": "osm"
      }
    },
    {
      "type": "Feature",
      "geometry": {
        "type": "Point",
        "coordinates": [
          113.546136,
          22.200352
        ]
      },
      "properties": {
        "osm_id": "node/4213506189",
        "name": "南洋小食",
        "name_zh": "南洋小食",
        "name_en": null,
        "name_pt": null,
        "category": "food",
        "category_value": "restaurant",
        "category_label": "美食",
        "opening_hours": "Mo-Su 12:00-20:00",
        "cuisine": "vietnamese",
        "wikidata": null,
        "website": null,
        "ele": null,
        "lat": 22.200352,
        "lng": 113.546136,
        "source": "osm"
      }
    },
    {
      "type": "Feature",
      "geometry": {
        "type": "Point",
        "coordinates": [
          113.547869,
          22.203722
        ]
      },
      "properties": {
        "osm_id": "node/4213651995",
        "name": "旗艦日本料理",
        "name_zh": "旗艦日本料理",
        "name_en": null,
        "name_pt": null,
        "category": "food",
        "category_value": "restaurant",
        "category_label": "美食",
        "opening_hours": "Mo-Su 12:00-15:00, 18:00-02:00",
        "cuisine": "japanese;sushi",
        "wikidata": null,
        "website": null,
        "ele": null,
        "lat": 22.203722,
        "lng": 113.547869,
        "source": "osm"
      }
    },
    {
      "type": "Feature",
      "geometry": {
        "type": "Point",
        "coordinates": [
          113.545366,
          22.201731
        ]
      },
      "properties": {
        "osm_id": "node/4213656193",
        "name": "Cafe E.S.KIMO",
        "name_zh": "Cafe E.S.KIMO",
        "name_en": null,
        "name_pt": null,
        "category": "food",
        "category_value": "restaurant",
        "category_label": "美食",
        "opening_hours": "Mo-Su 11:00-22:00",
        "cuisine": "coffee_shop",
        "wikidata": null,
        "website": null,
        "ele": null,
        "lat": 22.201731,
        "lng": 113.545366,
        "source": "osm"
      }
    },
    {
      "type": "Feature",
      "geometry": {
        "type": "Point",
        "coordinates": [
          113.545489,
          22.201692
        ]
      },
      "properties": {
        "osm_id": "node/4213663591",
        "name": "The Royal dessert 御滿糖",
        "name_zh": "The Royal dessert 御滿糖",
        "name_en": null,
        "name_pt": null,
        "category": "food",
        "category_value": "restaurant",
        "category_label": "美食",
        "opening_hours": "Mo-Su 12:00-23:30",
        "cuisine": "cake",
        "wikidata": null,
        "website": "https://www.facebook.com/the.royal.dessert.cafe",
        "ele": null,
        "lat": 22.201692,
        "lng": 113.545489,
        "source": "osm"
      }
    },
    {
      "type": "Feature",
      "geometry": {
        "type": "Point",
        "coordinates": [
          113.546253,
          22.20126
        ]
      },
      "properties": {
        "osm_id": "node/4213663593",
        "name": "一哥炸雞翼",
        "name_zh": "一哥炸雞翼",
        "name_en": null,
        "name_pt": null,
        "category": "food",
        "category_value": "fast_food",
        "category_label": "美食",
        "opening_hours": null,
        "cuisine": "barbecue",
        "wikidata": null,
        "website": null,
        "ele": null,
        "lat": 22.20126,
        "lng": 113.546253,
        "source": "osm"
      }
    },
    {
      "type": "Feature",
      "geometry": {
        "type": "Point",
        "coordinates": [
          113.550168,
          22.211664
        ]
      },
      "properties": {
        "osm_id": "node/4217578415",
        "name": "聖安娜餅屋 Saint Honore Cake Shop",
        "name_zh": "聖安娜餅屋",
        "name_en": "Saint Honore Cake Shop",
        "name_pt": "Padaria Saint Honore",
        "category": "food",
        "category_value": "shop=bakery",
        "category_label": "美食",
        "opening_hours": "Mo-Su 07:30-21:00",
        "cuisine": null,
        "wikidata": null,
        "website": null,
        "ele": null,
        "lat": 22.211664,
        "lng": 113.550168,
        "source": "osm"
      }
    },
    {
      "type": "Feature",
      "geometry": {
        "type": "Point",
        "coordinates": [
          113.538846,
          22.189503
        ]
      },
      "properties": {
        "osm_id": "node/4223812228",
        "name": "南灣．雅文湖畔 Anim'Arte NAM VAN",
        "name_zh": "南灣．雅文湖畔",
        "name_en": null,
        "name_pt": "Anim'Arte NAM VAN",
        "category": "tourism",
        "category_value": "attraction",
        "category_label": "觀光",
        "opening_hours": "Mo-Su 11:00-22:00",
        "cuisine": null,
        "wikidata": null,
        "website": null,
        "ele": null,
        "lat": 22.189503,
        "lng": 113.538846,
        "source": "osm"
      }
    },
    {
      "type": "Feature",
      "geometry": {
        "type": "Point",
        "coordinates": [
          113.540278,
          22.191622
        ]
      },
      "properties": {
        "osm_id": "node/4223812229",
        "name": "歐維士石像 Monumento a Jorge Álvares",
        "name_zh": "歐維士石像",
        "name_en": "Statue of Jorge Álvares",
        "name_pt": "Monumento a Jorge Álvares",
        "category": "tourism",
        "category_value": "artwork",
        "category_label": "觀光",
        "opening_hours": null,
        "cuisine": null,
        "wikidata": "Q122380695",
        "website": null,
        "ele": null,
        "lat": 22.191622,
        "lng": 113.540278,
        "source": "osm"
      }
    },
    {
      "type": "Feature",
      "geometry": {
        "type": "Point",
        "coordinates": [
          113.540575,
          22.191995
        ]
      },
      "properties": {
        "osm_id": "node/4223812230",
        "name": "沙利文餐廳 Solmar Restaurant",
        "name_zh": "沙利文餐廳",
        "name_en": "Solmar Restaurant",
        "name_pt": null,
        "category": "food",
        "category_value": "restaurant",
        "category_label": "美食",
        "opening_hours": "Mo-Su 11:00-22:30",
        "cuisine": null,
        "wikidata": null,
        "website": "http://www.solmar-macau.com/",
        "ele": null,
        "lat": 22.191995,
        "lng": 113.540575,
        "source": "osm"
      }
    },
    {
      "type": "Feature",
      "geometry": {
        "type": "Point",
        "coordinates": [
          113.543847,
          22.196506
        ]
      },
      "properties": {
        "osm_id": "node/4228055692",
        "name": "酷・藝術畫廊・意式廚房 COOL Gallery・Italian Kitchen",
        "name_zh": "酷・藝術畫廊・意式廚房 COOL Gallery・Italian Kitchen",
        "name_en": null,
        "name_pt": null,
        "category": "food",
        "category_value": "restaurant",
        "category_label": "美食",
        "opening_hours": "10:00-22:00",
        "cuisine": "italian",
        "wikidata": null,
        "website": null,
        "ele": null,
        "lat": 22.196506,
        "lng": 113.543847,
        "source": "osm"
      }
    },
    {
      "type": "Feature",
      "geometry": {
        "type": "Point",
        "coordinates": [
          113.541631,
          22.192176
        ]
      },
      "properties": {
        "osm_id": "node/4230453790",
        "name": "陳光記燒臘 Cha Kuong Kei Casa De Pasto",
        "name_zh": "陳光記燒臘",
        "name_en": "Chan Kong Kei",
        "name_pt": "Cha Kuong Kei Casa De Pasto",
        "category": "food",
        "category_value": "restaurant",
        "category_label": "美食",
        "opening_hours": "Mo-Su 09:00-22:30",
        "cuisine": null,
        "wikidata": null,
        "website": null,
        "ele": null,
        "lat": 22.192176,
        "lng": 113.541631,
        "source": "osm"
      }
    },
    {
      "type": "Feature",
      "geometry": {
        "type": "Point",
        "coordinates": [
          113.541497,
          22.193046
        ]
      },
      "properties": {
        "osm_id": "node/4230462694",
        "name": "雞蛋仔",
        "name_zh": "雞蛋仔",
        "name_en": null,
        "name_pt": null,
        "category": "food",
        "category_value": "shop=confectionery",
        "category_label": "美食",
        "opening_hours": null,
        "cuisine": null,
        "wikidata": null,
        "website": null,
        "ele": null,
        "lat": 22.193046,
        "lng": 113.541497,
        "source": "osm"
      }
    },
    {
      "type": "Feature",
      "geometry": {
        "type": "Point",
        "coordinates": [
          113.537876,
          22.198026
        ]
      },
      "properties": {
        "osm_id": "node/4230462791",
        "name": "南屏雅敘",
        "name_zh": "南屏雅敘",
        "name_en": "Nam Peng Cafe",
        "name_pt": null,
        "category": "food",
        "category_value": "restaurant",
        "category_label": "美食",
        "opening_hours": "Mo-Su 06:30-18:30",
        "cuisine": "regional",
        "wikidata": null,
        "website": null,
        "ele": null,
        "lat": 22.198026,
        "lng": 113.537876,
        "source": "osm"
      }
    },
    {
      "type": "Feature",
      "geometry": {
        "type": "Point",
        "coordinates": [
          113.537331,
          22.194711
        ]
      },
      "properties": {
        "osm_id": "node/4230470191",
        "name": "保健牛奶公司",
        "name_zh": "保健牛奶公司",
        "name_en": null,
        "name_pt": null,
        "category": "food",
        "category_value": "shop=beverages",
        "category_label": "美食",
        "opening_hours": null,
        "cuisine": null,
        "wikidata": null,
        "website": null,
        "ele": null,
        "lat": 22.194711,
        "lng": 113.537331,
        "source": "osm"
      }
    },
    {
      "type": "Feature",
      "geometry": {
        "type": "Point",
        "coordinates": [
          113.537448,
          22.190822
        ]
      },
      "properties": {
        "osm_id": "node/4235272098",
        "name": "占西餅店",
        "name_zh": "占西餅店",
        "name_en": null,
        "name_pt": null,
        "category": "food",
        "category_value": "shop=bakery",
        "category_label": "美食",
        "opening_hours": null,
        "cuisine": null,
        "wikidata": null,
        "website": null,
        "ele": null,
        "lat": 22.190822,
        "lng": 113.537448,
        "source": "osm"
      }
    },
    {
      "type": "Feature",
      "geometry": {
        "type": "Point",
        "coordinates": [
          113.537932,
          22.195958
        ]
      },
      "properties": {
        "osm_id": "node/4235357191",
        "name": "頤德行李康記豆花",
        "name_zh": "頤德行李康記豆花",
        "name_en": null,
        "name_pt": null,
        "category": "food",
        "category_value": "shop=beverages",
        "category_label": "美食",
        "opening_hours": null,
        "cuisine": null,
        "wikidata": null,
        "website": null,
        "ele": null,
        "lat": 22.195958,
        "lng": 113.537932,
        "source": "osm"
      }
    },
    {
      "type": "Feature",
      "geometry": {
        "type": "Point",
        "coordinates": [
          113.534683,
          22.190895
        ]
      },
      "properties": {
        "osm_id": "node/4235361205",
        "name": "吳廷記糕餅",
        "name_zh": "吳廷記糕餅",
        "name_en": null,
        "name_pt": null,
        "category": "food",
        "category_value": "restaurant",
        "category_label": "美食",
        "opening_hours": null,
        "cuisine": null,
        "wikidata": null,
        "website": null,
        "ele": null,
        "lat": 22.190895,
        "lng": 113.534683,
        "source": "osm"
      }
    },
    {
      "type": "Feature",
      "geometry": {
        "type": "Point",
        "coordinates": [
          113.544718,
          22.194998
        ]
      },
      "properties": {
        "osm_id": "node/4235361206",
        "name": "張姐記食坊",
        "name_zh": "張姐記食坊",
        "name_en": null,
        "name_pt": null,
        "category": "food",
        "category_value": "restaurant",
        "category_label": "美食",
        "opening_hours": null,
        "cuisine": null,
        "wikidata": null,
        "website": null,
        "ele": null,
        "lat": 22.194998,
        "lng": 113.544718,
        "source": "osm"
      }
    },
    {
      "type": "Feature",
      "geometry": {
        "type": "Point",
        "coordinates": [
          113.535875,
          22.189443
        ]
      },
      "properties": {
        "osm_id": "node/4235364093",
        "name": "志記甜品",
        "name_zh": "志記甜品",
        "name_en": null,
        "name_pt": null,
        "category": "food",
        "category_value": "restaurant",
        "category_label": "美食",
        "opening_hours": null,
        "cuisine": null,
        "wikidata": null,
        "website": null,
        "ele": null,
        "lat": 22.189443,
        "lng": 113.535875,
        "source": "osm"
      }
    },
    {
      "type": "Feature",
      "geometry": {
        "type": "Point",
        "coordinates": [
          113.537377,
          22.200128
        ]
      },
      "properties": {
        "osm_id": "node/4235365992",
        "name": "權記骨粥",
        "name_zh": "權記骨粥",
        "name_en": null,
        "name_pt": null,
        "category": "food",
        "category_value": "restaurant",
        "category_label": "美食",
        "opening_hours": "Mo-Su 15:30-01:30",
        "cuisine": null,
        "wikidata": null,
        "website": null,
        "ele": null,
        "lat": 22.200128,
        "lng": 113.537377,
        "source": "osm"
      }
    },
    {
      "type": "Feature",
      "geometry": {
        "type": "Point",
        "coordinates": [
          113.549462,
          22.199942
        ]
      },
      "properties": {
        "osm_id": "node/4235366295",
        "name": "玫瑰咖啡室",
        "name_zh": "玫瑰咖啡室",
        "name_en": "Vitasoy",
        "name_pt": null,
        "category": "food",
        "category_value": "restaurant",
        "category_label": "美食",
        "opening_hours": "Mo-Su 07:00-18:00",
        "cuisine": null,
        "wikidata": null,
        "website": null,
        "ele": null,
        "lat": 22.199942,
        "lng": 113.549462,
        "source": "osm"
      }
    },
    {
      "type": "Feature",
      "geometry": {
        "type": "Point",
        "coordinates": [
          113.544727,
          22.194965
        ]
      },
      "properties": {
        "osm_id": "node/4235396589",
        "name": "朝豐麵家",
        "name_zh": "朝豐麵家",
        "name_en": null,
        "name_pt": null,
        "category": "food",
        "category_value": "restaurant",
        "category_label": "美食",
        "opening_hours": null,
        "cuisine": null,
        "wikidata": null,
        "website": null,
        "ele": null,
        "lat": 22.194965,
        "lng": 113.544727,
        "source": "osm"
      }
    },
    {
      "type": "Feature",
      "geometry": {
        "type": "Point",
        "coordinates": [
          113.54063,
          22.196242
        ]
      },
      "properties": {
        "osm_id": "node/4237494702",
        "name": "咀香園餅家 Pastalaria de Tsui Heung Yuen",
        "name_zh": "咀香園餅家",
        "name_en": null,
        "name_pt": "Pastalaria de Tsui Heung Yuen",
        "category": "food",
        "category_value": "shop=confectionery",
        "category_label": "美食",
        "opening_hours": null,
        "cuisine": null,
        "wikidata": null,
        "website": null,
        "ele": null,
        "lat": 22.196242,
        "lng": 113.54063,
        "source": "osm"
      }
    },
    {
      "type": "Feature",
      "geometry": {
        "type": "Point",
        "coordinates": [
          113.573075,
          22.112731
        ]
      },
      "properties": {
        "osm_id": "node/4242935666",
        "name": "聽海軒 Pavilhão de Escuta do Mar",
        "name_zh": "聽海軒",
        "name_en": "Ocean Listening Pavilion",
        "name_pt": "Pavilhão de Escuta do Mar",
        "category": "tourism",
        "category_value": "viewpoint",
        "category_label": "觀光",
        "opening_hours": null,
        "cuisine": null,
        "wikidata": null,
        "website": null,
        "ele": null,
        "lat": 22.112731,
        "lng": 113.573075,
        "source": "osm"
      }
    },
    {
      "type": "Feature",
      "geometry": {
        "type": "Point",
        "coordinates": [
          113.546363,
          22.198409
        ]
      },
      "properties": {
        "osm_id": "node/4280010717",
        "name": "Veggie Macau",
        "name_zh": "Veggie Macau",
        "name_en": null,
        "name_pt": null,
        "category": "food",
        "category_value": "restaurant",
        "category_label": "美食",
        "opening_hours": "We-Mo 12:00-21:00",
        "cuisine": null,
        "wikidata": null,
        "website": null,
        "ele": null,
        "lat": 22.198409,
        "lng": 113.546363,
        "source": "osm"
      }
    },
    {
      "type": "Feature",
      "geometry": {
        "type": "Point",
        "coordinates": [
          113.553733,
          22.158963
        ]
      },
      "properties": {
        "osm_id": "node/4281812591",
        "name": "Indian Kitchen",
        "name_zh": "Indian Kitchen",
        "name_en": null,
        "name_pt": null,
        "category": "food",
        "category_value": "restaurant",
        "category_label": "美食",
        "opening_hours": "Mo-Su 12:00-14:45, 20:15-23:00",
        "cuisine": "indian",
        "wikidata": null,
        "website": "http://www.indiankitchen.com.cn",
        "ele": null,
        "lat": 22.158963,
        "lng": 113.553733,
        "source": "osm"
      }
    },
    {
      "type": "Feature",
      "geometry": {
        "type": "Point",
        "coordinates": [
          113.551333,
          22.118204
        ]
      },
      "properties": {
        "osm_id": "node/4284350689",
        "name": "安德魯餅店 Padaria de Lord Stow",
        "name_zh": "安德魯餅店",
        "name_en": "Lord Stow's Bakery",
        "name_pt": "Padaria de Lord Stow",
        "category": "food",
        "category_value": "shop=bakery",
        "category_label": "美食",
        "opening_hours": "Mo-Su 07:00-22:00",
        "cuisine": null,
        "wikidata": null,
        "website": null,
        "ele": null,
        "lat": 22.118204,
        "lng": 113.551333,
        "source": "osm"
      }
    },
    {
      "type": "Feature",
      "geometry": {
        "type": "Point",
        "coordinates": [
          113.551028,
          22.11873
        ]
      },
      "properties": {
        "osm_id": "node/4284350789",
        "name": "安德魯花園咖啡 Café de Lord Stow",
        "name_zh": "安德魯花園咖啡",
        "name_en": "Lord Stow's Café",
        "name_pt": "Café de Lord Stow",
        "category": "food",
        "category_value": "fast_food",
        "category_label": "美食",
        "opening_hours": "Tu-Su 09:00-22:00; Mo 09:00-17:00",
        "cuisine": null,
        "wikidata": null,
        "website": null,
        "ele": null,
        "lat": 22.11873,
        "lng": 113.551028,
        "source": "osm"
      }
    },
    {
      "type": "Feature",
      "geometry": {
        "type": "Point",
        "coordinates": [
          113.56172,
          22.14846
        ]
      },
      "properties": {
        "osm_id": "node/4284354189",
        "name": "Lord Stow's Bakery and Café",
        "name_zh": "Lord Stow's Bakery and Café",
        "name_en": "Lord Stow's Bakery and Café",
        "name_pt": null,
        "category": "food",
        "category_value": "restaurant",
        "category_label": "美食",
        "opening_hours": null,
        "cuisine": null,
        "wikidata": null,
        "website": null,
        "ele": null,
        "lat": 22.14846,
        "lng": 113.56172,
        "source": "osm"
      }
    },
    {
      "type": "Feature",
      "geometry": {
        "type": "Point",
        "coordinates": [
          113.556956,
          22.153028
        ]
      },
      "properties": {
        "osm_id": "node/4286938890",
        "name": "Tai lei loi kei",
        "name_zh": "Tai lei loi kei",
        "name_en": null,
        "name_pt": null,
        "category": "food",
        "category_value": "restaurant",
        "category_label": "美食",
        "opening_hours": null,
        "cuisine": null,
        "wikidata": null,
        "website": null,
        "ele": null,
        "lat": 22.153028,
        "lng": 113.556956,
        "source": "osm"
      }
    },
    {
      "type": "Feature",
      "geometry": {
        "type": "Point",
        "coordinates": [
          113.560417,
          22.147742
        ]
      },
      "properties": {
        "osm_id": "node/4286938891",
        "name": "Tai Lei Loi Kei",
        "name_zh": "Tai Lei Loi Kei",
        "name_en": "Tai Lei Loi Kei",
        "name_pt": null,
        "category": "food",
        "category_value": "restaurant",
        "category_label": "美食",
        "opening_hours": null,
        "cuisine": null,
        "wikidata": null,
        "website": null,
        "ele": null,
        "lat": 22.147742,
        "lng": 113.560417,
        "source": "osm"
      }
    },
    {
      "type": "Feature",
      "geometry": {
        "type": "Point",
        "coordinates": [
          113.552656,
          22.157333
        ]
      },
      "properties": {
        "osm_id": "node/4288651489",
        "name": "Alibaba Kebab",
        "name_zh": "Alibaba Kebab",
        "name_en": null,
        "name_pt": null,
        "category": "food",
        "category_value": "restaurant",
        "category_label": "美食",
        "opening_hours": "Mo-Su 11:00-00:00",
        "cuisine": "arab",
        "wikidata": null,
        "website": "http://www.alibabakebab.com/",
        "ele": null,
        "lat": 22.157333,
        "lng": 113.552656,
        "source": "osm"
      }
    },
    {
      "type": "Feature",
      "geometry": {
        "type": "Point",
        "coordinates": [
          113.537152,
          22.20098
        ]
      },
      "properties": {
        "osm_id": "node/4298669593",
        "name": "六記粥麵 Lok Kei",
        "name_zh": "六記粥麵",
        "name_en": "Lok Kei",
        "name_pt": null,
        "category": "food",
        "category_value": "restaurant",
        "category_label": "美食",
        "opening_hours": null,
        "cuisine": "local;noodles",
        "wikidata": null,
        "website": null,
        "ele": null,
        "lat": 22.20098,
        "lng": 113.537152,
        "source": "osm"
      }
    },
    {
      "type": "Feature",
      "geometry": {
        "type": "Point",
        "coordinates": [
          113.539826,
          22.194417
        ]
      },
      "properties": {
        "osm_id": "node/4298698189",
        "name": "營地街市熟食中心 Centro de Comidas do Mercado de S. Domingos",
        "name_zh": "營地街市熟食中心",
        "name_en": null,
        "name_pt": "Centro de Comidas do Mercado de S. Domingos",
        "category": "food",
        "category_value": "food_court",
        "category_label": "美食",
        "opening_hours": "07:30-20:00",
        "cuisine": null,
        "wikidata": null,
        "website": null,
        "ele": null,
        "lat": 22.194417,
        "lng": 113.539826,
        "source": "osm"
      }
    },
    {
      "type": "Feature",
      "geometry": {
        "type": "Point",
        "coordinates": [
          113.537027,
          22.194758
        ]
      },
      "properties": {
        "osm_id": "node/4298722298",
        "name": "杏香園雪糕甜品屋",
        "name_zh": "杏香園雪糕甜品屋",
        "name_en": null,
        "name_pt": null,
        "category": "food",
        "category_value": "restaurant",
        "category_label": "美食",
        "opening_hours": null,
        "cuisine": null,
        "wikidata": null,
        "website": null,
        "ele": null,
        "lat": 22.194758,
        "lng": 113.537027,
        "source": "osm"
      }
    },
    {
      "type": "Feature",
      "geometry": {
        "type": "Point",
        "coordinates": [
          113.551511,
          22.161284
        ]
      },
      "properties": {
        "osm_id": "node/4310070189",
        "name": "心椽",
        "name_zh": "心椽",
        "name_en": null,
        "name_pt": null,
        "category": "food",
        "category_value": "restaurant",
        "category_label": "美食",
        "opening_hours": null,
        "cuisine": null,
        "wikidata": null,
        "website": null,
        "ele": null,
        "lat": 22.161284,
        "lng": 113.551511,
        "source": "osm"
      }
    },
    {
      "type": "Feature",
      "geometry": {
        "type": "Point",
        "coordinates": [
          113.557899,
          22.158739
        ]
      },
      "properties": {
        "osm_id": "node/4310197648",
        "name": "金隆米線(氹仔店)",
        "name_zh": "金隆米線(氹仔店)",
        "name_en": null,
        "name_pt": null,
        "category": "food",
        "category_value": "restaurant",
        "category_label": "美食",
        "opening_hours": null,
        "cuisine": null,
        "wikidata": null,
        "website": null,
        "ele": null,
        "lat": 22.158739,
        "lng": 113.557899,
        "source": "osm"
      }
    },
    {
      "type": "Feature",
      "geometry": {
        "type": "Point",
        "coordinates": [
          113.547767,
          22.213701
        ]
      },
      "properties": {
        "osm_id": "node/4320351100",
        "name": "華峰食館（關閘店）",
        "name_zh": "華峰食館（關閘店）",
        "name_en": null,
        "name_pt": null,
        "category": "food",
        "category_value": "restaurant",
        "category_label": "美食",
        "opening_hours": "Mo-Su 07:00-23:00",
        "cuisine": "breakfast;tea",
        "wikidata": null,
        "website": null,
        "ele": null,
        "lat": 22.213701,
        "lng": 113.547767,
        "source": "osm"
      }
    },
    {
      "type": "Feature",
      "geometry": {
        "type": "Point",
        "coordinates": [
          113.557152,
          22.153397
        ]
      },
      "properties": {
        "osm_id": "node/4320543291",
        "name": "莫義記",
        "name_zh": "莫義記",
        "name_en": null,
        "name_pt": null,
        "category": "food",
        "category_value": "restaurant",
        "category_label": "美食",
        "opening_hours": null,
        "cuisine": null,
        "wikidata": null,
        "website": null,
        "ele": null,
        "lat": 22.153397,
        "lng": 113.557152,
        "source": "osm"
      }
    },
    {
      "type": "Feature",
      "geometry": {
        "type": "Point",
        "coordinates": [
          113.556978,
          22.153306
        ]
      },
      "properties": {
        "osm_id": "node/4320568489",
        "name": "大利來記",
        "name_zh": "大利來記",
        "name_en": null,
        "name_pt": null,
        "category": "food",
        "category_value": "restaurant",
        "category_label": "美食",
        "opening_hours": null,
        "cuisine": null,
        "wikidata": null,
        "website": null,
        "ele": null,
        "lat": 22.153306,
        "lng": 113.556978,
        "source": "osm"
      }
    },
    {
      "type": "Feature",
      "geometry": {
        "type": "Point",
        "coordinates": [
          113.544157,
          22.191734
        ]
      },
      "properties": {
        "osm_id": "node/4325083289",
        "name": "Clube militar",
        "name_zh": "Clube militar",
        "name_en": null,
        "name_pt": null,
        "category": "food",
        "category_value": "restaurant",
        "category_label": "美食",
        "opening_hours": null,
        "cuisine": null,
        "wikidata": "Q28345618",
        "website": null,
        "ele": null,
        "lat": 22.191734,
        "lng": 113.544157,
        "source": "osm"
      }
    },
    {
      "type": "Feature",
      "geometry": {
        "type": "Point",
        "coordinates": [
          113.545,
          22.194973
        ]
      },
      "properties": {
        "osm_id": "node/4326520592",
        "name": "Macau soul",
        "name_zh": "Macau soul",
        "name_en": null,
        "name_pt": null,
        "category": "food",
        "category_value": "bar",
        "category_label": "美食",
        "opening_hours": null,
        "cuisine": null,
        "wikidata": null,
        "website": null,
        "ele": null,
        "lat": 22.194973,
        "lng": 113.545,
        "source": "osm"
      }
    },
    {
      "type": "Feature",
      "geometry": {
        "type": "Point",
        "coordinates": [
          113.557402,
          22.153498
        ]
      },
      "properties": {
        "osm_id": "node/4331176469",
        "name": "興記冰室",
        "name_zh": "興記冰室",
        "name_en": null,
        "name_pt": null,
        "category": "food",
        "category_value": "restaurant",
        "category_label": "美食",
        "opening_hours": "Mo-Su 07:00-17:00",
        "cuisine": null,
        "wikidata": null,
        "website": null,
        "ele": null,
        "lat": 22.153498,
        "lng": 113.557402,
        "source": "osm"
      }
    },
    {
      "type": "Feature",
      "geometry": {
        "type": "Point",
        "coordinates": [
          113.556993,
          22.153489
        ]
      },
      "properties": {
        "osm_id": "node/4331177165",
        "name": "晃記餅家",
        "name_zh": "晃記餅家",
        "name_en": null,
        "name_pt": null,
        "category": "food",
        "category_value": "restaurant",
        "category_label": "美食",
        "opening_hours": "Mo-Su 10:00-19:30",
        "cuisine": null,
        "wikidata": null,
        "website": null,
        "ele": null,
        "lat": 22.153489,
        "lng": 113.556993,
        "source": "osm"
      }
    },
    {
      "type": "Feature",
      "geometry": {
        "type": "Point",
        "coordinates": [
          113.545054,
          22.195191
        ]
      },
      "properties": {
        "osm_id": "node/4332038391",
        "name": "釗記美食",
        "name_zh": "釗記美食",
        "name_en": null,
        "name_pt": null,
        "category": "food",
        "category_value": "restaurant",
        "category_label": "美食",
        "opening_hours": null,
        "cuisine": null,
        "wikidata": null,
        "website": null,
        "ele": null,
        "lat": 22.195191,
        "lng": 113.545054,
        "source": "osm"
      }
    },
    {
      "type": "Feature",
      "geometry": {
        "type": "Point",
        "coordinates": [
          113.545133,
          22.203608
        ]
      },
      "properties": {
        "osm_id": "node/4332052290",
        "name": "永豐燒味飯店",
        "name_zh": "永豐燒味飯店",
        "name_en": null,
        "name_pt": null,
        "category": "food",
        "category_value": "restaurant",
        "category_label": "美食",
        "opening_hours": "Mo-Su 09:00-18:00",
        "cuisine": null,
        "wikidata": null,
        "website": null,
        "ele": null,
        "lat": 22.203608,
        "lng": 113.545133,
        "source": "osm"
      }
    },
    {
      "type": "Feature",
      "geometry": {
        "type": "Point",
        "coordinates": [
          113.538112,
          22.19272
        ]
      },
      "properties": {
        "osm_id": "node/4335037995",
        "name": "世記咖啡 Café Sei Kee",
        "name_zh": "世記咖啡 Café Sei Kee",
        "name_en": null,
        "name_pt": null,
        "category": "food",
        "category_value": "cafe",
        "category_label": "美食",
        "opening_hours": null,
        "cuisine": null,
        "wikidata": null,
        "website": null,
        "ele": null,
        "lat": 22.19272,
        "lng": 113.538112,
        "source": "osm"
      }
    },
    {
      "type": "Feature",
      "geometry": {
        "type": "Point",
        "coordinates": [
          113.53859,
          22.194217
        ]
      },
      "properties": {
        "osm_id": "node/4335078289",
        "name": "成記粥品",
        "name_zh": "成記粥品",
        "name_en": "Cheng Ji Porridge",
        "name_pt": null,
        "category": "food",
        "category_value": "restaurant",
        "category_label": "美食",
        "opening_hours": "Mo-Su 07:30-14:00",
        "cuisine": null,
        "wikidata": null,
        "website": null,
        "ele": null,
        "lat": 22.194217,
        "lng": 113.53859,
        "source": "osm"
      }
    },
    {
      "type": "Feature",
      "geometry": {
        "type": "Point",
        "coordinates": [
          113.539908,
          22.194481
        ]
      },
      "properties": {
        "osm_id": "node/4335084589",
        "name": "勝記咖啡 Café Seng Kei",
        "name_zh": "勝記咖啡",
        "name_en": null,
        "name_pt": "Café Seng Kei",
        "category": "food",
        "category_value": "cafe",
        "category_label": "美食",
        "opening_hours": null,
        "cuisine": null,
        "wikidata": null,
        "website": null,
        "ele": null,
        "lat": 22.194481,
        "lng": 113.539908,
        "source": "osm"
      }
    },
    {
      "type": "Feature",
      "geometry": {
        "type": "Point",
        "coordinates": [
          113.539576,
          22.196211
        ]
      },
      "properties": {
        "osm_id": "node/4335154089",
        "name": "南記煲仔飯",
        "name_zh": "南記煲仔飯",
        "name_en": null,
        "name_pt": null,
        "category": "food",
        "category_value": "restaurant",
        "category_label": "美食",
        "opening_hours": "Mo-Su 18:00-00:00",
        "cuisine": null,
        "wikidata": null,
        "website": null,
        "ele": null,
        "lat": 22.196211,
        "lng": 113.539576,
        "source": "osm"
      }
    },
    {
      "type": "Feature",
      "geometry": {
        "type": "Point",
        "coordinates": [
          113.545344,
          22.196283
        ]
      },
      "properties": {
        "osm_id": "node/4394221994",
        "name": "禮記雪糕",
        "name_zh": "禮記雪糕",
        "name_en": "Lai Kei Sorvetes",
        "name_pt": null,
        "category": "food",
        "category_value": "cafe",
        "category_label": "美食",
        "opening_hours": null,
        "cuisine": "ice_cream",
        "wikidata": null,
        "website": "https://laikei-icecream.com/",
        "ele": null,
        "lat": 22.196283,
        "lng": 113.545344,
        "source": "osm"
      }
    },
    {
      "type": "Feature",
      "geometry": {
        "type": "Point",
        "coordinates": [
          113.53905,
          22.194396
        ]
      },
      "properties": {
        "osm_id": "node/4399251391",
        "name": "勝利茶餐廳",
        "name_zh": "勝利茶餐廳",
        "name_en": null,
        "name_pt": null,
        "category": "food",
        "category_value": "restaurant",
        "category_label": "美食",
        "opening_hours": "Mo-Su 07:30-22:00",
        "cuisine": null,
        "wikidata": null,
        "website": null,
        "ele": null,
        "lat": 22.194396,
        "lng": 113.53905,
        "source": "osm"
      }
    },
    {
      "type": "Feature",
      "geometry": {
        "type": "Point",
        "coordinates": [
          113.540588,
          22.195145
        ]
      },
      "properties": {
        "osm_id": "node/4399258691",
        "name": "世記咖啡",
        "name_zh": "世記咖啡",
        "name_en": "Sei Kee Cafe",
        "name_pt": null,
        "category": "food",
        "category_value": "restaurant",
        "category_label": "美食",
        "opening_hours": "We-Mo 11:00-19:00",
        "cuisine": "coffee_shop",
        "wikidata": null,
        "website": null,
        "ele": null,
        "lat": 22.195145,
        "lng": 113.540588,
        "source": "osm"
      }
    },
    {
      "type": "Feature",
      "geometry": {
        "type": "Point",
        "coordinates": [
          113.537864,
          22.193849
        ]
      },
      "properties": {
        "osm_id": "node/4399290989",
        "name": "添發碗仔翅美食 Delícias Tim Fat Wun Tsai Ci",
        "name_zh": "添發碗仔翅美食",
        "name_en": null,
        "name_pt": null,
        "category": "food",
        "category_value": "restaurant",
        "category_label": "美食",
        "opening_hours": "Mo-Su 12:00-21:00",
        "cuisine": "chinese",
        "wikidata": null,
        "website": null,
        "ele": null,
        "lat": 22.193849,
        "lng": 113.537864,
        "source": "osm"
      }
    },
    {
      "type": "Feature",
      "geometry": {
        "type": "Point",
        "coordinates": [
          113.531217,
          22.187154
        ]
      },
      "properties": {
        "osm_id": "node/4413426992",
        "name": "A Lorcha",
        "name_zh": "A Lorcha",
        "name_en": null,
        "name_pt": null,
        "category": "food",
        "category_value": "restaurant",
        "category_label": "美食",
        "opening_hours": "We-Mo 12:30-15:00, 18:30-23:00",
        "cuisine": "portuguese",
        "wikidata": null,
        "website": null,
        "ele": null,
        "lat": 22.187154,
        "lng": 113.531217,
        "source": "osm"
      }
    },
    {
      "type": "Feature",
      "geometry": {
        "type": "Point",
        "coordinates": [
          113.53772,
          22.194761
        ]
      },
      "properties": {
        "osm_id": "node/4413436392",
        "name": "Tou Tou Koi",
        "name_zh": "Tou Tou Koi",
        "name_en": "Tou Tou Koi",
        "name_pt": null,
        "category": "food",
        "category_value": "restaurant",
        "category_label": "美食",
        "opening_hours": null,
        "cuisine": null,
        "wikidata": null,
        "website": null,
        "ele": null,
        "lat": 22.194761,
        "lng": 113.53772,
        "source": "osm"
      }
    },
    {
      "type": "Feature",
      "geometry": {
        "type": "Point",
        "coordinates": [
          113.545356,
          22.197084
        ]
      },
      "properties": {
        "osm_id": "node/4416570492",
        "name": "清安醫所門診部",
        "name_zh": "清安醫所門診部",
        "name_en": null,
        "name_pt": "Asilo De S. Jose",
        "category": "tourism",
        "category_value": "attraction",
        "category_label": "觀光",
        "opening_hours": null,
        "cuisine": null,
        "wikidata": null,
        "website": null,
        "ele": null,
        "lat": 22.197084,
        "lng": 113.545356,
        "source": "osm"
      }
    },
    {
      "type": "Feature",
      "geometry": {
        "type": "Point",
        "coordinates": [
          113.538352,
          22.195113
        ]
      },
      "properties": {
        "osm_id": "node/4416570590",
        "name": "同善堂歷史檔案陳列館 Tung Sin Tong Historical Archive Exhibition Hall",
        "name_zh": "同善堂歷史檔案陳列館",
        "name_en": "Tung Sin Tong Historical Archive Exhibition Hall",
        "name_pt": null,
        "category": "tourism",
        "category_value": "museum",
        "category_label": "觀光",
        "opening_hours": null,
        "cuisine": null,
        "wikidata": "Q109418269",
        "website": null,
        "ele": null,
        "lat": 22.195113,
        "lng": 113.538352,
        "source": "osm"
      }
    },
    {
      "type": "Feature",
      "geometry": {
        "type": "Point",
        "coordinates": [
          113.53936,
          22.194011
        ]
      },
      "properties": {
        "osm_id": "node/4416593989",
        "name": "三街會館 Templo Sam Kai Vui Kun",
        "name_zh": "三街會館",
        "name_en": "Sam Kai Vui Kun Temple",
        "name_pt": "Templo Sam Kai Vui Kun",
        "category": "amenity",
        "category_value": "place_of_worship",
        "category_label": "設施",
        "opening_hours": null,
        "cuisine": null,
        "wikidata": "Q2200748",
        "website": null,
        "ele": null,
        "lat": 22.194011,
        "lng": 113.53936,
        "source": "osm"
      }
    },
    {
      "type": "Feature",
      "geometry": {
        "type": "Point",
        "coordinates": [
          113.545366,
          22.197327
        ]
      },
      "properties": {
        "osm_id": "node/4416596892",
        "name": "望德聖母堂 Igreja de São Lázaro",
        "name_zh": "望德聖母堂",
        "name_en": "St. Lazarus Church",
        "name_pt": "Igreja de São Lázaro",
        "category": "amenity",
        "category_value": "place_of_worship",
        "category_label": "設施",
        "opening_hours": null,
        "cuisine": null,
        "wikidata": "Q3582336",
        "website": null,
        "ele": null,
        "lat": 22.197327,
        "lng": 113.545366,
        "source": "osm"
      }
    },
    {
      "type": "Feature",
      "geometry": {
        "type": "Point",
        "coordinates": [
          113.538146,
          22.19496
        ]
      },
      "properties": {
        "osm_id": "node/4416621389",
        "name": "典當業展示館 Espaço Patrimonial uma Casa de Penhores Tradicional",
        "name_zh": "典當業展示館",
        "name_en": "Pawn Shop Museum",
        "name_pt": "Espaço Patrimonial uma Casa de Penhores Tradicional",
        "category": "tourism",
        "category_value": "museum",
        "category_label": "觀光",
        "opening_hours": null,
        "cuisine": null,
        "wikidata": "Q10894621",
        "website": null,
        "ele": null,
        "lat": 22.19496,
        "lng": 113.538146,
        "source": "osm"
      }
    },
    {
      "type": "Feature",
      "geometry": {
        "type": "Point",
        "coordinates": [
          113.541331,
          22.204193
        ]
      },
      "properties": {
        "osm_id": "node/4419754889",
        "name": "Wolfpack Tapas Grille Lounge",
        "name_zh": "Wolfpack Tapas Grille Lounge",
        "name_en": "Wolfpack Tapas Grille Lounge",
        "name_pt": null,
        "category": "food",
        "category_value": "restaurant",
        "category_label": "美食",
        "opening_hours": null,
        "cuisine": null,
        "wikidata": null,
        "website": null,
        "ele": null,
        "lat": 22.204193,
        "lng": 113.541331,
        "source": "osm"
      }
    },
    {
      "type": "Feature",
      "geometry": {
        "type": "Point",
        "coordinates": [
          113.540687,
          22.199848
        ]
      },
      "properties": {
        "osm_id": "node/4421853995",
        "name": "Padaria IES",
        "name_zh": "Padaria IES",
        "name_en": null,
        "name_pt": null,
        "category": "food",
        "category_value": "shop=bakery",
        "category_label": "美食",
        "opening_hours": null,
        "cuisine": null,
        "wikidata": null,
        "website": null,
        "ele": null,
        "lat": 22.199848,
        "lng": 113.540687,
        "source": "osm"
      }
    },
    {
      "type": "Feature",
      "geometry": {
        "type": "Point",
        "coordinates": [
          113.554369,
          22.1583
        ]
      },
      "properties": {
        "osm_id": "node/4424808709",
        "name": "Le Cesar Cafe",
        "name_zh": null,
        "name_en": "Le Cesar Cafe",
        "name_pt": null,
        "category": "food",
        "category_value": "cafe",
        "category_label": "美食",
        "opening_hours": null,
        "cuisine": null,
        "wikidata": null,
        "website": null,
        "ele": null,
        "lat": 22.1583,
        "lng": 113.554369,
        "source": "osm"
      }
    },
    {
      "type": "Feature",
      "geometry": {
        "type": "Point",
        "coordinates": [
          113.557978,
          22.153612
        ]
      },
      "properties": {
        "osm_id": "node/4424826993",
        "name": "Premier One",
        "name_zh": "Premier One",
        "name_en": "Premier One",
        "name_pt": null,
        "category": "food",
        "category_value": "cafe",
        "category_label": "美食",
        "opening_hours": null,
        "cuisine": null,
        "wikidata": null,
        "website": null,
        "ele": null,
        "lat": 22.153612,
        "lng": 113.557978,
        "source": "osm"
      }
    },
    {
      "type": "Feature",
      "geometry": {
        "type": "Point",
        "coordinates": [
          113.555596,
          22.152863
        ]
      },
      "properties": {
        "osm_id": "node/4424828106",
        "name": "Antipodean Cuisine Bar and Restaurant",
        "name_zh": null,
        "name_en": "Antipodean Cuisine Bar and Restaurant",
        "name_pt": null,
        "category": "food",
        "category_value": "restaurant",
        "category_label": "美食",
        "opening_hours": null,
        "cuisine": null,
        "wikidata": null,
        "website": null,
        "ele": null,
        "lat": 22.152863,
        "lng": 113.555596,
        "source": "osm"
      }
    },
    {
      "type": "Feature",
      "geometry": {
        "type": "Point",
        "coordinates": [
          113.554663,
          22.157984
        ]
      },
      "properties": {
        "osm_id": "node/4424830392",
        "name": "Savory Crab",
        "name_zh": null,
        "name_en": "Savory Crab",
        "name_pt": null,
        "category": "food",
        "category_value": "restaurant",
        "category_label": "美食",
        "opening_hours": null,
        "cuisine": null,
        "wikidata": null,
        "website": null,
        "ele": null,
        "lat": 22.157984,
        "lng": 113.554663,
        "source": "osm"
      }
    },
    {
      "type": "Feature",
      "geometry": {
        "type": "Point",
        "coordinates": [
          113.554427,
          22.158238
        ]
      },
      "properties": {
        "osm_id": "node/4424852189",
        "name": "iL Cafe Italia",
        "name_zh": null,
        "name_en": "iL Cafe Italia",
        "name_pt": null,
        "category": "food",
        "category_value": "cafe",
        "category_label": "美食",
        "opening_hours": null,
        "cuisine": null,
        "wikidata": null,
        "website": null,
        "ele": null,
        "lat": 22.158238,
        "lng": 113.554427,
        "source": "osm"
      }
    },
    {
      "type": "Feature",
      "geometry": {
        "type": "Point",
        "coordinates": [
          113.539385,
          22.192272
        ]
      },
      "properties": {
        "osm_id": "node/4425349197",
        "name": "一和味雅",
        "name_zh": "一和味雅",
        "name_en": null,
        "name_pt": null,
        "category": "food",
        "category_value": "restaurant",
        "category_label": "美食",
        "opening_hours": null,
        "cuisine": "international",
        "wikidata": null,
        "website": null,
        "ele": null,
        "lat": 22.192272,
        "lng": 113.539385,
        "source": "osm"
      }
    },
    {
      "type": "Feature",
      "geometry": {
        "type": "Point",
        "coordinates": [
          113.540605,
          22.19685
        ]
      },
      "properties": {
        "osm_id": "node/4426408089",
        "name": "澳門大利來記豬扒包",
        "name_zh": "澳門大利來記豬扒包",
        "name_en": null,
        "name_pt": null,
        "category": "food",
        "category_value": "shop=bakery",
        "category_label": "美食",
        "opening_hours": null,
        "cuisine": null,
        "wikidata": null,
        "website": null,
        "ele": null,
        "lat": 22.19685,
        "lng": 113.540605,
        "source": "osm"
      }
    },
    {
      "type": "Feature",
      "geometry": {
        "type": "Point",
        "coordinates": [
          113.564177,
          22.164662
        ]
      },
      "properties": {
        "osm_id": "node/4430518291",
        "name": "IGLISIA NI CRSTO",
        "name_zh": "IGLISIA NI CRSTO",
        "name_en": "Iglisia Ni Cristo",
        "name_pt": null,
        "category": "amenity",
        "category_value": "place_of_worship",
        "category_label": "設施",
        "opening_hours": null,
        "cuisine": null,
        "wikidata": null,
        "website": null,
        "ele": null,
        "lat": 22.164662,
        "lng": 113.564177,
        "source": "osm"
      }
    },
    {
      "type": "Feature",
      "geometry": {
        "type": "Point",
        "coordinates": [
          113.574638,
          22.126005
        ]
      },
      "properties": {
        "osm_id": "node/4430550090",
        "name": "美麗華餐廳 Restaurante Miramar",
        "name_zh": "美麗華餐廳",
        "name_en": "Miramar Restaurant",
        "name_pt": "Restaurante Miramar",
        "category": "food",
        "category_value": "restaurant",
        "category_label": "美食",
        "opening_hours": null,
        "cuisine": null,
        "wikidata": null,
        "website": null,
        "ele": null,
        "lat": 22.126005,
        "lng": 113.574638,
        "source": "osm"
      }
    },
    {
      "type": "Feature",
      "geometry": {
        "type": "Point",
        "coordinates": [
          113.550171,
          22.186388
        ]
      },
      "properties": {
        "osm_id": "node/4430582689",
        "name": "MP3 Bar Lounge",
        "name_zh": null,
        "name_en": "MP3 Bar Lounge",
        "name_pt": null,
        "category": "food",
        "category_value": "cafe",
        "category_label": "美食",
        "opening_hours": null,
        "cuisine": null,
        "wikidata": null,
        "website": null,
        "ele": null,
        "lat": 22.186388,
        "lng": 113.550171,
        "source": "osm"
      }
    },
    {
      "type": "Feature",
      "geometry": {
        "type": "Point",
        "coordinates": [
          113.540012,
          22.196737
        ]
      },
      "properties": {
        "osm_id": "node/4432537890",
        "name": "Street Art & Alternative Stores",
        "name_zh": "Street Art & Alternative Stores",
        "name_en": "Street Art & Alternative Stores",
        "name_pt": null,
        "category": "tourism",
        "category_value": "artwork",
        "category_label": "觀光",
        "opening_hours": null,
        "cuisine": null,
        "wikidata": null,
        "website": null,
        "ele": null,
        "lat": 22.196737,
        "lng": 113.540012,
        "source": "osm"
      }
    },
    {
      "type": "Feature",
      "geometry": {
        "type": "Point",
        "coordinates": [
          113.536175,
          22.191606
        ]
      },
      "properties": {
        "osm_id": "node/4443990789",
        "name": "Chinese Temple",
        "name_zh": "Chinese Temple",
        "name_en": "Chinese Temple",
        "name_pt": null,
        "category": "tourism",
        "category_value": "attraction",
        "category_label": "觀光",
        "opening_hours": "Mo-Su 07:00-18:00",
        "cuisine": null,
        "wikidata": null,
        "website": null,
        "ele": null,
        "lat": 22.191606,
        "lng": 113.536175,
        "source": "osm"
      }
    },
    {
      "type": "Feature",
      "geometry": {
        "type": "Point",
        "coordinates": [
          113.538597,
          22.200685
        ]
      },
      "properties": {
        "osm_id": "node/4443990790",
        "name": "Templo Yu Hong",
        "name_zh": "Templo Yu Hong",
        "name_en": null,
        "name_pt": "Templo Yu Hong",
        "category": "tourism",
        "category_value": "attraction",
        "category_label": "觀光",
        "opening_hours": null,
        "cuisine": null,
        "wikidata": null,
        "website": null,
        "ele": null,
        "lat": 22.200685,
        "lng": 113.538597,
        "source": "osm"
      }
    },
    {
      "type": "Feature",
      "geometry": {
        "type": "Point",
        "coordinates": [
          113.553061,
          22.156858
        ]
      },
      "properties": {
        "osm_id": "node/4443991389",
        "name": "Arirung Korean Restaurant",
        "name_zh": null,
        "name_en": "Arirung Korean Restaurant",
        "name_pt": null,
        "category": "food",
        "category_value": "restaurant",
        "category_label": "美食",
        "opening_hours": null,
        "cuisine": null,
        "wikidata": null,
        "website": null,
        "ele": null,
        "lat": 22.156858,
        "lng": 113.553061,
        "source": "osm"
      }
    },
    {
      "type": "Feature",
      "geometry": {
        "type": "Point",
        "coordinates": [
          113.539841,
          22.200052
        ]
      },
      "properties": {
        "osm_id": "node/4445078490",
        "name": "東方基金會會址 Casa Garden",
        "name_zh": "東方基金會會址",
        "name_en": "Garden House",
        "name_pt": "Casa Garden",
        "category": "tourism",
        "category_value": "attraction",
        "category_label": "觀光",
        "opening_hours": "Tu-Su 10:00-19:00",
        "cuisine": null,
        "wikidata": "Q4570262",
        "website": null,
        "ele": null,
        "lat": 22.200052,
        "lng": 113.539841,
        "source": "osm"
      }
    },
    {
      "type": "Feature",
      "geometry": {
        "type": "Point",
        "coordinates": [
          113.537917,
          22.193834
        ]
      },
      "properties": {
        "osm_id": "node/4449943791",
        "name": "禮記魚翅海鮮酒家",
        "name_zh": "禮記魚翅海鮮酒家",
        "name_en": null,
        "name_pt": null,
        "category": "food",
        "category_value": "restaurant",
        "category_label": "美食",
        "opening_hours": "Mo-Su 12:00-23:00",
        "cuisine": "chinese",
        "wikidata": null,
        "website": null,
        "ele": null,
        "lat": 22.193834,
        "lng": 113.537917,
        "source": "osm"
      }
    },
    {
      "type": "Feature",
      "geometry": {
        "type": "Point",
        "coordinates": [
          113.540577,
          22.196814
        ]
      },
      "properties": {
        "osm_id": "node/4449998591",
        "name": "大利來豬扒包",
        "name_zh": "大利來豬扒包",
        "name_en": null,
        "name_pt": null,
        "category": "food",
        "category_value": "shop=bakery",
        "category_label": "美食",
        "opening_hours": null,
        "cuisine": null,
        "wikidata": null,
        "website": null,
        "ele": null,
        "lat": 22.196814,
        "lng": 113.540577,
        "source": "osm"
      }
    },
    {
      "type": "Feature",
      "geometry": {
        "type": "Point",
        "coordinates": [
          113.537701,
          22.19424
        ]
      },
      "properties": {
        "osm_id": "node/4450002689",
        "name": "福龍葡國餐廳 Restaurant Dragon",
        "name_zh": "福龍葡國餐廳 Restaurant Dragon",
        "name_en": "Dragon Portuguese Cuisine",
        "name_pt": null,
        "category": "food",
        "category_value": "restaurant",
        "category_label": "美食",
        "opening_hours": "Mo-Su 12:00-15:00,18:00-23:30",
        "cuisine": "portuguese",
        "wikidata": null,
        "website": null,
        "ele": null,
        "lat": 22.19424,
        "lng": 113.537701,
        "source": "osm"
      }
    },
    {
      "type": "Feature",
      "geometry": {
        "type": "Point",
        "coordinates": [
          113.555592,
          22.153431
        ]
      },
      "properties": {
        "osm_id": "node/4450113289",
        "name": "波爾圖餐廳",
        "name_zh": "波爾圖餐廳",
        "name_en": "Est. de Comida Portuguesa \"Porto\"",
        "name_pt": null,
        "category": "food",
        "category_value": "restaurant",
        "category_label": "美食",
        "opening_hours": "Mo-Su 11:00-22:30",
        "cuisine": null,
        "wikidata": null,
        "website": null,
        "ele": null,
        "lat": 22.153431,
        "lng": 113.555592,
        "source": "osm"
      }
    },
    {
      "type": "Feature",
      "geometry": {
        "type": "Point",
        "coordinates": [
          113.551237,
          22.117052
        ]
      },
      "properties": {
        "osm_id": "node/4450165193",
        "name": "Café Nga Tim 雅憩花園餐廳",
        "name_zh": "Café Nga Tim 雅憩花園餐廳",
        "name_en": null,
        "name_pt": null,
        "category": "food",
        "category_value": "restaurant",
        "category_label": "美食",
        "opening_hours": null,
        "cuisine": null,
        "wikidata": null,
        "website": null,
        "ele": null,
        "lat": 22.117052,
        "lng": 113.551237,
        "source": "osm"
      }
    },
    {
      "type": "Feature",
      "geometry": {
        "type": "Point",
        "coordinates": [
          113.547703,
          22.207902
        ]
      },
      "properties": {
        "osm_id": "node/4451689989",
        "name": "Mong-Ha Fortress",
        "name_zh": null,
        "name_en": "Mong-Ha Fortress",
        "name_pt": null,
        "category": "tourism",
        "category_value": "attraction",
        "category_label": "觀光",
        "opening_hours": null,
        "cuisine": null,
        "wikidata": null,
        "website": null,
        "ele": null,
        "lat": 22.207902,
        "lng": 113.547703,
        "source": "osm"
      }
    },
    {
      "type": "Feature",
      "geometry": {
        "type": "Point",
        "coordinates": [
          113.538796,
          22.19308
        ]
      },
      "properties": {
        "osm_id": "node/4467819789",
        "name": "柏林頓班戟屋",
        "name_zh": "柏林頓班戟屋",
        "name_en": "Paddington House of Pancakes",
        "name_pt": null,
        "category": "food",
        "category_value": "restaurant",
        "category_label": "美食",
        "opening_hours": null,
        "cuisine": null,
        "wikidata": null,
        "website": null,
        "ele": null,
        "lat": 22.19308,
        "lng": 113.538796,
        "source": "osm"
      }
    },
    {
      "type": "Feature",
      "geometry": {
        "type": "Point",
        "coordinates": [
          113.531225,
          22.187165
        ]
      },
      "properties": {
        "osm_id": "node/4537880192",
        "name": "船屋葡國餐廳",
        "name_zh": "船屋葡國餐廳",
        "name_en": null,
        "name_pt": null,
        "category": "food",
        "category_value": "restaurant",
        "category_label": "美食",
        "opening_hours": "We-Mo 12:30-15:30, 18:30-22:00",
        "cuisine": null,
        "wikidata": null,
        "website": null,
        "ele": null,
        "lat": 22.187165,
        "lng": 113.531225,
        "source": "osm"
      }
    },
    {
      "type": "Feature",
      "geometry": {
        "type": "Point",
        "coordinates": [
          113.556078,
          22.153639
        ]
      },
      "properties": {
        "osm_id": "node/4537967390",
        "name": "葡國美食天地",
        "name_zh": "葡國美食天地",
        "name_en": "A Petisquira",
        "name_pt": null,
        "category": "food",
        "category_value": "restaurant",
        "category_label": "美食",
        "opening_hours": "Tu-Fr 12:30-14:15, 18:45-22:00; Sa-Su 12:30-14:30, 18:45-22:00",
        "cuisine": "portuguese",
        "wikidata": null,
        "website": null,
        "ele": null,
        "lat": 22.153639,
        "lng": 113.556078,
        "source": "osm"
      }
    },
    {
      "type": "Feature",
      "geometry": {
        "type": "Point",
        "coordinates": [
          113.556986,
          22.153534
        ]
      },
      "properties": {
        "osm_id": "node/4558762389",
        "name": "上海珍珍",
        "name_zh": "上海珍珍",
        "name_en": null,
        "name_pt": null,
        "category": "tourism",
        "category_value": "attraction",
        "category_label": "觀光",
        "opening_hours": null,
        "cuisine": null,
        "wikidata": null,
        "website": null,
        "ele": null,
        "lat": 22.153534,
        "lng": 113.556986,
        "source": "osm"
      }
    },
    {
      "type": "Feature",
      "geometry": {
        "type": "Point",
        "coordinates": [
          113.550119,
          22.158003
        ]
      },
      "properties": {
        "osm_id": "node/4572292590",
        "name": "卡夫卡",
        "name_zh": "卡夫卡",
        "name_en": null,
        "name_pt": null,
        "category": "food",
        "category_value": "shop=confectionery",
        "category_label": "美食",
        "opening_hours": null,
        "cuisine": null,
        "wikidata": null,
        "website": null,
        "ele": null,
        "lat": 22.158003,
        "lng": 113.550119,
        "source": "osm"
      }
    },
    {
      "type": "Feature",
      "geometry": {
        "type": "Point",
        "coordinates": [
          113.545095,
          22.194983
        ]
      },
      "properties": {
        "osm_id": "node/4572305189",
        "name": "十份好運",
        "name_zh": "十份好運",
        "name_en": null,
        "name_pt": null,
        "category": "food",
        "category_value": "fast_food",
        "category_label": "美食",
        "opening_hours": "Mo-Su 10:00-20:00",
        "cuisine": null,
        "wikidata": null,
        "website": null,
        "ele": null,
        "lat": 22.194983,
        "lng": 113.545095,
        "source": "osm"
      }
    },
    {
      "type": "Feature",
      "geometry": {
        "type": "Point",
        "coordinates": [
          113.535262,
          22.190238
        ]
      },
      "properties": {
        "osm_id": "node/4573353892",
        "name": "蜀味厢私房麻辣燙",
        "name_zh": "蜀味厢私房麻辣燙",
        "name_en": null,
        "name_pt": null,
        "category": "food",
        "category_value": "fast_food",
        "category_label": "美食",
        "opening_hours": "Mo-Su 12:00-02:00",
        "cuisine": "chinese",
        "wikidata": null,
        "website": null,
        "ele": null,
        "lat": 22.190238,
        "lng": 113.535262,
        "source": "osm"
      }
    },
    {
      "type": "Feature",
      "geometry": {
        "type": "Point",
        "coordinates": [
          113.559734,
          22.153941
        ]
      },
      "properties": {
        "osm_id": "node/4664838891",
        "name": "龍環葡韻住宅式博物館 Casas-Museu da Taipa",
        "name_zh": "龍環葡韻住宅式博物館",
        "name_en": "Taipa Houses–Museum",
        "name_pt": "Casas-Museu da Taipa",
        "category": "tourism",
        "category_value": "museum",
        "category_label": "觀光",
        "opening_hours": null,
        "cuisine": null,
        "wikidata": "Q15216026",
        "website": null,
        "ele": null,
        "lat": 22.153941,
        "lng": 113.559734,
        "source": "osm"
      }
    },
    {
      "type": "Feature",
      "geometry": {
        "type": "Point",
        "coordinates": [
          113.546313,
          22.18691
        ]
      },
      "properties": {
        "osm_id": "node/4670357890",
        "name": "永利軒",
        "name_zh": "永利軒",
        "name_en": null,
        "name_pt": null,
        "category": "food",
        "category_value": "restaurant",
        "category_label": "美食",
        "opening_hours": "Mo-Fr 11:30-15:00, 18:00-23:00; Sa-Su 10:30-15:30, 18:00-23:00",
        "cuisine": null,
        "wikidata": null,
        "website": null,
        "ele": null,
        "lat": 22.18691,
        "lng": 113.546313,
        "source": "osm"
      }
    },
    {
      "type": "Feature",
      "geometry": {
        "type": "Point",
        "coordinates": [
          113.544465,
          22.189787
        ]
      },
      "properties": {
        "osm_id": "node/4688242989",
        "name": "樂宮餅店 Palácio Lisboa",
        "name_zh": "樂宮餅店",
        "name_en": null,
        "name_pt": "Palácio Lisboa",
        "category": "food",
        "category_value": "shop=pastry",
        "category_label": "美食",
        "opening_hours": null,
        "cuisine": null,
        "wikidata": null,
        "website": null,
        "ele": null,
        "lat": 22.189787,
        "lng": 113.544465,
        "source": "osm"
      }
    },
    {
      "type": "Feature",
      "geometry": {
        "type": "Point",
        "coordinates": [
          113.54299,
          22.195107
        ]
      },
      "properties": {
        "osm_id": "node/4694461592",
        "name": "澳門浸信會",
        "name_zh": "澳門浸信會",
        "name_en": "Macau Baptist Church",
        "name_pt": null,
        "category": "amenity",
        "category_value": "place_of_worship",
        "category_label": "設施",
        "opening_hours": null,
        "cuisine": null,
        "wikidata": null,
        "website": null,
        "ele": null,
        "lat": 22.195107,
        "lng": 113.54299,
        "source": "osm"
      }
    },
    {
      "type": "Feature",
      "geometry": {
        "type": "Point",
        "coordinates": [
          113.558316,
          22.153817
        ]
      },
      "properties": {
        "osm_id": "node/4730574921",
        "name": "L'Altro Restaurant Macau",
        "name_zh": "L'Altro Restaurant Macau",
        "name_en": null,
        "name_pt": "L'Altro Restaurant Macau",
        "category": "food",
        "category_value": "restaurant",
        "category_label": "美食",
        "opening_hours": "Mo-Sa 12:00-15:00 + 18:00 - 0:00, So 12:00 - 21:00",
        "cuisine": "italian",
        "wikidata": null,
        "website": "https://laltrorestaurantmacau.com",
        "ele": null,
        "lat": 22.153817,
        "lng": 113.558316,
        "source": "osm"
      }
    },
    {
      "type": "Feature",
      "geometry": {
        "type": "Point",
        "coordinates": [
          113.549704,
          22.158844
        ]
      },
      "properties": {
        "osm_id": "node/4730594122",
        "name": "KAFKA Sweets & Gourmandises 卡夫卡",
        "name_zh": "卡夫卡",
        "name_en": "KAFKA Sweets & Gourmandises",
        "name_pt": null,
        "category": "food",
        "category_value": "cafe",
        "category_label": "美食",
        "opening_hours": "Mo-Su 13:30-22:00",
        "cuisine": "ice_cream;japanese;sandwich;dessert",
        "wikidata": null,
        "website": null,
        "ele": null,
        "lat": 22.158844,
        "lng": 113.549704,
        "source": "osm"
      }
    },
    {
      "type": "Feature",
      "geometry": {
        "type": "Point",
        "coordinates": [
          113.556401,
          22.152849
        ]
      },
      "properties": {
        "osm_id": "node/4730599623",
        "name": "monchhichi",
        "name_zh": "monchhichi",
        "name_en": null,
        "name_pt": null,
        "category": "food",
        "category_value": "cafe",
        "category_label": "美食",
        "opening_hours": null,
        "cuisine": null,
        "wikidata": null,
        "website": null,
        "ele": null,
        "lat": 22.152849,
        "lng": 113.556401,
        "source": "osm"
      }
    },
    {
      "type": "Feature",
      "geometry": {
        "type": "Point",
        "coordinates": [
          113.555482,
          22.153214
        ]
      },
      "properties": {
        "osm_id": "node/4733650021",
        "name": "新好利美食餅店 (豬扒包)",
        "name_zh": "新好利美食餅店 (豬扒包)",
        "name_en": null,
        "name_pt": null,
        "category": "food",
        "category_value": "shop=bakery",
        "category_label": "美食",
        "opening_hours": "Mo-Su 07:00-18:00",
        "cuisine": null,
        "wikidata": null,
        "website": null,
        "ele": null,
        "lat": 22.153214,
        "lng": 113.555482,
        "source": "osm"
      }
    },
    {
      "type": "Feature",
      "geometry": {
        "type": "Point",
        "coordinates": [
          113.552395,
          22.121253
        ]
      },
      "properties": {
        "osm_id": "node/4733669121",
        "name": "漢記咖啡",
        "name_zh": "漢記咖啡",
        "name_en": null,
        "name_pt": null,
        "category": "food",
        "category_value": "cafe",
        "category_label": "美食",
        "opening_hours": "Mo-Tu 08:30-17:30; Th-Su 08:30-17:30; Wed off",
        "cuisine": "coffee_shop",
        "wikidata": null,
        "website": null,
        "ele": null,
        "lat": 22.121253,
        "lng": 113.552395,
        "source": "osm"
      }
    },
    {
      "type": "Feature",
      "geometry": {
        "type": "Point",
        "coordinates": [
          113.555341,
          22.152331
        ]
      },
      "properties": {
        "osm_id": "node/4733681322",
        "name": "梳打冰室",
        "name_zh": "梳打冰室",
        "name_en": null,
        "name_pt": null,
        "category": "food",
        "category_value": "restaurant",
        "category_label": "美食",
        "opening_hours": "Mo-Su 07:00-18:00",
        "cuisine": null,
        "wikidata": null,
        "website": null,
        "ele": null,
        "lat": 22.152331,
        "lng": 113.555341,
        "source": "osm"
      }
    },
    {
      "type": "Feature",
      "geometry": {
        "type": "Point",
        "coordinates": [
          113.541556,
          22.195759
        ]
      },
      "properties": {
        "osm_id": "node/4733699326",
        "name": "蕃茄屋 (葡國菜)",
        "name_zh": "蕃茄屋 (葡國菜)",
        "name_en": null,
        "name_pt": null,
        "category": "food",
        "category_value": "restaurant",
        "category_label": "美食",
        "opening_hours": null,
        "cuisine": null,
        "wikidata": null,
        "website": null,
        "ele": null,
        "lat": 22.195759,
        "lng": 113.541556,
        "source": "osm"
      }
    },
    {
      "type": "Feature",
      "geometry": {
        "type": "Point",
        "coordinates": [
          113.545338,
          22.196259
        ]
      },
      "properties": {
        "osm_id": "node/4733712821",
        "name": "禮記雪糕 (老店)",
        "name_zh": "禮記雪糕 (老店)",
        "name_en": null,
        "name_pt": null,
        "category": "food",
        "category_value": "shop=deli",
        "category_label": "美食",
        "opening_hours": null,
        "cuisine": null,
        "wikidata": null,
        "website": null,
        "ele": null,
        "lat": 22.196259,
        "lng": 113.545338,
        "source": "osm"
      }
    },
    {
      "type": "Feature",
      "geometry": {
        "type": "Point",
        "coordinates": [
          113.559572,
          22.156461
        ]
      },
      "properties": {
        "osm_id": "node/4733771822",
        "name": "喜蓮咖啡麵食 (牛尾湯通粉)",
        "name_zh": "喜蓮咖啡麵食 (牛尾湯通粉)",
        "name_en": null,
        "name_pt": null,
        "category": "food",
        "category_value": "restaurant",
        "category_label": "美食",
        "opening_hours": null,
        "cuisine": null,
        "wikidata": null,
        "website": null,
        "ele": null,
        "lat": 22.156461,
        "lng": 113.559572,
        "source": "osm"
      }
    },
    {
      "type": "Feature",
      "geometry": {
        "type": "Point",
        "coordinates": [
          113.551171,
          22.118223
        ]
      },
      "properties": {
        "osm_id": "node/4733802521",
        "name": "安德魯咖啡店 Lord Stow's Cafe",
        "name_zh": "安德魯咖啡店",
        "name_en": "Lord Stow's Cafe",
        "name_pt": null,
        "category": "food",
        "category_value": "cafe",
        "category_label": "美食",
        "opening_hours": null,
        "cuisine": null,
        "wikidata": null,
        "website": null,
        "ele": null,
        "lat": 22.118223,
        "lng": 113.551171,
        "source": "osm"
      }
    },
    {
      "type": "Feature",
      "geometry": {
        "type": "Point",
        "coordinates": [
          113.551666,
          22.116618
        ]
      },
      "properties": {
        "osm_id": "node/4733805123",
        "name": "橋記咖啡美食",
        "name_zh": "橋記咖啡美食",
        "name_en": null,
        "name_pt": null,
        "category": "food",
        "category_value": "restaurant",
        "category_label": "美食",
        "opening_hours": null,
        "cuisine": null,
        "wikidata": null,
        "website": null,
        "ele": null,
        "lat": 22.116618,
        "lng": 113.551666,
        "source": "osm"
      }
    },
    {
      "type": "Feature",
      "geometry": {
        "type": "Point",
        "coordinates": [
          113.551249,
          22.117048
        ]
      },
      "properties": {
        "osm_id": "node/4733805124",
        "name": "雅憩花園餐廳 (原個菠蘿焗海鮮飯)",
        "name_zh": "雅憩花園餐廳 (原個菠蘿焗海鮮飯)",
        "name_en": null,
        "name_pt": null,
        "category": "food",
        "category_value": "restaurant",
        "category_label": "美食",
        "opening_hours": null,
        "cuisine": null,
        "wikidata": null,
        "website": null,
        "ele": null,
        "lat": 22.117048,
        "lng": 113.551249,
        "source": "osm"
      }
    },
    {
      "type": "Feature",
      "geometry": {
        "type": "Point",
        "coordinates": [
          113.551336,
          22.116798
        ]
      },
      "properties": {
        "osm_id": "node/4733805125",
        "name": "陳勝記 (陳皮鴨)",
        "name_zh": "陳勝記 (陳皮鴨)",
        "name_en": null,
        "name_pt": null,
        "category": "food",
        "category_value": "restaurant",
        "category_label": "美食",
        "opening_hours": null,
        "cuisine": null,
        "wikidata": null,
        "website": null,
        "ele": null,
        "lat": 22.116798,
        "lng": 113.551336,
        "source": "osm"
      }
    },
    {
      "type": "Feature",
      "geometry": {
        "type": "Point",
        "coordinates": [
          113.540057,
          22.195538
        ]
      },
      "properties": {
        "osm_id": "node/4734380821",
        "name": "明記碟仔糕",
        "name_zh": "明記碟仔糕",
        "name_en": null,
        "name_pt": null,
        "category": "food",
        "category_value": "shop=bakery",
        "category_label": "美食",
        "opening_hours": null,
        "cuisine": null,
        "wikidata": null,
        "website": null,
        "ele": null,
        "lat": 22.195538,
        "lng": 113.540057,
        "source": "osm"
      }
    },
    {
      "type": "Feature",
      "geometry": {
        "type": "Point",
        "coordinates": [
          113.54636,
          22.202454
        ]
      },
      "properties": {
        "osm_id": "node/4734380822",
        "name": "雅馨緬甸餐廳 (魚湯粉，椰汁雞麵)",
        "name_zh": "雅馨緬甸餐廳 (魚湯粉，椰汁雞麵)",
        "name_en": null,
        "name_pt": null,
        "category": "food",
        "category_value": "restaurant",
        "category_label": "美食",
        "opening_hours": null,
        "cuisine": null,
        "wikidata": null,
        "website": null,
        "ele": null,
        "lat": 22.202454,
        "lng": 113.54636,
        "source": "osm"
      }
    },
    {
      "type": "Feature",
      "geometry": {
        "type": "Point",
        "coordinates": [
          113.542155,
          22.194214
        ]
      },
      "properties": {
        "osm_id": "node/4734380921",
        "name": "香蕉糕，雞蛋仔",
        "name_zh": "香蕉糕，雞蛋仔",
        "name_en": null,
        "name_pt": null,
        "category": "food",
        "category_value": "shop=bakery",
        "category_label": "美食",
        "opening_hours": null,
        "cuisine": null,
        "wikidata": null,
        "website": null,
        "ele": null,
        "lat": 22.194214,
        "lng": 113.542155,
        "source": "osm"
      }
    },
    {
      "type": "Feature",
      "geometry": {
        "type": "Point",
        "coordinates": [
          113.535514,
          22.189134
        ]
      },
      "properties": {
        "osm_id": "node/4735533221",
        "name": "Padre cafe e cucina",
        "name_zh": null,
        "name_en": "Padre cafe e cucina",
        "name_pt": null,
        "category": "food",
        "category_value": "cafe",
        "category_label": "美食",
        "opening_hours": null,
        "cuisine": "italian_pizza;international",
        "wikidata": null,
        "website": null,
        "ele": null,
        "lat": 22.189134,
        "lng": 113.535514,
        "source": "osm"
      }
    },
    {
      "type": "Feature",
      "geometry": {
        "type": "Point",
        "coordinates": [
          113.552624,
          22.19532
        ]
      },
      "properties": {
        "osm_id": "node/4753941521",
        "name": "澳門基本法紀念館 Galeria Comemorativa da Lei Básica de Macau",
        "name_zh": "澳門基本法紀念館",
        "name_en": "Gallery of Macau common law",
        "name_pt": "Galeria Comemorativa da Lei Básica de Macau",
        "category": "tourism",
        "category_value": "museum",
        "category_label": "觀光",
        "opening_hours": null,
        "cuisine": null,
        "wikidata": null,
        "website": null,
        "ele": null,
        "lat": 22.19532,
        "lng": 113.552624,
        "source": "osm"
      }
    },
    {
      "type": "Feature",
      "geometry": {
        "type": "Point",
        "coordinates": [
          113.544805,
          22.200698
        ]
      },
      "properties": {
        "osm_id": "node/4816701719",
        "name": "二合一卓記美食 粥麺",
        "name_zh": "二合一卓記美食 粥麺",
        "name_en": null,
        "name_pt": null,
        "category": "food",
        "category_value": "restaurant",
        "category_label": "美食",
        "opening_hours": null,
        "cuisine": null,
        "wikidata": null,
        "website": null,
        "ele": null,
        "lat": 22.200698,
        "lng": 113.544805,
        "source": "osm"
      }
    },
    {
      "type": "Feature",
      "geometry": {
        "type": "Point",
        "coordinates": [
          113.545121,
          22.200428
        ]
      },
      "properties": {
        "osm_id": "node/4816701724",
        "name": "三本家作",
        "name_zh": "三本家作",
        "name_en": null,
        "name_pt": null,
        "category": "food",
        "category_value": "shop=bakery",
        "category_label": "美食",
        "opening_hours": "Mo-Su 12:00-19:00",
        "cuisine": null,
        "wikidata": null,
        "website": null,
        "ele": null,
        "lat": 22.200428,
        "lng": 113.545121,
        "source": "osm"
      }
    },
    {
      "type": "Feature",
      "geometry": {
        "type": "Point",
        "coordinates": [
          113.54624,
          22.203414
        ]
      },
      "properties": {
        "osm_id": "node/4818913451",
        "name": "Heong Tou Cafe",
        "name_zh": "Heong Tou Cafe",
        "name_en": null,
        "name_pt": null,
        "category": "food",
        "category_value": "cafe",
        "category_label": "美食",
        "opening_hours": null,
        "cuisine": null,
        "wikidata": null,
        "website": null,
        "ele": null,
        "lat": 22.203414,
        "lng": 113.54624,
        "source": "osm"
      }
    },
    {
      "type": "Feature",
      "geometry": {
        "type": "Point",
        "coordinates": [
          113.546785,
          22.197333
        ]
      },
      "properties": {
        "osm_id": "node/4818945521",
        "name": "Establecimento de Comidas Bangkok",
        "name_zh": "Establecimento de Comidas Bangkok",
        "name_en": null,
        "name_pt": "Establecimento de Comidas Bangkok",
        "category": "food",
        "category_value": "restaurant",
        "category_label": "美食",
        "opening_hours": null,
        "cuisine": null,
        "wikidata": null,
        "website": null,
        "ele": null,
        "lat": 22.197333,
        "lng": 113.546785,
        "source": "osm"
      }
    },
    {
      "type": "Feature",
      "geometry": {
        "type": "Point",
        "coordinates": [
          113.543627,
          22.198048
        ]
      },
      "properties": {
        "osm_id": "node/4818945541",
        "name": "Son Hou",
        "name_zh": "Son Hou",
        "name_en": null,
        "name_pt": null,
        "category": "food",
        "category_value": "restaurant",
        "category_label": "美食",
        "opening_hours": null,
        "cuisine": null,
        "wikidata": null,
        "website": null,
        "ele": null,
        "lat": 22.198048,
        "lng": 113.543627,
        "source": "osm"
      }
    },
    {
      "type": "Feature",
      "geometry": {
        "type": "Point",
        "coordinates": [
          113.543605,
          22.197701
        ]
      },
      "properties": {
        "osm_id": "node/4818945543",
        "name": "Alves Café",
        "name_zh": "Alves Café",
        "name_en": "Alves Café",
        "name_pt": null,
        "category": "food",
        "category_value": "cafe",
        "category_label": "美食",
        "opening_hours": null,
        "cuisine": null,
        "wikidata": null,
        "website": null,
        "ele": null,
        "lat": 22.197701,
        "lng": 113.543605,
        "source": "osm"
      }
    },
    {
      "type": "Feature",
      "geometry": {
        "type": "Point",
        "coordinates": [
          113.54403,
          22.198121
        ]
      },
      "properties": {
        "osm_id": "node/4818967814",
        "name": "Evangelize China Fellowship",
        "name_zh": "Evangelize China Fellowship",
        "name_en": "Evangelize China Fellowship",
        "name_pt": null,
        "category": "amenity",
        "category_value": "place_of_worship",
        "category_label": "設施",
        "opening_hours": null,
        "cuisine": null,
        "wikidata": null,
        "website": null,
        "ele": null,
        "lat": 22.198121,
        "lng": 113.54403,
        "source": "osm"
      }
    },
    {
      "type": "Feature",
      "geometry": {
        "type": "Point",
        "coordinates": [
          113.543675,
          22.198146
        ]
      },
      "properties": {
        "osm_id": "node/4818972726",
        "name": "檀香山",
        "name_zh": "檀香山",
        "name_en": null,
        "name_pt": null,
        "category": "food",
        "category_value": "cafe",
        "category_label": "美食",
        "opening_hours": null,
        "cuisine": null,
        "wikidata": null,
        "website": null,
        "ele": null,
        "lat": 22.198146,
        "lng": 113.543675,
        "source": "osm"
      }
    },
    {
      "type": "Feature",
      "geometry": {
        "type": "Point",
        "coordinates": [
          113.549688,
          22.200145
        ]
      },
      "properties": {
        "osm_id": "node/4820498404",
        "name": "Casa de Fitas",
        "name_zh": "Casa de Fitas",
        "name_en": null,
        "name_pt": null,
        "category": "food",
        "category_value": "restaurant",
        "category_label": "美食",
        "opening_hours": null,
        "cuisine": null,
        "wikidata": null,
        "website": null,
        "ele": null,
        "lat": 22.200145,
        "lng": 113.549688,
        "source": "osm"
      }
    },
    {
      "type": "Feature",
      "geometry": {
        "type": "Point",
        "coordinates": [
          113.548581,
          22.199316
        ]
      },
      "properties": {
        "osm_id": "node/4820498408",
        "name": "Teatea",
        "name_zh": "Teatea",
        "name_en": null,
        "name_pt": null,
        "category": "food",
        "category_value": "shop=tea",
        "category_label": "美食",
        "opening_hours": null,
        "cuisine": null,
        "wikidata": null,
        "website": null,
        "ele": null,
        "lat": 22.199316,
        "lng": 113.548581,
        "source": "osm"
      }
    },
    {
      "type": "Feature",
      "geometry": {
        "type": "Point",
        "coordinates": [
          113.543093,
          22.200771
        ]
      },
      "properties": {
        "osm_id": "node/4820741978",
        "name": "Heng Lei",
        "name_zh": "Heng Lei",
        "name_en": null,
        "name_pt": null,
        "category": "food",
        "category_value": "restaurant",
        "category_label": "美食",
        "opening_hours": null,
        "cuisine": null,
        "wikidata": null,
        "website": null,
        "ele": null,
        "lat": 22.200771,
        "lng": 113.543093,
        "source": "osm"
      }
    },
    {
      "type": "Feature",
      "geometry": {
        "type": "Point",
        "coordinates": [
          113.542703,
          22.203069
        ]
      },
      "properties": {
        "osm_id": "node/4820742821",
        "name": "Coco Beef Offal",
        "name_zh": "Coco Beef Offal",
        "name_en": null,
        "name_pt": null,
        "category": "food",
        "category_value": "fast_food",
        "category_label": "美食",
        "opening_hours": null,
        "cuisine": null,
        "wikidata": null,
        "website": null,
        "ele": null,
        "lat": 22.203069,
        "lng": 113.542703,
        "source": "osm"
      }
    },
    {
      "type": "Feature",
      "geometry": {
        "type": "Point",
        "coordinates": [
          113.543248,
          22.204679
        ]
      },
      "properties": {
        "osm_id": "node/4820762897",
        "name": "Sushi Take-Out",
        "name_zh": "Sushi Take-Out",
        "name_en": "Sushi Take-Out",
        "name_pt": null,
        "category": "food",
        "category_value": "fast_food",
        "category_label": "美食",
        "opening_hours": null,
        "cuisine": null,
        "wikidata": null,
        "website": null,
        "ele": null,
        "lat": 22.204679,
        "lng": 113.543248,
        "source": "osm"
      }
    },
    {
      "type": "Feature",
      "geometry": {
        "type": "Point",
        "coordinates": [
          113.542993,
          22.202461
        ]
      },
      "properties": {
        "osm_id": "node/4820878899",
        "name": "Tea Garden",
        "name_zh": "Tea Garden",
        "name_en": null,
        "name_pt": null,
        "category": "food",
        "category_value": "shop=tea",
        "category_label": "美食",
        "opening_hours": null,
        "cuisine": null,
        "wikidata": null,
        "website": null,
        "ele": null,
        "lat": 22.202461,
        "lng": 113.542993,
        "source": "osm"
      }
    },
    {
      "type": "Feature",
      "geometry": {
        "type": "Point",
        "coordinates": [
          113.538367,
          22.198818
        ]
      },
      "properties": {
        "osm_id": "node/4829120062",
        "name": "倫記軟滑腸粉",
        "name_zh": "倫記軟滑腸粉",
        "name_en": null,
        "name_pt": null,
        "category": "food",
        "category_value": "fast_food",
        "category_label": "美食",
        "opening_hours": null,
        "cuisine": null,
        "wikidata": null,
        "website": null,
        "ele": null,
        "lat": 22.198818,
        "lng": 113.538367,
        "source": "osm"
      }
    },
    {
      "type": "Feature",
      "geometry": {
        "type": "Point",
        "coordinates": [
          113.544984,
          22.190073
        ]
      },
      "properties": {
        "osm_id": "node/4829364804",
        "name": "Shanghai 4,5,6 Restaurant",
        "name_zh": "Shanghai 4,5,6 Restaurant",
        "name_en": "Shanghai 4,5,6 Restaurant",
        "name_pt": null,
        "category": "food",
        "category_value": "restaurant",
        "category_label": "美食",
        "opening_hours": null,
        "cuisine": null,
        "wikidata": null,
        "website": null,
        "ele": null,
        "lat": 22.190073,
        "lng": 113.544984,
        "source": "osm"
      }
    },
    {
      "type": "Feature",
      "geometry": {
        "type": "Point",
        "coordinates": [
          113.545883,
          22.194457
        ]
      },
      "properties": {
        "osm_id": "node/4829436921",
        "name": "Cofy",
        "name_zh": "Cofy",
        "name_en": null,
        "name_pt": null,
        "category": "food",
        "category_value": "restaurant",
        "category_label": "美食",
        "opening_hours": null,
        "cuisine": null,
        "wikidata": null,
        "website": null,
        "ele": null,
        "lat": 22.194457,
        "lng": 113.545883,
        "source": "osm"
      }
    },
    {
      "type": "Feature",
      "geometry": {
        "type": "Point",
        "coordinates": [
          113.545996,
          22.194769
        ]
      },
      "properties": {
        "osm_id": "node/4829465592",
        "name": "Establecimento de Comidas Tai Kan",
        "name_zh": "泰金泰國食館",
        "name_en": null,
        "name_pt": null,
        "category": "food",
        "category_value": "restaurant",
        "category_label": "美食",
        "opening_hours": null,
        "cuisine": null,
        "wikidata": null,
        "website": null,
        "ele": null,
        "lat": 22.194769,
        "lng": 113.545996,
        "source": "osm"
      }
    },
    {
      "type": "Feature",
      "geometry": {
        "type": "Point",
        "coordinates": [
          113.551024,
          22.201112
        ]
      },
      "properties": {
        "osm_id": "node/4829676785",
        "name": "Maxim's",
        "name_zh": "美心餅店",
        "name_en": null,
        "name_pt": null,
        "category": "food",
        "category_value": "shop=bakery",
        "category_label": "美食",
        "opening_hours": null,
        "cuisine": null,
        "wikidata": null,
        "website": null,
        "ele": null,
        "lat": 22.201112,
        "lng": 113.551024,
        "source": "osm"
      }
    },
    {
      "type": "Feature",
      "geometry": {
        "type": "Point",
        "coordinates": [
          113.543228,
          22.193749
        ]
      },
      "properties": {
        "osm_id": "node/4829676795",
        "name": "Café E.S.Kimo",
        "name_zh": "Café E.S.Kimo",
        "name_en": null,
        "name_pt": null,
        "category": "food",
        "category_value": "cafe",
        "category_label": "美食",
        "opening_hours": null,
        "cuisine": null,
        "wikidata": null,
        "website": null,
        "ele": null,
        "lat": 22.193749,
        "lng": 113.543228,
        "source": "osm"
      }
    },
    {
      "type": "Feature",
      "geometry": {
        "type": "Point",
        "coordinates": [
          113.545877,
          22.195845
        ]
      },
      "properties": {
        "osm_id": "node/4831188220",
        "name": "Meng Mun Koi Hoi Suk Sec Fu",
        "name_zh": "Meng Mun Koi Hoi Suk Sec Fu",
        "name_en": null,
        "name_pt": null,
        "category": "food",
        "category_value": "restaurant",
        "category_label": "美食",
        "opening_hours": null,
        "cuisine": null,
        "wikidata": null,
        "website": null,
        "ele": null,
        "lat": 22.195845,
        "lng": 113.545877,
        "source": "osm"
      }
    },
    {
      "type": "Feature",
      "geometry": {
        "type": "Point",
        "coordinates": [
          113.551257,
          22.201346
        ]
      },
      "properties": {
        "osm_id": "node/4831313051",
        "name": "澳門退休、退役及領取撫恤金人士協會 APOMAC",
        "name_zh": "澳門退休、退役及領取撫恤金人士協會",
        "name_en": null,
        "name_pt": null,
        "category": "food",
        "category_value": "restaurant",
        "category_label": "美食",
        "opening_hours": null,
        "cuisine": null,
        "wikidata": null,
        "website": null,
        "ele": null,
        "lat": 22.201346,
        "lng": 113.551257,
        "source": "osm"
      }
    },
    {
      "type": "Feature",
      "geometry": {
        "type": "Point",
        "coordinates": [
          113.545561,
          22.196533
        ]
      },
      "properties": {
        "osm_id": "node/4831451088",
        "name": "KAFKA",
        "name_zh": "KAFKA",
        "name_en": null,
        "name_pt": null,
        "category": "food",
        "category_value": "cafe",
        "category_label": "美食",
        "opening_hours": null,
        "cuisine": null,
        "wikidata": null,
        "website": null,
        "ele": null,
        "lat": 22.196533,
        "lng": 113.545561,
        "source": "osm"
      }
    },
    {
      "type": "Feature",
      "geometry": {
        "type": "Point",
        "coordinates": [
          113.550896,
          22.186621
        ]
      },
      "properties": {
        "osm_id": "node/4831638593",
        "name": "Chivas",
        "name_zh": "Chivas",
        "name_en": null,
        "name_pt": null,
        "category": "food",
        "category_value": "pub",
        "category_label": "美食",
        "opening_hours": null,
        "cuisine": null,
        "wikidata": null,
        "website": null,
        "ele": null,
        "lat": 22.186621,
        "lng": 113.550896,
        "source": "osm"
      }
    },
    {
      "type": "Feature",
      "geometry": {
        "type": "Point",
        "coordinates": [
          113.551018,
          22.186682
        ]
      },
      "properties": {
        "osm_id": "node/4831638594",
        "name": "Gold Coast",
        "name_zh": "Gold Coast",
        "name_en": null,
        "name_pt": null,
        "category": "food",
        "category_value": "restaurant",
        "category_label": "美食",
        "opening_hours": null,
        "cuisine": "seafood",
        "wikidata": null,
        "website": null,
        "ele": null,
        "lat": 22.186682,
        "lng": 113.551018,
        "source": "osm"
      }
    },
    {
      "type": "Feature",
      "geometry": {
        "type": "Point",
        "coordinates": [
          113.550977,
          22.187015
        ]
      },
      "properties": {
        "osm_id": "node/4831638595",
        "name": "Indian Spice",
        "name_zh": "Indian Spice",
        "name_en": null,
        "name_pt": null,
        "category": "food",
        "category_value": "restaurant",
        "category_label": "美食",
        "opening_hours": null,
        "cuisine": null,
        "wikidata": null,
        "website": null,
        "ele": null,
        "lat": 22.187015,
        "lng": 113.550977,
        "source": "osm"
      }
    },
    {
      "type": "Feature",
      "geometry": {
        "type": "Point",
        "coordinates": [
          113.549996,
          22.189301
        ]
      },
      "properties": {
        "osm_id": "node/4831638597",
        "name": "Padaria da Guia",
        "name_zh": "Padaria da Guia",
        "name_en": null,
        "name_pt": "Padaria da Guia",
        "category": "food",
        "category_value": "shop=bakery",
        "category_label": "美食",
        "opening_hours": null,
        "cuisine": null,
        "wikidata": null,
        "website": null,
        "ele": null,
        "lat": 22.189301,
        "lng": 113.549996,
        "source": "osm"
      }
    },
    {
      "type": "Feature",
      "geometry": {
        "type": "Point",
        "coordinates": [
          113.54907,
          22.190158
        ]
      },
      "properties": {
        "osm_id": "node/4831638599",
        "name": "Mengmun",
        "name_zh": "Mengmun",
        "name_en": "Mengmun",
        "name_pt": null,
        "category": "food",
        "category_value": "restaurant",
        "category_label": "美食",
        "opening_hours": null,
        "cuisine": "seafood",
        "wikidata": null,
        "website": null,
        "ele": null,
        "lat": 22.190158,
        "lng": 113.54907,
        "source": "osm"
      }
    },
    {
      "type": "Feature",
      "geometry": {
        "type": "Point",
        "coordinates": [
          113.546339,
          22.190057
        ]
      },
      "properties": {
        "osm_id": "node/4831674471",
        "name": "Ah Yat",
        "name_zh": "Ah Yat",
        "name_en": "Ah Yat",
        "name_pt": null,
        "category": "food",
        "category_value": "restaurant",
        "category_label": "美食",
        "opening_hours": null,
        "cuisine": null,
        "wikidata": null,
        "website": null,
        "ele": null,
        "lat": 22.190057,
        "lng": 113.546339,
        "source": "osm"
      }
    },
    {
      "type": "Feature",
      "geometry": {
        "type": "Point",
        "coordinates": [
          113.540517,
          22.207296
        ]
      },
      "properties": {
        "osm_id": "node/4831769799",
        "name": "Maya",
        "name_zh": "Maya",
        "name_en": null,
        "name_pt": null,
        "category": "food",
        "category_value": "restaurant",
        "category_label": "美食",
        "opening_hours": null,
        "cuisine": null,
        "wikidata": null,
        "website": null,
        "ele": null,
        "lat": 22.207296,
        "lng": 113.540517,
        "source": "osm"
      }
    },
    {
      "type": "Feature",
      "geometry": {
        "type": "Point",
        "coordinates": [
          113.551733,
          22.190758
        ]
      },
      "properties": {
        "osm_id": "node/4833498025",
        "name": "Akasaka Café",
        "name_zh": "Akasaka Café",
        "name_en": null,
        "name_pt": null,
        "category": "food",
        "category_value": "cafe",
        "category_label": "美食",
        "opening_hours": null,
        "cuisine": null,
        "wikidata": null,
        "website": null,
        "ele": null,
        "lat": 22.190758,
        "lng": 113.551733,
        "source": "osm"
      }
    },
    {
      "type": "Feature",
      "geometry": {
        "type": "Point",
        "coordinates": [
          113.552521,
          22.188845
        ]
      },
      "properties": {
        "osm_id": "node/4833498033",
        "name": "Grill Burger",
        "name_zh": "Grill Burger",
        "name_en": null,
        "name_pt": null,
        "category": "food",
        "category_value": "fast_food",
        "category_label": "美食",
        "opening_hours": null,
        "cuisine": null,
        "wikidata": null,
        "website": null,
        "ele": null,
        "lat": 22.188845,
        "lng": 113.552521,
        "source": "osm"
      }
    },
    {
      "type": "Feature",
      "geometry": {
        "type": "Point",
        "coordinates": [
          113.552823,
          22.188123
        ]
      },
      "properties": {
        "osm_id": "node/4833498037",
        "name": "Pizza Hut",
        "name_zh": "Pizza Hut",
        "name_en": null,
        "name_pt": null,
        "category": "food",
        "category_value": "restaurant",
        "category_label": "美食",
        "opening_hours": null,
        "cuisine": "pizza",
        "wikidata": null,
        "website": null,
        "ele": null,
        "lat": 22.188123,
        "lng": 113.552823,
        "source": "osm"
      }
    },
    {
      "type": "Feature",
      "geometry": {
        "type": "Point",
        "coordinates": [
          113.552134,
          22.187838
        ]
      },
      "properties": {
        "osm_id": "node/4833544345",
        "name": "Yen Fuki Japanese Food",
        "name_zh": "Yen Fuki Japanese Food",
        "name_en": null,
        "name_pt": null,
        "category": "food",
        "category_value": "restaurant",
        "category_label": "美食",
        "opening_hours": null,
        "cuisine": null,
        "wikidata": null,
        "website": null,
        "ele": null,
        "lat": 22.187838,
        "lng": 113.552134,
        "source": "osm"
      }
    },
    {
      "type": "Feature",
      "geometry": {
        "type": "Point",
        "coordinates": [
          113.548935,
          22.191878
        ]
      },
      "properties": {
        "osm_id": "node/4833544349",
        "name": "Establecimento de Comidas Seong Mun Un",
        "name_zh": "Establecimento de Comidas Seong Mun Un",
        "name_en": null,
        "name_pt": null,
        "category": "food",
        "category_value": "restaurant",
        "category_label": "美食",
        "opening_hours": null,
        "cuisine": null,
        "wikidata": null,
        "website": null,
        "ele": null,
        "lat": 22.191878,
        "lng": 113.548935,
        "source": "osm"
      }
    },
    {
      "type": "Feature",
      "geometry": {
        "type": "Point",
        "coordinates": [
          113.553546,
          22.18991
        ]
      },
      "properties": {
        "osm_id": "node/4833567987",
        "name": "Yunnan Jinqiao Puer Tea (Macau)",
        "name_zh": "Yunnan Jinqiao Puer Tea (Macau)",
        "name_en": null,
        "name_pt": null,
        "category": "food",
        "category_value": "shop=tea",
        "category_label": "美食",
        "opening_hours": null,
        "cuisine": null,
        "wikidata": null,
        "website": null,
        "ele": null,
        "lat": 22.18991,
        "lng": 113.553546,
        "source": "osm"
      }
    },
    {
      "type": "Feature",
      "geometry": {
        "type": "Point",
        "coordinates": [
          113.551959,
          22.190797
        ]
      },
      "properties": {
        "osm_id": "node/4833567996",
        "name": "Simply Food and Coffee",
        "name_zh": "Simply Food and Coffee",
        "name_en": null,
        "name_pt": null,
        "category": "food",
        "category_value": "cafe",
        "category_label": "美食",
        "opening_hours": null,
        "cuisine": null,
        "wikidata": null,
        "website": null,
        "ele": null,
        "lat": 22.190797,
        "lng": 113.551959,
        "source": "osm"
      }
    },
    {
      "type": "Feature",
      "geometry": {
        "type": "Point",
        "coordinates": [
          113.550607,
          22.186996
        ]
      },
      "properties": {
        "osm_id": "node/4833568007",
        "name": "Man",
        "name_zh": "Man",
        "name_en": null,
        "name_pt": null,
        "category": "food",
        "category_value": "restaurant",
        "category_label": "美食",
        "opening_hours": null,
        "cuisine": "japanese",
        "wikidata": null,
        "website": null,
        "ele": null,
        "lat": 22.186996,
        "lng": 113.550607,
        "source": "osm"
      }
    },
    {
      "type": "Feature",
      "geometry": {
        "type": "Point",
        "coordinates": [
          113.550292,
          22.186884
        ]
      },
      "properties": {
        "osm_id": "node/4833568010",
        "name": "Carlos",
        "name_zh": "Carlos",
        "name_en": null,
        "name_pt": null,
        "category": "food",
        "category_value": "restaurant",
        "category_label": "美食",
        "opening_hours": null,
        "cuisine": null,
        "wikidata": null,
        "website": null,
        "ele": null,
        "lat": 22.186884,
        "lng": 113.550292,
        "source": "osm"
      }
    },
    {
      "type": "Feature",
      "geometry": {
        "type": "Point",
        "coordinates": [
          113.549973,
          22.186629
        ]
      },
      "properties": {
        "osm_id": "node/4833568015",
        "name": "Don Galo",
        "name_zh": "Don Galo",
        "name_en": null,
        "name_pt": null,
        "category": "food",
        "category_value": "restaurant",
        "category_label": "美食",
        "opening_hours": null,
        "cuisine": null,
        "wikidata": null,
        "website": null,
        "ele": null,
        "lat": 22.186629,
        "lng": 113.549973,
        "source": "osm"
      }
    },
    {
      "type": "Feature",
      "geometry": {
        "type": "Point",
        "coordinates": [
          113.5588,
          22.158207
        ]
      },
      "properties": {
        "osm_id": "node/4834829954",
        "name": "Tongkong Fishing Village",
        "name_zh": "Tongkong Fishing Village",
        "name_en": "Tongkong Fishing Village",
        "name_pt": null,
        "category": "food",
        "category_value": "restaurant",
        "category_label": "美食",
        "opening_hours": null,
        "cuisine": null,
        "wikidata": null,
        "website": null,
        "ele": null,
        "lat": 22.158207,
        "lng": 113.5588,
        "source": "osm"
      }
    },
    {
      "type": "Feature",
      "geometry": {
        "type": "Point",
        "coordinates": [
          113.559483,
          22.15746
        ]
      },
      "properties": {
        "osm_id": "node/4834829959",
        "name": "The Terrace",
        "name_zh": "The Terrace",
        "name_en": "The Terrace",
        "name_pt": null,
        "category": "food",
        "category_value": "restaurant",
        "category_label": "美食",
        "opening_hours": null,
        "cuisine": null,
        "wikidata": null,
        "website": null,
        "ele": null,
        "lat": 22.15746,
        "lng": 113.559483,
        "source": "osm"
      }
    },
    {
      "type": "Feature",
      "geometry": {
        "type": "Point",
        "coordinates": [
          113.559956,
          22.155968
        ]
      },
      "properties": {
        "osm_id": "node/4836928009",
        "name": "Cozinha Pequena",
        "name_zh": "Cozinha Pequena",
        "name_en": null,
        "name_pt": null,
        "category": "food",
        "category_value": "restaurant",
        "category_label": "美食",
        "opening_hours": null,
        "cuisine": null,
        "wikidata": null,
        "website": null,
        "ele": null,
        "lat": 22.155968,
        "lng": 113.559956,
        "source": "osm"
      }
    },
    {
      "type": "Feature",
      "geometry": {
        "type": "Point",
        "coordinates": [
          113.557265,
          22.153844
        ]
      },
      "properties": {
        "osm_id": "node/4836973621",
        "name": "Cozinha Pinocchio",
        "name_zh": "Cozinha Pinocchio",
        "name_en": "Cozinha Pinocchio",
        "name_pt": null,
        "category": "food",
        "category_value": "restaurant",
        "category_label": "美食",
        "opening_hours": null,
        "cuisine": null,
        "wikidata": null,
        "website": null,
        "ele": null,
        "lat": 22.153844,
        "lng": 113.557265,
        "source": "osm"
      }
    },
    {
      "type": "Feature",
      "geometry": {
        "type": "Point",
        "coordinates": [
          113.552036,
          22.146773
        ]
      },
      "properties": {
        "osm_id": "node/4837056625",
        "name": "百老匯舞台 Broadway Theater",
        "name_zh": "百老匯舞台",
        "name_en": "Broadway Theater",
        "name_pt": null,
        "category": "amenity",
        "category_value": "theatre",
        "category_label": "設施",
        "opening_hours": null,
        "cuisine": null,
        "wikidata": null,
        "website": null,
        "ele": null,
        "lat": 22.146773,
        "lng": 113.552036,
        "source": "osm"
      }
    },
    {
      "type": "Feature",
      "geometry": {
        "type": "Point",
        "coordinates": [
          113.538438,
          22.197772
        ]
      },
      "properties": {
        "osm_id": "node/4851287022",
        "name": "Crazy Barista's Cafe",
        "name_zh": null,
        "name_en": "Crazy Barista's Cafe",
        "name_pt": null,
        "category": "food",
        "category_value": "cafe",
        "category_label": "美食",
        "opening_hours": null,
        "cuisine": null,
        "wikidata": null,
        "website": null,
        "ele": null,
        "lat": 22.197772,
        "lng": 113.538438,
        "source": "osm"
      }
    },
    {
      "type": "Feature",
      "geometry": {
        "type": "Point",
        "coordinates": [
          113.551782,
          22.192189
        ]
      },
      "properties": {
        "osm_id": "node/4866325623",
        "name": "est. de comidas chin fong",
        "name_zh": "est. de comidas chin fong",
        "name_en": "est. de comidas chin fong",
        "name_pt": null,
        "category": "food",
        "category_value": "cafe",
        "category_label": "美食",
        "opening_hours": null,
        "cuisine": null,
        "wikidata": null,
        "website": null,
        "ele": null,
        "lat": 22.192189,
        "lng": 113.551782,
        "source": "osm"
      }
    },
    {
      "type": "Feature",
      "geometry": {
        "type": "Point",
        "coordinates": [
          113.542256,
          22.19426
        ]
      },
      "properties": {
        "osm_id": "node/4868436022",
        "name": "榮記牛雜",
        "name_zh": "榮記牛雜",
        "name_en": null,
        "name_pt": null,
        "category": "food",
        "category_value": "restaurant",
        "category_label": "美食",
        "opening_hours": "Mo-Su 11:30-23:30",
        "cuisine": null,
        "wikidata": null,
        "website": null,
        "ele": null,
        "lat": 22.19426,
        "lng": 113.542256,
        "source": "osm"
      }
    },
    {
      "type": "Feature",
      "geometry": {
        "type": "Point",
        "coordinates": [
          113.537566,
          22.195905
        ]
      },
      "properties": {
        "osm_id": "node/4868693621",
        "name": "芬記燒臘",
        "name_zh": "芬記燒臘",
        "name_en": null,
        "name_pt": null,
        "category": "food",
        "category_value": "restaurant",
        "category_label": "美食",
        "opening_hours": "Mo-Fr 11:00-13:00",
        "cuisine": null,
        "wikidata": null,
        "website": null,
        "ele": null,
        "lat": 22.195905,
        "lng": 113.537566,
        "source": "osm"
      }
    },
    {
      "type": "Feature",
      "geometry": {
        "type": "Point",
        "coordinates": [
          113.546684,
          22.200696
        ]
      },
      "properties": {
        "osm_id": "node/4868729021",
        "name": "新鴻發咖啡美食",
        "name_zh": "新鴻發咖啡美食",
        "name_en": null,
        "name_pt": null,
        "category": "food",
        "category_value": "restaurant",
        "category_label": "美食",
        "opening_hours": "Mo-Su 06:00-18:00",
        "cuisine": null,
        "wikidata": null,
        "website": null,
        "ele": null,
        "lat": 22.200696,
        "lng": 113.546684,
        "source": "osm"
      }
    },
    {
      "type": "Feature",
      "geometry": {
        "type": "Point",
        "coordinates": [
          113.545428,
          22.188458
        ]
      },
      "properties": {
        "osm_id": "node/4874240221",
        "name": "噴泉表演 Fountain Show",
        "name_zh": "噴泉表演",
        "name_en": "Fountain Show",
        "name_pt": "Espetáculo das águas",
        "category": "tourism",
        "category_value": "attraction",
        "category_label": "觀光",
        "opening_hours": null,
        "cuisine": null,
        "wikidata": null,
        "website": null,
        "ele": null,
        "lat": 22.188458,
        "lng": 113.545428,
        "source": "osm"
      }
    },
    {
      "type": "Feature",
      "geometry": {
        "type": "Point",
        "coordinates": [
          113.547314,
          22.189233
        ]
      },
      "properties": {
        "osm_id": "node/4877427221",
        "name": "富貴龍表濱 Dragon of Fortune Show",
        "name_zh": "富貴龍表濱",
        "name_en": "Dragon of Fortune Show",
        "name_pt": null,
        "category": "tourism",
        "category_value": "attraction",
        "category_label": "觀光",
        "opening_hours": null,
        "cuisine": null,
        "wikidata": null,
        "website": null,
        "ele": null,
        "lat": 22.189233,
        "lng": 113.547314,
        "source": "osm"
      }
    },
    {
      "type": "Feature",
      "geometry": {
        "type": "Point",
        "coordinates": [
          113.540915,
          22.195325
        ]
      },
      "properties": {
        "osm_id": "node/5007607522",
        "name": "台灣帝鈞炭烤胡椒餅",
        "name_zh": "台灣帝鈞炭烤胡椒餅",
        "name_en": null,
        "name_pt": null,
        "category": "food",
        "category_value": "restaurant",
        "category_label": "美食",
        "opening_hours": "Mo-Su 11:00-22:00",
        "cuisine": null,
        "wikidata": null,
        "website": null,
        "ele": null,
        "lat": 22.195325,
        "lng": 113.540915,
        "source": "osm"
      }
    },
    {
      "type": "Feature",
      "geometry": {
        "type": "Point",
        "coordinates": [
          113.543104,
          22.201438
        ]
      },
      "properties": {
        "osm_id": "node/5007609322",
        "name": "樂點咖啡",
        "name_zh": "樂點咖啡",
        "name_en": null,
        "name_pt": null,
        "category": "food",
        "category_value": "cafe",
        "category_label": "美食",
        "opening_hours": "Tu-Su 09:00-18:00",
        "cuisine": null,
        "wikidata": null,
        "website": null,
        "ele": null,
        "lat": 22.201438,
        "lng": 113.543104,
        "source": "osm"
      }
    },
    {
      "type": "Feature",
      "geometry": {
        "type": "Point",
        "coordinates": [
          113.548788,
          22.201214
        ]
      },
      "properties": {
        "osm_id": "node/5007672121",
        "name": "Mr Lady Cafe",
        "name_zh": null,
        "name_en": "Mr Lady Cafe",
        "name_pt": null,
        "category": "food",
        "category_value": "cafe",
        "category_label": "美食",
        "opening_hours": "Tu-Su 12:00-20:00",
        "cuisine": null,
        "wikidata": null,
        "website": null,
        "ele": null,
        "lat": 22.201214,
        "lng": 113.548788,
        "source": "osm"
      }
    },
    {
      "type": "Feature",
      "geometry": {
        "type": "Point",
        "coordinates": [
          113.555972,
          22.152487
        ]
      },
      "properties": {
        "osm_id": "node/5019277221",
        "name": "葡多利",
        "name_zh": "葡多利",
        "name_en": "Portugalia",
        "name_pt": null,
        "category": "food",
        "category_value": "restaurant",
        "category_label": "美食",
        "opening_hours": "Mo-Su 12:00-22:00",
        "cuisine": null,
        "wikidata": null,
        "website": null,
        "ele": null,
        "lat": 22.152487,
        "lng": 113.555972,
        "source": "osm"
      }
    },
    {
      "type": "Feature",
      "geometry": {
        "type": "Point",
        "coordinates": [
          113.556306,
          22.154653
        ]
      },
      "properties": {
        "osm_id": "node/5035019731",
        "name": "世紀咖啡",
        "name_zh": "世紀咖啡",
        "name_en": null,
        "name_pt": null,
        "category": "food",
        "category_value": "restaurant",
        "category_label": "美食",
        "opening_hours": null,
        "cuisine": null,
        "wikidata": null,
        "website": null,
        "ele": null,
        "lat": 22.154653,
        "lng": 113.556306,
        "source": "osm"
      }
    },
    {
      "type": "Feature",
      "geometry": {
        "type": "Point",
        "coordinates": [
          113.54586,
          22.201821
        ]
      },
      "properties": {
        "osm_id": "node/5035295322",
        "name": "馬慶康咖啡室",
        "name_zh": "馬慶康咖啡室",
        "name_en": null,
        "name_pt": null,
        "category": "food",
        "category_value": "restaurant",
        "category_label": "美食",
        "opening_hours": "Mo-Su 07:30-18:30",
        "cuisine": null,
        "wikidata": null,
        "website": null,
        "ele": null,
        "lat": 22.201821,
        "lng": 113.54586,
        "source": "osm"
      }
    },
    {
      "type": "Feature",
      "geometry": {
        "type": "Point",
        "coordinates": [
          113.540535,
          22.197627
        ]
      },
      "properties": {
        "osm_id": "node/5035380521",
        "name": "舊城牆遺址 Troço das Antigas Muralhas de Defesa",
        "name_zh": "舊城牆遺址",
        "name_en": null,
        "name_pt": "Troço das Antigas Muralhas de Defesa",
        "category": "tourism",
        "category_value": "attraction",
        "category_label": "觀光",
        "opening_hours": null,
        "cuisine": null,
        "wikidata": "Q7963233",
        "website": null,
        "ele": null,
        "lat": 22.197627,
        "lng": 113.540535,
        "source": "osm"
      }
    },
    {
      "type": "Feature",
      "geometry": {
        "type": "Point",
        "coordinates": [
          113.552512,
          22.188549
        ]
      },
      "properties": {
        "osm_id": "node/5049919121",
        "name": "新海灣",
        "name_zh": "新海灣",
        "name_en": "A Baia",
        "name_pt": null,
        "category": "food",
        "category_value": "restaurant",
        "category_label": "美食",
        "opening_hours": "Tu-Su 12:00-15:00, 18:00-23:00",
        "cuisine": null,
        "wikidata": null,
        "website": null,
        "ele": null,
        "lat": 22.188549,
        "lng": 113.552512,
        "source": "osm"
      }
    },
    {
      "type": "Feature",
      "geometry": {
        "type": "Point",
        "coordinates": [
          113.556479,
          22.152806
        ]
      },
      "properties": {
        "osm_id": "node/5049927124",
        "name": "安東尼奧餐廳",
        "name_zh": "安東尼奧餐廳",
        "name_en": "Antonino Macau",
        "name_pt": null,
        "category": "food",
        "category_value": "restaurant",
        "category_label": "美食",
        "opening_hours": "Mo-Su 12:00-00:00",
        "cuisine": null,
        "wikidata": null,
        "website": null,
        "ele": null,
        "lat": 22.152806,
        "lng": 113.556479,
        "source": "osm"
      }
    },
    {
      "type": "Feature",
      "geometry": {
        "type": "Point",
        "coordinates": [
          113.555379,
          22.188631
        ]
      },
      "properties": {
        "osm_id": "node/5053808335",
        "name": "綜合劇院  Grande Auditório",
        "name_zh": "綜合劇院",
        "name_en": "Grand Auditorium",
        "name_pt": "Grande Auditório",
        "category": "amenity",
        "category_value": "theatre",
        "category_label": "設施",
        "opening_hours": null,
        "cuisine": null,
        "wikidata": null,
        "website": null,
        "ele": null,
        "lat": 22.188631,
        "lng": 113.555379,
        "source": "osm"
      }
    },
    {
      "type": "Feature",
      "geometry": {
        "type": "Point",
        "coordinates": [
          113.555362,
          22.189145
        ]
      },
      "properties": {
        "osm_id": "node/5053808336",
        "name": "小劇院  Pequeno Auditório",
        "name_zh": "小劇院",
        "name_en": "Small Auditorium",
        "name_pt": "Pequeno Auditório",
        "category": "amenity",
        "category_value": "theatre",
        "category_label": "設施",
        "opening_hours": null,
        "cuisine": null,
        "wikidata": null,
        "website": null,
        "ele": null,
        "lat": 22.189145,
        "lng": 113.555362,
        "source": "osm"
      }
    },
    {
      "type": "Feature",
      "geometry": {
        "type": "Point",
        "coordinates": [
          113.551985,
          22.204949
        ]
      },
      "properties": {
        "osm_id": "node/5114026063",
        "name": "泰友麵",
        "name_zh": "泰友麵",
        "name_en": null,
        "name_pt": null,
        "category": "food",
        "category_value": "restaurant",
        "category_label": "美食",
        "opening_hours": null,
        "cuisine": "thai",
        "wikidata": null,
        "website": null,
        "ele": null,
        "lat": 22.204949,
        "lng": 113.551985,
        "source": "osm"
      }
    },
    {
      "type": "Feature",
      "geometry": {
        "type": "Point",
        "coordinates": [
          113.539288,
          22.208108
        ]
      },
      "properties": {
        "osm_id": "node/5116384952",
        "name": "筷子基北灣 Bacia Norte do Patane",
        "name_zh": "筷子基北灣",
        "name_en": null,
        "name_pt": "Bacia Norte do Patane",
        "category": "natural",
        "category_value": "bay",
        "category_label": "自然",
        "opening_hours": null,
        "cuisine": null,
        "wikidata": null,
        "website": null,
        "ele": null,
        "lat": 22.208108,
        "lng": 113.539288,
        "source": "osm"
      }
    },
    {
      "type": "Feature",
      "geometry": {
        "type": "Point",
        "coordinates": [
          113.542459,
          22.199587
        ]
      },
      "properties": {
        "osm_id": "node/5117496072",
        "name": "孫中山雕像 Estátua de Sun Yat-Sen",
        "name_zh": "孫中山雕像",
        "name_en": "Sun Yat-Sen Statue",
        "name_pt": "Estátua de Sun Yat-Sen",
        "category": "tourism",
        "category_value": "artwork",
        "category_label": "觀光",
        "opening_hours": null,
        "cuisine": null,
        "wikidata": null,
        "website": null,
        "ele": null,
        "lat": 22.199587,
        "lng": 113.542459,
        "source": "osm"
      }
    },
    {
      "type": "Feature",
      "geometry": {
        "type": "Point",
        "coordinates": [
          113.54103,
          22.194166
        ]
      },
      "properties": {
        "osm_id": "node/5142648523",
        "name": "錦華牛雜",
        "name_zh": "錦華牛雜",
        "name_en": null,
        "name_pt": null,
        "category": "food",
        "category_value": "restaurant",
        "category_label": "美食",
        "opening_hours": "Mo-Su 09:00-01:00",
        "cuisine": null,
        "wikidata": null,
        "website": null,
        "ele": null,
        "lat": 22.194166,
        "lng": 113.54103,
        "source": "osm"
      }
    },
    {
      "type": "Feature",
      "geometry": {
        "type": "Point",
        "coordinates": [
          113.548577,
          22.203617
        ]
      },
      "properties": {
        "osm_id": "node/5144263621",
        "name": "roomage30",
        "name_zh": null,
        "name_en": "roomage30",
        "name_pt": null,
        "category": "food",
        "category_value": "cafe",
        "category_label": "美食",
        "opening_hours": "Tu-Su 13:00-19:30",
        "cuisine": null,
        "wikidata": null,
        "website": null,
        "ele": null,
        "lat": 22.203617,
        "lng": 113.548577,
        "source": "osm"
      }
    },
    {
      "type": "Feature",
      "geometry": {
        "type": "Point",
        "coordinates": [
          113.55713,
          22.153429
        ]
      },
      "properties": {
        "osm_id": "node/5144271421",
        "name": "安德魯餅店(官也街)",
        "name_zh": "安德魯餅店(官也街)",
        "name_en": null,
        "name_pt": null,
        "category": "food",
        "category_value": "shop=confectionery",
        "category_label": "美食",
        "opening_hours": "Mo-Su 10:00-21:00",
        "cuisine": null,
        "wikidata": null,
        "website": null,
        "ele": null,
        "lat": 22.153429,
        "lng": 113.55713,
        "source": "osm"
      }
    },
    {
      "type": "Feature",
      "geometry": {
        "type": "Point",
        "coordinates": [
          113.556699,
          22.153491
        ]
      },
      "properties": {
        "osm_id": "node/5144286021",
        "name": "Quarter Square Cafe",
        "name_zh": null,
        "name_en": "Quarter Square Cafe",
        "name_pt": null,
        "category": "food",
        "category_value": "cafe",
        "category_label": "美食",
        "opening_hours": "We-Mo 12:30-19:30",
        "cuisine": null,
        "wikidata": null,
        "website": null,
        "ele": null,
        "lat": 22.153491,
        "lng": 113.556699,
        "source": "osm"
      }
    },
    {
      "type": "Feature",
      "geometry": {
        "type": "Point",
        "coordinates": [
          113.549593,
          22.203149
        ]
      },
      "properties": {
        "osm_id": "node/5144294521",
        "name": "彪記腸粉(老舖)",
        "name_zh": "彪記腸粉(老舖)",
        "name_en": null,
        "name_pt": null,
        "category": "food",
        "category_value": "restaurant",
        "category_label": "美食",
        "opening_hours": "Mo-Su 06:00-13:00",
        "cuisine": null,
        "wikidata": null,
        "website": null,
        "ele": null,
        "lat": 22.203149,
        "lng": 113.549593,
        "source": "osm"
      }
    },
    {
      "type": "Feature",
      "geometry": {
        "type": "Point",
        "coordinates": [
          113.542894,
          22.197863
        ]
      },
      "properties": {
        "osm_id": "node/5144294522",
        "name": "Cafe Philo",
        "name_zh": "Cafe Philo",
        "name_en": "Cafe Philo",
        "name_pt": null,
        "category": "food",
        "category_value": "cafe",
        "category_label": "美食",
        "opening_hours": "Mo-Su 12:30-19:30",
        "cuisine": null,
        "wikidata": null,
        "website": null,
        "ele": null,
        "lat": 22.197863,
        "lng": 113.542894,
        "source": "osm"
      }
    },
    {
      "type": "Feature",
      "geometry": {
        "type": "Point",
        "coordinates": [
          113.545812,
          22.203097
        ]
      },
      "properties": {
        "osm_id": "node/5144296322",
        "name": "馮記三盞燈豬腳薑",
        "name_zh": "馮記三盞燈豬腳薑",
        "name_en": null,
        "name_pt": null,
        "category": "food",
        "category_value": "restaurant",
        "category_label": "美食",
        "opening_hours": "Mo-Su 09:30-20:00",
        "cuisine": null,
        "wikidata": null,
        "website": null,
        "ele": null,
        "lat": 22.203097,
        "lng": 113.545812,
        "source": "osm"
      }
    },
    {
      "type": "Feature",
      "geometry": {
        "type": "Point",
        "coordinates": [
          113.539465,
          22.19144
        ]
      },
      "properties": {
        "osm_id": "node/5144306723",
        "name": "葉熾記勁秋美食之家",
        "name_zh": "葉熾記勁秋美食之家",
        "name_en": null,
        "name_pt": null,
        "category": "food",
        "category_value": "restaurant",
        "category_label": "美食",
        "opening_hours": "Mo-Sa 07:00-18:00",
        "cuisine": null,
        "wikidata": null,
        "website": null,
        "ele": null,
        "lat": 22.19144,
        "lng": 113.539465,
        "source": "osm"
      }
    },
    {
      "type": "Feature",
      "geometry": {
        "type": "Point",
        "coordinates": [
          113.537376,
          22.200277
        ]
      },
      "properties": {
        "osm_id": "node/5144307921",
        "name": "勤記甜品",
        "name_zh": "勤記甜品",
        "name_en": null,
        "name_pt": null,
        "category": "food",
        "category_value": "restaurant",
        "category_label": "美食",
        "opening_hours": "Mo-Su 15:00-01:00",
        "cuisine": null,
        "wikidata": null,
        "website": null,
        "ele": null,
        "lat": 22.200277,
        "lng": 113.537376,
        "source": "osm"
      }
    },
    {
      "type": "Feature",
      "geometry": {
        "type": "Point",
        "coordinates": [
          113.551573,
          22.146561
        ]
      },
      "properties": {
        "osm_id": "node/5161254723",
        "name": "百老匯美食街 Broadway Food Street",
        "name_zh": "百老匯美食街",
        "name_en": "Broadway Food Street",
        "name_pt": null,
        "category": "food",
        "category_value": "food_court",
        "category_label": "美食",
        "opening_hours": "Mo-Su 11:00-03:00",
        "cuisine": null,
        "wikidata": null,
        "website": null,
        "ele": null,
        "lat": 22.146561,
        "lng": 113.551573,
        "source": "osm"
      }
    },
    {
      "type": "Feature",
      "geometry": {
        "type": "Point",
        "coordinates": [
          113.5451,
          22.194638
        ]
      },
      "properties": {
        "osm_id": "node/5162762524",
        "name": "富仕葡式美食",
        "name_zh": "富仕葡式美食",
        "name_en": null,
        "name_pt": null,
        "category": "food",
        "category_value": "restaurant",
        "category_label": "美食",
        "opening_hours": null,
        "cuisine": null,
        "wikidata": null,
        "website": null,
        "ele": null,
        "lat": 22.194638,
        "lng": 113.5451,
        "source": "osm"
      }
    },
    {
      "type": "Feature",
      "geometry": {
        "type": "Point",
        "coordinates": [
          113.554595,
          22.157137
        ]
      },
      "properties": {
        "osm_id": "node/5180662621",
        "name": "U cafe Veng Kei",
        "name_zh": null,
        "name_en": "U cafe Veng Kei",
        "name_pt": null,
        "category": "food",
        "category_value": "cafe",
        "category_label": "美食",
        "opening_hours": "Mo-Su 11:30-00:30",
        "cuisine": null,
        "wikidata": null,
        "website": null,
        "ele": null,
        "lat": 22.157137,
        "lng": 113.554595,
        "source": "osm"
      }
    },
    {
      "type": "Feature",
      "geometry": {
        "type": "Point",
        "coordinates": [
          113.544012,
          22.205352
        ]
      },
      "properties": {
        "osm_id": "node/5183032621",
        "name": "琛情咖喱",
        "name_zh": "琛情咖喱",
        "name_en": null,
        "name_pt": null,
        "category": "food",
        "category_value": "restaurant",
        "category_label": "美食",
        "opening_hours": null,
        "cuisine": null,
        "wikidata": null,
        "website": null,
        "ele": null,
        "lat": 22.205352,
        "lng": 113.544012,
        "source": "osm"
      }
    },
    {
      "type": "Feature",
      "geometry": {
        "type": "Point",
        "coordinates": [
          113.548236,
          22.189763
        ]
      },
      "properties": {
        "osm_id": "node/5183032622",
        "name": "風味居",
        "name_zh": "風味居",
        "name_en": "Feng Wei Ju",
        "name_pt": null,
        "category": "food",
        "category_value": "restaurant",
        "category_label": "美食",
        "opening_hours": "Mo-Su 11:00-23:00",
        "cuisine": null,
        "wikidata": null,
        "website": null,
        "ele": null,
        "lat": 22.189763,
        "lng": 113.548236,
        "source": "osm"
      }
    },
    {
      "type": "Feature",
      "geometry": {
        "type": "Point",
        "coordinates": [
          113.537669,
          22.190926
        ]
      },
      "properties": {
        "osm_id": "node/5183487527",
        "name": "澳門金燕牛油糕葡式食品",
        "name_zh": "澳門金燕牛油糕葡式食品",
        "name_en": null,
        "name_pt": null,
        "category": "food",
        "category_value": "shop=confectionery",
        "category_label": "美食",
        "opening_hours": "Mo-Su 09:00-22:00",
        "cuisine": null,
        "wikidata": null,
        "website": null,
        "ele": null,
        "lat": 22.190926,
        "lng": 113.537669,
        "source": "osm"
      }
    },
    {
      "type": "Feature",
      "geometry": {
        "type": "Point",
        "coordinates": [
          113.539999,
          22.19569
        ]
      },
      "properties": {
        "osm_id": "node/5209960523",
        "name": "Hong Yelin",
        "name_zh": "Hong Yelin",
        "name_en": "Hong Yelin",
        "name_pt": null,
        "category": "food",
        "category_value": "restaurant",
        "category_label": "美食",
        "opening_hours": null,
        "cuisine": null,
        "wikidata": null,
        "website": null,
        "ele": null,
        "lat": 22.19569,
        "lng": 113.539999,
        "source": "osm"
      }
    },
    {
      "type": "Feature",
      "geometry": {
        "type": "Point",
        "coordinates": [
          113.559568,
          22.16329
        ]
      },
      "properties": {
        "osm_id": "node/5235163206",
        "name": "中心咖啡店",
        "name_zh": "中心咖啡店",
        "name_en": null,
        "name_pt": null,
        "category": "food",
        "category_value": "cafe",
        "category_label": "美食",
        "opening_hours": null,
        "cuisine": null,
        "wikidata": null,
        "website": null,
        "ele": null,
        "lat": 22.16329,
        "lng": 113.559568,
        "source": "osm"
      }
    },
    {
      "type": "Feature",
      "geometry": {
        "type": "Point",
        "coordinates": [
          113.552452,
          22.201699
        ]
      },
      "properties": {
        "osm_id": "node/5255642615",
        "name": "鮨味亭日本創作料理",
        "name_zh": "鮨味亭日本創作料理",
        "name_en": "Sushimitei Japanese Restaurant",
        "name_pt": null,
        "category": "food",
        "category_value": "restaurant",
        "category_label": "美食",
        "opening_hours": null,
        "cuisine": "japanese",
        "wikidata": null,
        "website": null,
        "ele": null,
        "lat": 22.201699,
        "lng": 113.552452,
        "source": "osm"
      }
    },
    {
      "type": "Feature",
      "geometry": {
        "type": "Point",
        "coordinates": [
          113.540117,
          22.207303
        ]
      },
      "properties": {
        "osm_id": "node/5256972401",
        "name": "筷子基坊眾永和堂花炮會海口土地公",
        "name_zh": "筷子基坊眾永和堂花炮會海口土地公",
        "name_en": null,
        "name_pt": null,
        "category": "amenity",
        "category_value": "place_of_worship",
        "category_label": "設施",
        "opening_hours": null,
        "cuisine": null,
        "wikidata": null,
        "website": null,
        "ele": null,
        "lat": 22.207303,
        "lng": 113.540117,
        "source": "osm"
      }
    },
    {
      "type": "Feature",
      "geometry": {
        "type": "Point",
        "coordinates": [
          113.552759,
          22.202027
        ]
      },
      "properties": {
        "osm_id": "node/5257326704",
        "name": "珈琲館mgs",
        "name_zh": "珈琲館mgs",
        "name_en": null,
        "name_pt": null,
        "category": "food",
        "category_value": "restaurant",
        "category_label": "美食",
        "opening_hours": null,
        "cuisine": null,
        "wikidata": null,
        "website": null,
        "ele": null,
        "lat": 22.202027,
        "lng": 113.552759,
        "source": "osm"
      }
    },
    {
      "type": "Feature",
      "geometry": {
        "type": "Point",
        "coordinates": [
          113.557145,
          22.160285
        ]
      },
      "properties": {
        "osm_id": "node/5273869423",
        "name": "肥仔文美食",
        "name_zh": "肥仔文美食",
        "name_en": null,
        "name_pt": null,
        "category": "food",
        "category_value": "restaurant",
        "category_label": "美食",
        "opening_hours": null,
        "cuisine": null,
        "wikidata": null,
        "website": null,
        "ele": null,
        "lat": 22.160285,
        "lng": 113.557145,
        "source": "osm"
      }
    },
    {
      "type": "Feature",
      "geometry": {
        "type": "Point",
        "coordinates": [
          113.537615,
          22.198278
        ]
      },
      "properties": {
        "osm_id": "node/5273876921",
        "name": "榮暉咖啡美食",
        "name_zh": "榮暉咖啡美食",
        "name_en": null,
        "name_pt": null,
        "category": "food",
        "category_value": "restaurant",
        "category_label": "美食",
        "opening_hours": null,
        "cuisine": null,
        "wikidata": null,
        "website": null,
        "ele": null,
        "lat": 22.198278,
        "lng": 113.537615,
        "source": "osm"
      }
    },
    {
      "type": "Feature",
      "geometry": {
        "type": "Point",
        "coordinates": [
          113.539263,
          22.197275
        ]
      },
      "properties": {
        "osm_id": "node/5273883721",
        "name": "榮記豆腐麵食",
        "name_zh": "榮記豆腐麵食",
        "name_en": null,
        "name_pt": null,
        "category": "food",
        "category_value": "restaurant",
        "category_label": "美食",
        "opening_hours": null,
        "cuisine": null,
        "wikidata": null,
        "website": null,
        "ele": null,
        "lat": 22.197275,
        "lng": 113.539263,
        "source": "osm"
      }
    },
    {
      "type": "Feature",
      "geometry": {
        "type": "Point",
        "coordinates": [
          113.555765,
          22.146889
        ]
      },
      "properties": {
        "osm_id": "node/5295862021",
        "name": "名廚都匯",
        "name_zh": "名廚都匯",
        "name_en": null,
        "name_pt": null,
        "category": "food",
        "category_value": "restaurant",
        "category_label": "美食",
        "opening_hours": null,
        "cuisine": null,
        "wikidata": null,
        "website": null,
        "ele": null,
        "lat": 22.146889,
        "lng": 113.555765,
        "source": "osm"
      }
    },
    {
      "type": "Feature",
      "geometry": {
        "type": "Point",
        "coordinates": [
          113.531794,
          22.188047
        ]
      },
      "properties": {
        "osm_id": "node/5303238821",
        "name": "海灣餐廳",
        "name_zh": "海灣餐廳",
        "name_en": "Restaurante Litoral",
        "name_pt": null,
        "category": "food",
        "category_value": "restaurant",
        "category_label": "美食",
        "opening_hours": "Mo-Su 12:00-15:00, 18:00-22:30",
        "cuisine": "local",
        "wikidata": null,
        "website": "https://www.restaurantelitoralmacau.com/",
        "ele": null,
        "lat": 22.188047,
        "lng": 113.531794,
        "source": "osm"
      }
    },
    {
      "type": "Feature",
      "geometry": {
        "type": "Point",
        "coordinates": [
          113.550417,
          22.122085
        ]
      },
      "properties": {
        "osm_id": "node/5400922742",
        "name": "荔枝碗 Lai Chi Vun",
        "name_zh": "荔枝碗",
        "name_en": null,
        "name_pt": "Lai Chi Vun",
        "category": "natural",
        "category_value": "bay",
        "category_label": "自然",
        "opening_hours": null,
        "cuisine": null,
        "wikidata": "Q27728409",
        "website": null,
        "ele": null,
        "lat": 22.122085,
        "lng": 113.550417,
        "source": "osm"
      }
    },
    {
      "type": "Feature",
      "geometry": {
        "type": "Point",
        "coordinates": [
          113.56807,
          22.147553
        ]
      },
      "properties": {
        "osm_id": "node/5418613442",
        "name": "MGM 金獅",
        "name_zh": "MGM 金獅",
        "name_en": "MGM Lion",
        "name_pt": null,
        "category": "tourism",
        "category_value": "artwork",
        "category_label": "觀光",
        "opening_hours": null,
        "cuisine": null,
        "wikidata": null,
        "website": null,
        "ele": null,
        "lat": 22.147553,
        "lng": 113.56807,
        "source": "osm"
      }
    },
    {
      "type": "Feature",
      "geometry": {
        "type": "Point",
        "coordinates": [
          113.540353,
          22.190146
        ]
      },
      "properties": {
        "osm_id": "node/5515419727",
        "name": "Caffe E.S. Kimo",
        "name_zh": "Caffe E.S. Kimo",
        "name_en": null,
        "name_pt": null,
        "category": "food",
        "category_value": "cafe",
        "category_label": "美食",
        "opening_hours": null,
        "cuisine": "coffee_shop",
        "wikidata": null,
        "website": null,
        "ele": null,
        "lat": 22.190146,
        "lng": 113.540353,
        "source": "osm"
      }
    },
    {
      "type": "Feature",
      "geometry": {
        "type": "Point",
        "coordinates": [
          113.539174,
          22.191088
        ]
      },
      "properties": {
        "osm_id": "node/5515422355",
        "name": "雅思音樂中心 Aces Music Center",
        "name_zh": "雅思音樂中心",
        "name_en": "Aces Music Center",
        "name_pt": null,
        "category": "amenity",
        "category_value": "arts_centre",
        "category_label": "設施",
        "opening_hours": null,
        "cuisine": null,
        "wikidata": null,
        "website": null,
        "ele": null,
        "lat": 22.191088,
        "lng": 113.539174,
        "source": "osm"
      }
    },
    {
      "type": "Feature",
      "geometry": {
        "type": "Point",
        "coordinates": [
          113.569421,
          22.119308
        ]
      },
      "properties": {
        "osm_id": "node/5529906321",
        "name": "法蘭度餐廳 Resturante Fernando",
        "name_zh": "法蘭度餐廳",
        "name_en": "Fernando's Restaurant",
        "name_pt": "Resturante Fernando",
        "category": "food",
        "category_value": "restaurant",
        "category_label": "美食",
        "opening_hours": "Mo-Su 12:00-21:30",
        "cuisine": "portuguese",
        "wikidata": null,
        "website": "https://www.fernando-restaurant.com/",
        "ele": null,
        "lat": 22.119308,
        "lng": 113.569421,
        "source": "osm"
      }
    },
    {
      "type": "Feature",
      "geometry": {
        "type": "Point",
        "coordinates": [
          113.544426,
          22.195018
        ]
      },
      "properties": {
        "osm_id": "node/5531547862",
        "name": "胡椒廚房 Pepper Lunch",
        "name_zh": "胡椒廚房 Pepper Lunch",
        "name_en": null,
        "name_pt": null,
        "category": "food",
        "category_value": "restaurant",
        "category_label": "美食",
        "opening_hours": "Mo-Su 11:00-21:00",
        "cuisine": "chinese;steak_house",
        "wikidata": null,
        "website": null,
        "ele": null,
        "lat": 22.195018,
        "lng": 113.544426,
        "source": "osm"
      }
    },
    {
      "type": "Feature",
      "geometry": {
        "type": "Point",
        "coordinates": [
          113.567997,
          22.14988
        ]
      },
      "properties": {
        "osm_id": "node/5532221321",
        "name": "水舞間 The house of dancing water",
        "name_zh": "水舞間",
        "name_en": "The house of dancing water",
        "name_pt": null,
        "category": "tourism",
        "category_value": "attraction",
        "category_label": "觀光",
        "opening_hours": null,
        "cuisine": null,
        "wikidata": null,
        "website": null,
        "ele": null,
        "lat": 22.14988,
        "lng": 113.567997,
        "source": "osm"
      }
    },
    {
      "type": "Feature",
      "geometry": {
        "type": "Point",
        "coordinates": [
          113.548299,
          22.203139
        ]
      },
      "properties": {
        "osm_id": "node/5532446863",
        "name": "Ēlysée",
        "name_zh": "Ēlysée",
        "name_en": null,
        "name_pt": null,
        "category": "food",
        "category_value": "shop=bakery",
        "category_label": "美食",
        "opening_hours": null,
        "cuisine": null,
        "wikidata": null,
        "website": null,
        "ele": null,
        "lat": 22.203139,
        "lng": 113.548299,
        "source": "osm"
      }
    },
    {
      "type": "Feature",
      "geometry": {
        "type": "Point",
        "coordinates": [
          113.541208,
          22.197535
        ]
      },
      "properties": {
        "osm_id": "node/5532640721",
        "name": "Statue Matteo Ricci",
        "name_zh": "Statue Matteo Ricci",
        "name_en": null,
        "name_pt": null,
        "category": "tourism",
        "category_value": "attraction",
        "category_label": "觀光",
        "opening_hours": null,
        "cuisine": null,
        "wikidata": null,
        "website": null,
        "ele": null,
        "lat": 22.197535,
        "lng": 113.541208,
        "source": "osm"
      }
    },
    {
      "type": "Feature",
      "geometry": {
        "type": "Point",
        "coordinates": [
          113.562446,
          22.14743
        ]
      },
      "properties": {
        "osm_id": "node/5533662221",
        "name": "Lord Stow’s Bakery and Cafe",
        "name_zh": "Lord Stow’s Bakery and Cafe",
        "name_en": "Lord Stow’s Bakery and Cafe",
        "name_pt": null,
        "category": "food",
        "category_value": "fast_food",
        "category_label": "美食",
        "opening_hours": null,
        "cuisine": null,
        "wikidata": null,
        "website": null,
        "ele": null,
        "lat": 22.14743,
        "lng": 113.562446,
        "source": "osm"
      }
    },
    {
      "type": "Feature",
      "geometry": {
        "type": "Point",
        "coordinates": [
          113.541915,
          22.191939
        ]
      },
      "properties": {
        "osm_id": "node/5542495721",
        "name": "Caravela",
        "name_zh": "Caravela",
        "name_en": "Caravela",
        "name_pt": null,
        "category": "food",
        "category_value": "cafe",
        "category_label": "美食",
        "opening_hours": null,
        "cuisine": null,
        "wikidata": null,
        "website": null,
        "ele": null,
        "lat": 22.191939,
        "lng": 113.541915,
        "source": "osm"
      }
    },
    {
      "type": "Feature",
      "geometry": {
        "type": "Point",
        "coordinates": [
          113.541347,
          22.195556
        ]
      },
      "properties": {
        "osm_id": "node/5599599654",
        "name": "Mariazinha",
        "name_zh": "Mariazinha",
        "name_en": "Mariazinha",
        "name_pt": "Mariazinha",
        "category": "food",
        "category_value": "restaurant",
        "category_label": "美食",
        "opening_hours": "Mo-Su 11:30-15:00, 18:30-22:00",
        "cuisine": "portuguese;mediterranean",
        "wikidata": null,
        "website": null,
        "ele": null,
        "lat": 22.195556,
        "lng": 113.541347,
        "source": "osm"
      }
    },
    {
      "type": "Feature",
      "geometry": {
        "type": "Point",
        "coordinates": [
          113.557116,
          22.153456
        ]
      },
      "properties": {
        "osm_id": "node/5606474821",
        "name": "Lord Stow’s Bakery",
        "name_zh": "Lord Stow’s Bakery",
        "name_en": "Lord Stow’s Bakery",
        "name_pt": null,
        "category": "food",
        "category_value": "shop=bakery",
        "category_label": "美食",
        "opening_hours": null,
        "cuisine": null,
        "wikidata": null,
        "website": null,
        "ele": null,
        "lat": 22.153456,
        "lng": 113.557116,
        "source": "osm"
      }
    },
    {
      "type": "Feature",
      "geometry": {
        "type": "Point",
        "coordinates": [
          113.5572,
          22.153137
        ]
      },
      "properties": {
        "osm_id": "node/5606474921",
        "name": "Cafe Veng Koi",
        "name_zh": "Cafe Veng Koi",
        "name_en": "Cafe Veng Koi",
        "name_pt": null,
        "category": "food",
        "category_value": "cafe",
        "category_label": "美食",
        "opening_hours": null,
        "cuisine": null,
        "wikidata": null,
        "website": null,
        "ele": null,
        "lat": 22.153137,
        "lng": 113.5572,
        "source": "osm"
      }
    },
    {
      "type": "Feature",
      "geometry": {
        "type": "Point",
        "coordinates": [
          113.556912,
          22.153791
        ]
      },
      "properties": {
        "osm_id": "node/5606474923",
        "name": "氹仔大排檔",
        "name_zh": "氹仔大排檔",
        "name_en": null,
        "name_pt": null,
        "category": "food",
        "category_value": "restaurant",
        "category_label": "美食",
        "opening_hours": null,
        "cuisine": null,
        "wikidata": null,
        "website": null,
        "ele": null,
        "lat": 22.153791,
        "lng": 113.556912,
        "source": "osm"
      }
    },
    {
      "type": "Feature",
      "geometry": {
        "type": "Point",
        "coordinates": [
          113.557122,
          22.153444
        ]
      },
      "properties": {
        "osm_id": "node/5606484321",
        "name": "Turkish Icecream",
        "name_zh": "Turkish Icecream",
        "name_en": "Turkish Icecream",
        "name_pt": null,
        "category": "food",
        "category_value": "ice_cream",
        "category_label": "美食",
        "opening_hours": null,
        "cuisine": null,
        "wikidata": null,
        "website": null,
        "ele": null,
        "lat": 22.153444,
        "lng": 113.557122,
        "source": "osm"
      }
    },
    {
      "type": "Feature",
      "geometry": {
        "type": "Point",
        "coordinates": [
          113.574842,
          22.161565
        ]
      },
      "properties": {
        "osm_id": "node/5613316621",
        "name": "澳門航空食品供應股份有限公司 Macau Catering Services Company Limited (Servair Macau)",
        "name_zh": "澳門航空食品供應股份有限公司",
        "name_en": "Macau Catering Services Company Limited (Servair Macau)",
        "name_pt": null,
        "category": "food",
        "category_value": "restaurant",
        "category_label": "美食",
        "opening_hours": "24/7",
        "cuisine": null,
        "wikidata": null,
        "website": "https://www.macau-airport.com/en/about-mia/business-partner/6507",
        "ele": null,
        "lat": 22.161565,
        "lng": 113.574842,
        "source": "osm"
      }
    },
    {
      "type": "Feature",
      "geometry": {
        "type": "Point",
        "coordinates": [
          113.539886,
          22.193682
        ]
      },
      "properties": {
        "osm_id": "node/5692359322",
        "name": "噴水池 San Ma Lou",
        "name_zh": "噴水池",
        "name_en": "San Ma Lou (Putol na simbahan)",
        "name_pt": null,
        "category": "historic",
        "category_value": "memorial",
        "category_label": "歷史",
        "opening_hours": null,
        "cuisine": null,
        "wikidata": null,
        "website": null,
        "ele": null,
        "lat": 22.193682,
        "lng": 113.539886,
        "source": "osm"
      }
    },
    {
      "type": "Feature",
      "geometry": {
        "type": "Point",
        "coordinates": [
          113.55946,
          22.211325
        ]
      },
      "properties": {
        "osm_id": "node/5732202951",
        "name": "東方明珠 Pérola Oriental",
        "name_zh": "東方明珠",
        "name_en": "Oriental Pearl",
        "name_pt": "Pérola Oriental",
        "category": "tourism",
        "category_value": "artwork",
        "category_label": "觀光",
        "opening_hours": null,
        "cuisine": null,
        "wikidata": "Q15944939",
        "website": null,
        "ele": null,
        "lat": 22.211325,
        "lng": 113.55946,
        "source": "osm"
      }
    },
    {
      "type": "Feature",
      "geometry": {
        "type": "Point",
        "coordinates": [
          113.55565,
          22.152926
        ]
      },
      "properties": {
        "osm_id": "node/5762113857",
        "name": "O.T.T. Old Taipa Tavern",
        "name_zh": null,
        "name_en": "O.T.T. Old Taipa Tavern",
        "name_pt": null,
        "category": "food",
        "category_value": "bar",
        "category_label": "美食",
        "opening_hours": null,
        "cuisine": null,
        "wikidata": null,
        "website": null,
        "ele": null,
        "lat": 22.152926,
        "lng": 113.55565,
        "source": "osm"
      }
    },
    {
      "type": "Feature",
      "geometry": {
        "type": "Point",
        "coordinates": [
          113.554886,
          22.15126
        ]
      },
      "properties": {
        "osm_id": "node/5801053854",
        "name": "La Cucina Italiana",
        "name_zh": "La Cucina Italiana",
        "name_en": "La Cucina Italiana",
        "name_pt": null,
        "category": "food",
        "category_value": "restaurant",
        "category_label": "美食",
        "opening_hours": null,
        "cuisine": null,
        "wikidata": null,
        "website": null,
        "ele": null,
        "lat": 22.15126,
        "lng": 113.554886,
        "source": "osm"
      }
    },
    {
      "type": "Feature",
      "geometry": {
        "type": "Point",
        "coordinates": [
          113.542689,
          22.19203
        ]
      },
      "properties": {
        "osm_id": "node/5804248957",
        "name": "Élysée Bakery",
        "name_zh": "Élysée Bakery",
        "name_en": "Élysée Bakery",
        "name_pt": null,
        "category": "food",
        "category_value": "shop=bakery",
        "category_label": "美食",
        "opening_hours": null,
        "cuisine": null,
        "wikidata": null,
        "website": null,
        "ele": null,
        "lat": 22.19203,
        "lng": 113.542689,
        "source": "osm"
      }
    },
    {
      "type": "Feature",
      "geometry": {
        "type": "Point",
        "coordinates": [
          113.534482,
          22.189197
        ]
      },
      "properties": {
        "osm_id": "node/5874697786",
        "name": "亭一亭素食漢堡",
        "name_zh": "亭一亭素食漢堡",
        "name_en": null,
        "name_pt": null,
        "category": "food",
        "category_value": "restaurant",
        "category_label": "美食",
        "opening_hours": null,
        "cuisine": null,
        "wikidata": null,
        "website": null,
        "ele": null,
        "lat": 22.189197,
        "lng": 113.534482,
        "source": "osm"
      }
    },
    {
      "type": "Feature",
      "geometry": {
        "type": "Point",
        "coordinates": [
          113.538715,
          22.205285
        ]
      },
      "properties": {
        "osm_id": "node/5882130624",
        "name": "筷子基南灣 Bacia Sul do Patane",
        "name_zh": "筷子基南灣",
        "name_en": null,
        "name_pt": "Bacia Sul do Patane",
        "category": "natural",
        "category_value": "bay",
        "category_label": "自然",
        "opening_hours": null,
        "cuisine": null,
        "wikidata": null,
        "website": null,
        "ele": null,
        "lat": 22.205285,
        "lng": 113.538715,
        "source": "osm"
      }
    },
    {
      "type": "Feature",
      "geometry": {
        "type": "Point",
        "coordinates": [
          113.539936,
          22.196498
        ]
      },
      "properties": {
        "osm_id": "node/5911059788",
        "name": "Piri-Piri",
        "name_zh": "Piri-Piri",
        "name_en": "Piri-Piri",
        "name_pt": null,
        "category": "food",
        "category_value": "cafe",
        "category_label": "美食",
        "opening_hours": null,
        "cuisine": "portuguese",
        "wikidata": null,
        "website": null,
        "ele": null,
        "lat": 22.196498,
        "lng": 113.539936,
        "source": "osm"
      }
    },
    {
      "type": "Feature",
      "geometry": {
        "type": "Point",
        "coordinates": [
          113.556663,
          22.157567
        ]
      },
      "properties": {
        "osm_id": "node/5922075786",
        "name": "san mou i kuong",
        "name_zh": null,
        "name_en": "san mou i kuong",
        "name_pt": null,
        "category": "food",
        "category_value": "restaurant",
        "category_label": "美食",
        "opening_hours": null,
        "cuisine": null,
        "wikidata": null,
        "website": null,
        "ele": null,
        "lat": 22.157567,
        "lng": 113.556663,
        "source": "osm"
      }
    },
    {
      "type": "Feature",
      "geometry": {
        "type": "Point",
        "coordinates": [
          113.577145,
          22.201703
        ]
      },
      "properties": {
        "osm_id": "node/6032503641",
        "name": "港珠澳邊檢東廣場 Praça Leste Fronteiriça de Hong Kong-Zhuhai-Macau",
        "name_zh": "港珠澳邊檢東廣場",
        "name_en": null,
        "name_pt": "Praça Leste Fronteiriça de Hong Kong-Zhuhai-Macau",
        "category": "place",
        "category_value": "square",
        "category_label": "廣場",
        "opening_hours": null,
        "cuisine": null,
        "wikidata": null,
        "website": null,
        "ele": null,
        "lat": 22.201703,
        "lng": 113.577145,
        "source": "osm"
      }
    },
    {
      "type": "Feature",
      "geometry": {
        "type": "Point",
        "coordinates": [
          113.53793,
          22.194473
        ]
      },
      "properties": {
        "osm_id": "node/6033684288",
        "name": "Акулий плавник",
        "name_zh": "Акулий плавник",
        "name_en": null,
        "name_pt": null,
        "category": "food",
        "category_value": "cafe",
        "category_label": "美食",
        "opening_hours": null,
        "cuisine": null,
        "wikidata": null,
        "website": null,
        "ele": null,
        "lat": 22.194473,
        "lng": 113.53793,
        "source": "osm"
      }
    },
    {
      "type": "Feature",
      "geometry": {
        "type": "Point",
        "coordinates": [
          113.551814,
          22.211163
        ]
      },
      "properties": {
        "osm_id": "node/6040814460",
        "name": "祐漢熟食中心 Centro de Comidas do Complexo Iao Hon",
        "name_zh": "祐漢熟食中心",
        "name_en": "Iao Hon Complex Food Center",
        "name_pt": "Centro de Comidas do Complexo Iao Hon",
        "category": "food",
        "category_value": "food_court",
        "category_label": "美食",
        "opening_hours": "07:00-21:00",
        "cuisine": null,
        "wikidata": null,
        "website": null,
        "ele": null,
        "lat": 22.211163,
        "lng": 113.551814,
        "source": "osm"
      }
    },
    {
      "type": "Feature",
      "geometry": {
        "type": "Point",
        "coordinates": [
          113.53461,
          22.190879
        ]
      },
      "properties": {
        "osm_id": "node/6040835455",
        "name": "下環街市熟食中心 Centro de Comidas do Mercado Municipal de S. Lourenço",
        "name_zh": "下環街市熟食中心",
        "name_en": null,
        "name_pt": "Centro de Comidas do Mercado Municipal de S. Lourenço",
        "category": "food",
        "category_value": "food_court",
        "category_label": "美食",
        "opening_hours": "07:00-20:00",
        "cuisine": null,
        "wikidata": null,
        "website": null,
        "ele": null,
        "lat": 22.190879,
        "lng": 113.53461,
        "source": "osm"
      }
    },
    {
      "type": "Feature",
      "geometry": {
        "type": "Point",
        "coordinates": [
          113.549482,
          22.196445
        ]
      },
      "properties": {
        "osm_id": "node/6056499763",
        "name": "東望洋山 (松山) Colina da Guia",
        "name_zh": "東望洋山 (松山)",
        "name_en": "Guia Hill",
        "name_pt": "Colina da Guia",
        "category": "natural",
        "category_value": "peak",
        "category_label": "自然",
        "opening_hours": null,
        "cuisine": null,
        "wikidata": "Q11103547",
        "website": null,
        "ele": "90",
        "lat": 22.196445,
        "lng": 113.549482,
        "source": "osm"
      }
    },
    {
      "type": "Feature",
      "geometry": {
        "type": "Point",
        "coordinates": [
          113.537638,
          22.21143
        ]
      },
      "properties": {
        "osm_id": "node/6056503620",
        "name": "青洲山 Colina da Ilha Verde",
        "name_zh": "青洲山",
        "name_en": null,
        "name_pt": "Colina da Ilha Verde",
        "category": "natural",
        "category_value": "peak",
        "category_label": "自然",
        "opening_hours": null,
        "cuisine": null,
        "wikidata": "Q27728403",
        "website": null,
        "ele": "54.5",
        "lat": 22.21143,
        "lng": 113.537638,
        "source": "osm"
      }
    },
    {
      "type": "Feature",
      "geometry": {
        "type": "Point",
        "coordinates": [
          113.547583,
          22.207814
        ]
      },
      "properties": {
        "osm_id": "node/6056505456",
        "name": "望廈山 Colina de Mong Há",
        "name_zh": "望廈山",
        "name_en": null,
        "name_pt": "Colina de Mong Há",
        "category": "natural",
        "category_value": "peak",
        "category_label": "自然",
        "opening_hours": null,
        "cuisine": null,
        "wikidata": null,
        "website": null,
        "ele": "60.7",
        "lat": 22.207814,
        "lng": 113.547583,
        "source": "osm"
      }
    },
    {
      "type": "Feature",
      "geometry": {
        "type": "Point",
        "coordinates": [
          113.555566,
          22.203415
        ]
      },
      "properties": {
        "osm_id": "node/6056514522",
        "name": "馬交石山 Colina de D. Maria II",
        "name_zh": "馬交石山",
        "name_en": null,
        "name_pt": "Colina de D. Maria II",
        "category": "natural",
        "category_value": "peak",
        "category_label": "自然",
        "opening_hours": null,
        "cuisine": null,
        "wikidata": null,
        "website": null,
        "ele": "48.1",
        "lat": 22.203415,
        "lng": 113.555566,
        "source": "osm"
      }
    },
    {
      "type": "Feature",
      "geometry": {
        "type": "Point",
        "coordinates": [
          113.535427,
          22.186648
        ]
      },
      "properties": {
        "osm_id": "node/6056561148",
        "name": "西望洋山 (主教山) Colina da Penha",
        "name_zh": "西望洋山 (主教山)",
        "name_en": "Penha Hill",
        "name_pt": "Colina da Penha",
        "category": "natural",
        "category_value": "peak",
        "category_label": "自然",
        "opening_hours": null,
        "cuisine": null,
        "wikidata": "Q16926772",
        "website": null,
        "ele": "62.7",
        "lat": 22.186648,
        "lng": 113.535427,
        "source": "osm"
      }
    },
    {
      "type": "Feature",
      "geometry": {
        "type": "Point",
        "coordinates": [
          113.532405,
          22.183863
        ]
      },
      "properties": {
        "osm_id": "node/6056570602",
        "name": "媽閣山 Colina da Barra",
        "name_zh": "媽閣山",
        "name_en": null,
        "name_pt": "Colina da Barra",
        "category": "natural",
        "category_value": "peak",
        "category_label": "自然",
        "opening_hours": null,
        "cuisine": null,
        "wikidata": "Q10944001",
        "website": null,
        "ele": "71.6",
        "lat": 22.183863,
        "lng": 113.532405,
        "source": "osm"
      }
    },
    {
      "type": "Feature",
      "geometry": {
        "type": "Point",
        "coordinates": [
          113.584655,
          22.129977
        ]
      },
      "properties": {
        "osm_id": "node/6056592519",
        "name": "九澳山 Monte de Ká Hó",
        "name_zh": "九澳山",
        "name_en": null,
        "name_pt": "Monte de Ká Hó",
        "category": "natural",
        "category_value": "peak",
        "category_label": "自然",
        "opening_hours": null,
        "cuisine": null,
        "wikidata": "Q27728385",
        "website": null,
        "ele": "123.8",
        "lat": 22.129977,
        "lng": 113.584655,
        "source": "osm"
      }
    },
    {
      "type": "Feature",
      "geometry": {
        "type": "Point",
        "coordinates": [
          113.555144,
          22.112558
        ]
      },
      "properties": {
        "osm_id": "node/6057600192",
        "name": "礮臺山 Morro de Artilharia",
        "name_zh": "礮臺山",
        "name_en": null,
        "name_pt": "Morro de Artilharia",
        "category": "natural",
        "category_value": "peak",
        "category_label": "自然",
        "opening_hours": null,
        "cuisine": null,
        "wikidata": "Q27728394",
        "website": null,
        "ele": "120",
        "lat": 22.112558,
        "lng": 113.555144,
        "source": "osm"
      }
    },
    {
      "type": "Feature",
      "geometry": {
        "type": "Point",
        "coordinates": [
          113.570002,
          22.128449
        ]
      },
      "properties": {
        "osm_id": "node/6057634907",
        "name": "中央山 Ponto Central",
        "name_zh": "中央山",
        "name_en": null,
        "name_pt": "Ponto Central",
        "category": "natural",
        "category_value": "peak",
        "category_label": "自然",
        "opening_hours": null,
        "cuisine": null,
        "wikidata": null,
        "website": null,
        "ele": "136.2",
        "lat": 22.128449,
        "lng": 113.570002,
        "source": "osm"
      }
    },
    {
      "type": "Feature",
      "geometry": {
        "type": "Point",
        "coordinates": [
          113.546372,
          22.207257
        ]
      },
      "properties": {
        "osm_id": "node/6060773958",
        "name": "牛房倉庫 Ox Warehouse",
        "name_zh": "牛房倉庫",
        "name_en": "Ox Warehouse",
        "name_pt": null,
        "category": "tourism",
        "category_value": "gallery",
        "category_label": "觀光",
        "opening_hours": null,
        "cuisine": null,
        "wikidata": null,
        "website": null,
        "ele": null,
        "lat": 22.207257,
        "lng": 113.546372,
        "source": "osm"
      }
    },
    {
      "type": "Feature",
      "geometry": {
        "type": "Point",
        "coordinates": [
          113.54042,
          22.192614
        ]
      },
      "properties": {
        "osm_id": "node/6132786083",
        "name": "Jollibee",
        "name_zh": "Jollibee",
        "name_en": null,
        "name_pt": null,
        "category": "food",
        "category_value": "fast_food",
        "category_label": "美食",
        "opening_hours": null,
        "cuisine": "burger",
        "wikidata": null,
        "website": null,
        "ele": null,
        "lat": 22.192614,
        "lng": 113.54042,
        "source": "osm"
      }
    },
    {
      "type": "Feature",
      "geometry": {
        "type": "Point",
        "coordinates": [
          113.540921,
          22.193653
        ]
      },
      "properties": {
        "osm_id": "node/6159078140",
        "name": "Boa Mesa",
        "name_zh": "Boa Mesa",
        "name_en": null,
        "name_pt": null,
        "category": "food",
        "category_value": "restaurant",
        "category_label": "美食",
        "opening_hours": null,
        "cuisine": "portuguese",
        "wikidata": null,
        "website": null,
        "ele": null,
        "lat": 22.193653,
        "lng": 113.540921,
        "source": "osm"
      }
    },
    {
      "type": "Feature",
      "geometry": {
        "type": "Point",
        "coordinates": [
          113.540446,
          22.194129
        ]
      },
      "properties": {
        "osm_id": "node/6159078144",
        "name": "6º",
        "name_zh": "6º",
        "name_en": null,
        "name_pt": null,
        "category": "food",
        "category_value": "bar",
        "category_label": "美食",
        "opening_hours": null,
        "cuisine": null,
        "wikidata": null,
        "website": null,
        "ele": null,
        "lat": 22.194129,
        "lng": 113.540446,
        "source": "osm"
      }
    },
    {
      "type": "Feature",
      "geometry": {
        "type": "Point",
        "coordinates": [
          113.543705,
          22.207531
        ]
      },
      "properties": {
        "osm_id": "node/6176413585",
        "name": "李家菜",
        "name_zh": "李家菜",
        "name_en": null,
        "name_pt": null,
        "category": "food",
        "category_value": "restaurant",
        "category_label": "美食",
        "opening_hours": null,
        "cuisine": null,
        "wikidata": null,
        "website": null,
        "ele": null,
        "lat": 22.207531,
        "lng": 113.543705,
        "source": "osm"
      }
    },
    {
      "type": "Feature",
      "geometry": {
        "type": "Point",
        "coordinates": [
          113.541613,
          22.193982
        ]
      },
      "properties": {
        "osm_id": "node/6178191888",
        "name": "Bless Juice Bar",
        "name_zh": "Bless Juice Bar",
        "name_en": "Bless Juice Bar",
        "name_pt": null,
        "category": "food",
        "category_value": "cafe",
        "category_label": "美食",
        "opening_hours": "Mo-Su 09:00-18:00",
        "cuisine": null,
        "wikidata": null,
        "website": null,
        "ele": null,
        "lat": 22.193982,
        "lng": 113.541613,
        "source": "osm"
      }
    },
    {
      "type": "Feature",
      "geometry": {
        "type": "Point",
        "coordinates": [
          113.557519,
          22.153072
        ]
      },
      "properties": {
        "osm_id": "node/6178191985",
        "name": "rooftopmacau",
        "name_zh": "rooftopmacau",
        "name_en": "rooftopmacau",
        "name_pt": null,
        "category": "food",
        "category_value": "cafe",
        "category_label": "美食",
        "opening_hours": "Su-Th 11:30-20:00; Fr-Sa 13:00-22:00",
        "cuisine": null,
        "wikidata": null,
        "website": null,
        "ele": null,
        "lat": 22.153072,
        "lng": 113.557519,
        "source": "osm"
      }
    },
    {
      "type": "Feature",
      "geometry": {
        "type": "Point",
        "coordinates": [
          113.558323,
          22.153723
        ]
      },
      "properties": {
        "osm_id": "node/6178356286",
        "name": "純正的",
        "name_zh": "純正的",
        "name_en": "Castiço",
        "name_pt": null,
        "category": "food",
        "category_value": "restaurant",
        "category_label": "美食",
        "opening_hours": "Fr-We 11:00-22:30",
        "cuisine": "portuguese",
        "wikidata": null,
        "website": null,
        "ele": null,
        "lat": 22.153723,
        "lng": 113.558323,
        "source": "osm"
      }
    },
    {
      "type": "Feature",
      "geometry": {
        "type": "Point",
        "coordinates": [
          113.55654,
          22.152864
        ]
      },
      "properties": {
        "osm_id": "node/6178361886",
        "name": "Tapas de Portugal by Antonio",
        "name_zh": null,
        "name_en": "Tapas de Portugal by Antonio",
        "name_pt": null,
        "category": "food",
        "category_value": "restaurant",
        "category_label": "美食",
        "opening_hours": "Mo-Su 12:00-04:00",
        "cuisine": "portuguese",
        "wikidata": null,
        "website": null,
        "ele": null,
        "lat": 22.152864,
        "lng": 113.55654,
        "source": "osm"
      }
    },
    {
      "type": "Feature",
      "geometry": {
        "type": "Point",
        "coordinates": [
          113.540621,
          22.193947
        ]
      },
      "properties": {
        "osm_id": "node/6178561485",
        "name": "葡藝園",
        "name_zh": "葡藝園",
        "name_en": "Art Garden",
        "name_pt": null,
        "category": "food",
        "category_value": "restaurant",
        "category_label": "美食",
        "opening_hours": null,
        "cuisine": null,
        "wikidata": null,
        "website": null,
        "ele": null,
        "lat": 22.193947,
        "lng": 113.540621,
        "source": "osm"
      }
    },
    {
      "type": "Feature",
      "geometry": {
        "type": "Point",
        "coordinates": [
          113.540357,
          22.189991
        ]
      },
      "properties": {
        "osm_id": "node/6178563986",
        "name": "SKY 21",
        "name_zh": "SKY 21",
        "name_en": "SKY 21",
        "name_pt": null,
        "category": "food",
        "category_value": "pub",
        "category_label": "美食",
        "opening_hours": "Mo-Fr 18:30-03:00; Sa-Su 18:30-04:00",
        "cuisine": null,
        "wikidata": null,
        "website": null,
        "ele": null,
        "lat": 22.189991,
        "lng": 113.540357,
        "source": "osm"
      }
    },
    {
      "type": "Feature",
      "geometry": {
        "type": "Point",
        "coordinates": [
          113.557216,
          22.1538
        ]
      },
      "properties": {
        "osm_id": "node/6178979585",
        "name": "亞馬交美食",
        "name_zh": "亞馬交美食",
        "name_en": "Café Amagão",
        "name_pt": null,
        "category": "food",
        "category_value": "restaurant",
        "category_label": "美食",
        "opening_hours": "Th-Tu 18:00-22:00",
        "cuisine": "portuguese",
        "wikidata": null,
        "website": null,
        "ele": null,
        "lat": 22.1538,
        "lng": 113.557216,
        "source": "osm"
      }
    },
    {
      "type": "Feature",
      "geometry": {
        "type": "Point",
        "coordinates": [
          113.553683,
          22.191813
        ]
      },
      "properties": {
        "osm_id": "node/6226615939",
        "name": "灆泰國餐廳 Naam",
        "name_zh": "灆泰國餐廳",
        "name_en": "Naam",
        "name_pt": null,
        "category": "food",
        "category_value": "restaurant",
        "category_label": "美食",
        "opening_hours": null,
        "cuisine": "thai",
        "wikidata": null,
        "website": null,
        "ele": null,
        "lat": 22.191813,
        "lng": 113.553683,
        "source": "osm"
      }
    },
    {
      "type": "Feature",
      "geometry": {
        "type": "Point",
        "coordinates": [
          113.553,
          22.188627
        ]
      },
      "properties": {
        "osm_id": "node/6226615940",
        "name": "Soo’s kitchen",
        "name_zh": "Soo’s kitchen",
        "name_en": null,
        "name_pt": null,
        "category": "food",
        "category_value": "fast_food",
        "category_label": "美食",
        "opening_hours": null,
        "cuisine": null,
        "wikidata": null,
        "website": null,
        "ele": null,
        "lat": 22.188627,
        "lng": 113.553,
        "source": "osm"
      }
    },
    {
      "type": "Feature",
      "geometry": {
        "type": "Point",
        "coordinates": [
          113.551679,
          22.188147
        ]
      },
      "properties": {
        "osm_id": "node/6226615943",
        "name": "味蔵",
        "name_zh": "味蔵",
        "name_en": "AJIKURA",
        "name_pt": null,
        "category": "food",
        "category_value": "restaurant",
        "category_label": "美食",
        "opening_hours": null,
        "cuisine": "sushi",
        "wikidata": null,
        "website": null,
        "ele": null,
        "lat": 22.188147,
        "lng": 113.551679,
        "source": "osm"
      }
    },
    {
      "type": "Feature",
      "geometry": {
        "type": "Point",
        "coordinates": [
          113.551246,
          22.189041
        ]
      },
      "properties": {
        "osm_id": "node/6226615945",
        "name": "桜",
        "name_zh": "桜",
        "name_en": "Sakura",
        "name_pt": null,
        "category": "food",
        "category_value": "restaurant",
        "category_label": "美食",
        "opening_hours": null,
        "cuisine": "japanese",
        "wikidata": null,
        "website": null,
        "ele": null,
        "lat": 22.189041,
        "lng": 113.551246,
        "source": "osm"
      }
    },
    {
      "type": "Feature",
      "geometry": {
        "type": "Point",
        "coordinates": [
          113.553938,
          22.188973
        ]
      },
      "properties": {
        "osm_id": "node/6226615948",
        "name": "Indian Garden",
        "name_zh": "Indian Garden",
        "name_en": null,
        "name_pt": null,
        "category": "food",
        "category_value": "restaurant",
        "category_label": "美食",
        "opening_hours": null,
        "cuisine": "indian",
        "wikidata": null,
        "website": null,
        "ele": null,
        "lat": 22.188973,
        "lng": 113.553938,
        "source": "osm"
      }
    },
    {
      "type": "Feature",
      "geometry": {
        "type": "Point",
        "coordinates": [
          113.558475,
          22.157011
        ]
      },
      "properties": {
        "osm_id": "node/6317221485",
        "name": "囍囍茶餐厅",
        "name_zh": "囍囍茶餐厅",
        "name_en": "Brilliant Gourmet",
        "name_pt": null,
        "category": "food",
        "category_value": "restaurant",
        "category_label": "美食",
        "opening_hours": null,
        "cuisine": null,
        "wikidata": null,
        "website": null,
        "ele": null,
        "lat": 22.157011,
        "lng": 113.558475,
        "source": "osm"
      }
    },
    {
      "type": "Feature",
      "geometry": {
        "type": "Point",
        "coordinates": [
          113.549008,
          22.215187
        ]
      },
      "properties": {
        "osm_id": "node/6353597986",
        "name": "關閘廣場 Praça das Portas do Cerco",
        "name_zh": "關閘廣場",
        "name_en": null,
        "name_pt": "Praça das Portas do Cerco",
        "category": "place",
        "category_value": "square",
        "category_label": "廣場",
        "opening_hours": null,
        "cuisine": null,
        "wikidata": null,
        "website": null,
        "ele": null,
        "lat": 22.215187,
        "lng": 113.549008,
        "source": "osm"
      }
    },
    {
      "type": "Feature",
      "geometry": {
        "type": "Point",
        "coordinates": [
          113.556149,
          22.152558
        ]
      },
      "properties": {
        "osm_id": "node/6356351988",
        "name": "A tasca do Luis",
        "name_zh": null,
        "name_en": "A tasca do Luis",
        "name_pt": "A tasca do Luis",
        "category": "food",
        "category_value": "restaurant",
        "category_label": "美食",
        "opening_hours": null,
        "cuisine": null,
        "wikidata": null,
        "website": null,
        "ele": null,
        "lat": 22.152558,
        "lng": 113.556149,
        "source": "osm"
      }
    },
    {
      "type": "Feature",
      "geometry": {
        "type": "Point",
        "coordinates": [
          113.534854,
          22.207588
        ]
      },
      "properties": {
        "osm_id": "node/6361627599",
        "name": "广东省-澳門特別行政區界碑（6B）",
        "name_zh": "广东省-澳門特別行政區界碑（6B）",
        "name_en": null,
        "name_pt": null,
        "category": "historic",
        "category_value": "boundary_stone",
        "category_label": "歷史",
        "opening_hours": null,
        "cuisine": null,
        "wikidata": null,
        "website": null,
        "ele": null,
        "lat": 22.207588,
        "lng": 113.534854,
        "source": "osm"
      }
    },
    {
      "type": "Feature",
      "geometry": {
        "type": "Point",
        "coordinates": [
          113.547731,
          22.203544
        ]
      },
      "properties": {
        "osm_id": "node/6379420284",
        "name": "Happiness",
        "name_zh": "Happiness",
        "name_en": null,
        "name_pt": null,
        "category": "food",
        "category_value": "shop=bakery",
        "category_label": "美食",
        "opening_hours": null,
        "cuisine": "dessert",
        "wikidata": null,
        "website": null,
        "ele": null,
        "lat": 22.203544,
        "lng": 113.547731,
        "source": "osm"
      }
    },
    {
      "type": "Feature",
      "geometry": {
        "type": "Point",
        "coordinates": [
          113.542143,
          22.199525
        ]
      },
      "properties": {
        "osm_id": "node/6389152265",
        "name": "新橋安記粥麵美食",
        "name_zh": "新橋安記粥麵美食",
        "name_en": null,
        "name_pt": null,
        "category": "food",
        "category_value": "shop=deli",
        "category_label": "美食",
        "opening_hours": null,
        "cuisine": null,
        "wikidata": null,
        "website": null,
        "ele": null,
        "lat": 22.199525,
        "lng": 113.542143,
        "source": "osm"
      }
    },
    {
      "type": "Feature",
      "geometry": {
        "type": "Point",
        "coordinates": [
          113.541103,
          22.199431
        ]
      },
      "properties": {
        "osm_id": "node/6392309385",
        "name": "馬來東",
        "name_zh": "馬來東",
        "name_en": null,
        "name_pt": null,
        "category": "food",
        "category_value": "restaurant",
        "category_label": "美食",
        "opening_hours": null,
        "cuisine": null,
        "wikidata": null,
        "website": null,
        "ele": null,
        "lat": 22.199431,
        "lng": 113.541103,
        "source": "osm"
      }
    },
    {
      "type": "Feature",
      "geometry": {
        "type": "Point",
        "coordinates": [
          113.540342,
          22.192954
        ]
      },
      "properties": {
        "osm_id": "node/6431631587",
        "name": "Restaurante Escada",
        "name_zh": "Restaurante Escada",
        "name_en": "Restaurante Escada",
        "name_pt": null,
        "category": "food",
        "category_value": "restaurant",
        "category_label": "美食",
        "opening_hours": null,
        "cuisine": null,
        "wikidata": null,
        "website": null,
        "ele": null,
        "lat": 22.192954,
        "lng": 113.540342,
        "source": "osm"
      }
    },
    {
      "type": "Feature",
      "geometry": {
        "type": "Point",
        "coordinates": [
          113.570636,
          22.120742
        ]
      },
      "properties": {
        "osm_id": "node/6515764968",
        "name": "人魚雕塑 Escultura de Sereia",
        "name_zh": "人魚雕塑",
        "name_en": "Mermaid Sculpture",
        "name_pt": "Escultura de Sereia",
        "category": "tourism",
        "category_value": "artwork",
        "category_label": "觀光",
        "opening_hours": null,
        "cuisine": null,
        "wikidata": null,
        "website": null,
        "ele": null,
        "lat": 22.120742,
        "lng": 113.570636,
        "source": "osm"
      }
    },
    {
      "type": "Feature",
      "geometry": {
        "type": "Point",
        "coordinates": [
          113.557855,
          22.154269
        ]
      },
      "properties": {
        "osm_id": "node/6527920086",
        "name": "文記咖啡美食",
        "name_zh": "文記咖啡美食",
        "name_en": null,
        "name_pt": null,
        "category": "food",
        "category_value": "restaurant",
        "category_label": "美食",
        "opening_hours": null,
        "cuisine": null,
        "wikidata": null,
        "website": null,
        "ele": null,
        "lat": 22.154269,
        "lng": 113.557855,
        "source": "osm"
      }
    },
    {
      "type": "Feature",
      "geometry": {
        "type": "Point",
        "coordinates": [
          113.564058,
          22.121125
        ]
      },
      "properties": {
        "osm_id": "node/6594535710",
        "name": "伶仃石眺望台 Miradouro da Rocha da Solidão",
        "name_zh": "伶仃石眺望台",
        "name_en": "Solitude Rock Viewing Platform",
        "name_pt": "Miradouro da Rocha da Solidão",
        "category": "tourism",
        "category_value": "viewpoint",
        "category_label": "觀光",
        "opening_hours": null,
        "cuisine": null,
        "wikidata": null,
        "website": null,
        "ele": null,
        "lat": 22.121125,
        "lng": 113.564058,
        "source": "osm"
      }
    },
    {
      "type": "Feature",
      "geometry": {
        "type": "Point",
        "coordinates": [
          113.571998,
          22.114163
        ]
      },
      "properties": {
        "osm_id": "node/6595074076",
        "name": "大脾山",
        "name_zh": "大脾山",
        "name_en": null,
        "name_pt": null,
        "category": "natural",
        "category_value": "peak",
        "category_label": "自然",
        "opening_hours": null,
        "cuisine": null,
        "wikidata": null,
        "website": null,
        "ele": "66.6",
        "lat": 22.114163,
        "lng": 113.571998,
        "source": "osm"
      }
    },
    {
      "type": "Feature",
      "geometry": {
        "type": "Point",
        "coordinates": [
          113.575218,
          22.136217
        ]
      },
      "properties": {
        "osm_id": "node/6595074077",
        "name": "合石嶺 Pico de Pedra Junta",
        "name_zh": "合石嶺",
        "name_en": "Union Stone Peak",
        "name_pt": "Pico de Pedra Junta",
        "category": "natural",
        "category_value": "peak",
        "category_label": "自然",
        "opening_hours": null,
        "cuisine": null,
        "wikidata": null,
        "website": null,
        "ele": "108.8",
        "lat": 22.136217,
        "lng": 113.575218,
        "source": "osm"
      }
    },
    {
      "type": "Feature",
      "geometry": {
        "type": "Point",
        "coordinates": [
          113.551096,
          22.161292
        ]
      },
      "properties": {
        "osm_id": "node/6636571185",
        "name": "ZEN Macau",
        "name_zh": null,
        "name_en": "ZEN Macau",
        "name_pt": null,
        "category": "food",
        "category_value": "cafe",
        "category_label": "美食",
        "opening_hours": null,
        "cuisine": null,
        "wikidata": null,
        "website": null,
        "ele": null,
        "lat": 22.161292,
        "lng": 113.551096,
        "source": "osm"
      }
    },
    {
      "type": "Feature",
      "geometry": {
        "type": "Point",
        "coordinates": [
          113.551985,
          22.201691
        ]
      },
      "properties": {
        "osm_id": "node/6636571186",
        "name": "Riqueixo",
        "name_zh": null,
        "name_en": "Riqueixo",
        "name_pt": null,
        "category": "food",
        "category_value": "restaurant",
        "category_label": "美食",
        "opening_hours": null,
        "cuisine": null,
        "wikidata": null,
        "website": null,
        "ele": null,
        "lat": 22.201691,
        "lng": 113.551985,
        "source": "osm"
      }
    },
    {
      "type": "Feature",
      "geometry": {
        "type": "Point",
        "coordinates": [
          113.549488,
          22.201599
        ]
      },
      "properties": {
        "osm_id": "node/6636578085",
        "name": "M2 Kitchen",
        "name_zh": null,
        "name_en": "M2 Kitchen",
        "name_pt": null,
        "category": "food",
        "category_value": "restaurant",
        "category_label": "美食",
        "opening_hours": null,
        "cuisine": null,
        "wikidata": null,
        "website": null,
        "ele": null,
        "lat": 22.201599,
        "lng": 113.549488,
        "source": "osm"
      }
    },
    {
      "type": "Feature",
      "geometry": {
        "type": "Point",
        "coordinates": [
          113.556218,
          22.156629
        ]
      },
      "properties": {
        "osm_id": "node/6646099471",
        "name": "Gathering",
        "name_zh": null,
        "name_en": "Gathering",
        "name_pt": null,
        "category": "food",
        "category_value": "shop=beverages",
        "category_label": "美食",
        "opening_hours": null,
        "cuisine": null,
        "wikidata": null,
        "website": null,
        "ele": null,
        "lat": 22.156629,
        "lng": 113.556218,
        "source": "osm"
      }
    },
    {
      "type": "Feature",
      "geometry": {
        "type": "Point",
        "coordinates": [
          113.555268,
          22.152475
        ]
      },
      "properties": {
        "osm_id": "node/6646099472",
        "name": "Café Chéri",
        "name_zh": null,
        "name_en": "Café Chéri",
        "name_pt": null,
        "category": "food",
        "category_value": "cafe",
        "category_label": "美食",
        "opening_hours": null,
        "cuisine": null,
        "wikidata": null,
        "website": null,
        "ele": null,
        "lat": 22.152475,
        "lng": 113.555268,
        "source": "osm"
      }
    },
    {
      "type": "Feature",
      "geometry": {
        "type": "Point",
        "coordinates": [
          113.551977,
          22.201714
        ]
      },
      "properties": {
        "osm_id": "node/6646117326",
        "name": "Riquexo",
        "name_zh": null,
        "name_en": "Riquexo",
        "name_pt": null,
        "category": "food",
        "category_value": "restaurant",
        "category_label": "美食",
        "opening_hours": null,
        "cuisine": null,
        "wikidata": null,
        "website": null,
        "ele": null,
        "lat": 22.201714,
        "lng": 113.551977,
        "source": "osm"
      }
    },
    {
      "type": "Feature",
      "geometry": {
        "type": "Point",
        "coordinates": [
          113.54112,
          22.189498
        ]
      },
      "properties": {
        "osm_id": "node/6646117327",
        "name": "Cuppacoffee",
        "name_zh": "Cuppacoffee",
        "name_en": "Cuppacoffee",
        "name_pt": null,
        "category": "food",
        "category_value": "cafe",
        "category_label": "美食",
        "opening_hours": null,
        "cuisine": null,
        "wikidata": null,
        "website": null,
        "ele": null,
        "lat": 22.189498,
        "lng": 113.54112,
        "source": "osm"
      }
    },
    {
      "type": "Feature",
      "geometry": {
        "type": "Point",
        "coordinates": [
          113.554807,
          22.156621
        ]
      },
      "properties": {
        "osm_id": "node/6646117328",
        "name": "LAX Cafe",
        "name_zh": null,
        "name_en": "LAX Cafe",
        "name_pt": null,
        "category": "food",
        "category_value": "cafe",
        "category_label": "美食",
        "opening_hours": null,
        "cuisine": null,
        "wikidata": null,
        "website": null,
        "ele": null,
        "lat": 22.156621,
        "lng": 113.554807,
        "source": "osm"
      }
    },
    {
      "type": "Feature",
      "geometry": {
        "type": "Point",
        "coordinates": [
          113.539856,
          22.196238
        ]
      },
      "properties": {
        "osm_id": "node/6656938985",
        "name": "A Porta da Arte",
        "name_zh": "A Porta da Arte",
        "name_en": "A Porta da Arte",
        "name_pt": null,
        "category": "food",
        "category_value": "cafe",
        "category_label": "美食",
        "opening_hours": null,
        "cuisine": null,
        "wikidata": null,
        "website": null,
        "ele": null,
        "lat": 22.196238,
        "lng": 113.539856,
        "source": "osm"
      }
    },
    {
      "type": "Feature",
      "geometry": {
        "type": "Point",
        "coordinates": [
          113.55775,
          22.156552
        ]
      },
      "properties": {
        "osm_id": "node/6700393486",
        "name": "Mugs Taipa",
        "name_zh": null,
        "name_en": "Mugs Taipa",
        "name_pt": null,
        "category": "food",
        "category_value": "bar",
        "category_label": "美食",
        "opening_hours": null,
        "cuisine": null,
        "wikidata": null,
        "website": null,
        "ele": null,
        "lat": 22.156552,
        "lng": 113.55775,
        "source": "osm"
      }
    },
    {
      "type": "Feature",
      "geometry": {
        "type": "Point",
        "coordinates": [
          113.542797,
          22.198356
        ]
      },
      "properties": {
        "osm_id": "node/6728957386",
        "name": "Café Xina Afonso",
        "name_zh": "Café Xina Afonso",
        "name_en": "Café Xina Afonso",
        "name_pt": null,
        "category": "food",
        "category_value": "restaurant",
        "category_label": "美食",
        "opening_hours": null,
        "cuisine": "portuguese",
        "wikidata": null,
        "website": null,
        "ele": null,
        "lat": 22.198356,
        "lng": 113.542797,
        "source": "osm"
      }
    },
    {
      "type": "Feature",
      "geometry": {
        "type": "Point",
        "coordinates": [
          113.543298,
          22.207104
        ]
      },
      "properties": {
        "osm_id": "node/6818511218",
        "name": "鑽葡咖啡美食",
        "name_zh": "鑽葡咖啡美食",
        "name_en": null,
        "name_pt": null,
        "category": "food",
        "category_value": "restaurant",
        "category_label": "美食",
        "opening_hours": null,
        "cuisine": null,
        "wikidata": null,
        "website": null,
        "ele": null,
        "lat": 22.207104,
        "lng": 113.543298,
        "source": "osm"
      }
    },
    {
      "type": "Feature",
      "geometry": {
        "type": "Point",
        "coordinates": [
          113.551297,
          22.207873
        ]
      },
      "properties": {
        "osm_id": "node/6852411672",
        "name": "肯德基 KFC",
        "name_zh": "肯德基",
        "name_en": "KFC",
        "name_pt": null,
        "category": "food",
        "category_value": "fast_food",
        "category_label": "美食",
        "opening_hours": null,
        "cuisine": "chicken",
        "wikidata": null,
        "website": null,
        "ele": null,
        "lat": 22.207873,
        "lng": 113.551297,
        "source": "osm"
      }
    },
    {
      "type": "Feature",
      "geometry": {
        "type": "Point",
        "coordinates": [
          113.537284,
          22.195034
        ]
      },
      "properties": {
        "osm_id": "node/6926725285",
        "name": "三元粥品專家",
        "name_zh": "三元粥品專家",
        "name_en": "Sam Un Loja De Canja",
        "name_pt": null,
        "category": "food",
        "category_value": "cafe",
        "category_label": "美食",
        "opening_hours": "Mo-Su 09:00-11:00, 19:00-00:30",
        "cuisine": null,
        "wikidata": null,
        "website": null,
        "ele": null,
        "lat": 22.195034,
        "lng": 113.537284,
        "source": "osm"
      }
    },
    {
      "type": "Feature",
      "geometry": {
        "type": "Point",
        "coordinates": [
          113.542546,
          22.195706
        ]
      },
      "properties": {
        "osm_id": "node/6926778185",
        "name": "番茄屋葡式美食",
        "name_zh": "番茄屋葡式美食",
        "name_en": "Cafe de Novo Tomato",
        "name_pt": null,
        "category": "food",
        "category_value": "restaurant",
        "category_label": "美食",
        "opening_hours": "Mo-Su 11:30-22:00",
        "cuisine": "portuguese",
        "wikidata": null,
        "website": null,
        "ele": null,
        "lat": 22.195706,
        "lng": 113.542546,
        "source": "osm"
      }
    },
    {
      "type": "Feature",
      "geometry": {
        "type": "Point",
        "coordinates": [
          113.542887,
          22.193838
        ]
      },
      "properties": {
        "osm_id": "node/6926792386",
        "name": "新榮記",
        "name_zh": "新榮記",
        "name_en": "Estabelecimento De Comidas San Veng Kei",
        "name_pt": null,
        "category": "food",
        "category_value": "fast_food",
        "category_label": "美食",
        "opening_hours": "Mo-Su 07:00-21:00",
        "cuisine": null,
        "wikidata": null,
        "website": null,
        "ele": null,
        "lat": 22.193838,
        "lng": 113.542887,
        "source": "osm"
      }
    },
    {
      "type": "Feature",
      "geometry": {
        "type": "Point",
        "coordinates": [
          113.563088,
          22.120777
        ]
      },
      "properties": {
        "osm_id": "node/6942837986",
        "name": "疊石塘山眺望台 Miradouro do Alto de Coloane",
        "name_zh": "疊石塘山眺望台",
        "name_en": "Coloane Alto Viewing Platform",
        "name_pt": "Miradouro do Alto de Coloane",
        "category": "tourism",
        "category_value": "viewpoint",
        "category_label": "觀光",
        "opening_hours": null,
        "cuisine": null,
        "wikidata": null,
        "website": null,
        "ele": null,
        "lat": 22.120777,
        "lng": 113.563088,
        "source": "osm"
      }
    },
    {
      "type": "Feature",
      "geometry": {
        "type": "Point",
        "coordinates": [
          113.538389,
          22.194198
        ]
      },
      "properties": {
        "osm_id": "node/6964145185",
        "name": "The Factory",
        "name_zh": "The Factory",
        "name_en": "The Factory",
        "name_pt": null,
        "category": "food",
        "category_value": "shop=bakery",
        "category_label": "美食",
        "opening_hours": null,
        "cuisine": null,
        "wikidata": null,
        "website": null,
        "ele": null,
        "lat": 22.194198,
        "lng": 113.538389,
        "source": "osm"
      }
    },
    {
      "type": "Feature",
      "geometry": {
        "type": "Point",
        "coordinates": [
          113.53426,
          22.190373
        ]
      },
      "properties": {
        "osm_id": "node/6965320685",
        "name": "Portuguese bakery",
        "name_zh": null,
        "name_en": "Portuguese bakery",
        "name_pt": "Padaria Portuguesa",
        "category": "food",
        "category_value": "shop=bakery",
        "category_label": "美食",
        "opening_hours": null,
        "cuisine": null,
        "wikidata": null,
        "website": null,
        "ele": null,
        "lat": 22.190373,
        "lng": 113.53426,
        "source": "osm"
      }
    },
    {
      "type": "Feature",
      "geometry": {
        "type": "Point",
        "coordinates": [
          113.560379,
          22.143559
        ]
      },
      "properties": {
        "osm_id": "node/6994221852",
        "name": "巴黎人劇場 The Parisian Theatre",
        "name_zh": "巴黎人劇場",
        "name_en": "The Parisian Theatre",
        "name_pt": null,
        "category": "amenity",
        "category_value": "theatre",
        "category_label": "設施",
        "opening_hours": null,
        "cuisine": null,
        "wikidata": null,
        "website": null,
        "ele": null,
        "lat": 22.143559,
        "lng": 113.560379,
        "source": "osm"
      }
    },
    {
      "type": "Feature",
      "geometry": {
        "type": "Point",
        "coordinates": [
          113.567394,
          22.147278
        ]
      },
      "properties": {
        "osm_id": "node/6994268884",
        "name": "美高梅劇院 MGM Theater",
        "name_zh": "美高梅劇院",
        "name_en": "MGM Theater",
        "name_pt": null,
        "category": "amenity",
        "category_value": "theatre",
        "category_label": "設施",
        "opening_hours": null,
        "cuisine": null,
        "wikidata": null,
        "website": null,
        "ele": null,
        "lat": 22.147278,
        "lng": 113.567394,
        "source": "osm"
      }
    },
    {
      "type": "Feature",
      "geometry": {
        "type": "Point",
        "coordinates": [
          113.554786,
          22.191913
        ]
      },
      "properties": {
        "osm_id": "node/6994383443",
        "name": "金沙劇場 Sands Theatre",
        "name_zh": "金沙劇場",
        "name_en": "Sands Theatre",
        "name_pt": null,
        "category": "amenity",
        "category_value": "theatre",
        "category_label": "設施",
        "opening_hours": null,
        "cuisine": null,
        "wikidata": null,
        "website": null,
        "ele": null,
        "lat": 22.191913,
        "lng": 113.554786,
        "source": "osm"
      }
    },
    {
      "type": "Feature",
      "geometry": {
        "type": "Point",
        "coordinates": [
          113.547372,
          22.189221
        ]
      },
      "properties": {
        "osm_id": "node/6994383445",
        "name": "吉祥樹表演 Tree of Prosperity Show",
        "name_zh": "吉祥樹表演",
        "name_en": "Tree of Prosperity Show",
        "name_pt": null,
        "category": "tourism",
        "category_value": "attraction",
        "category_label": "觀光",
        "opening_hours": null,
        "cuisine": null,
        "wikidata": null,
        "website": null,
        "ele": null,
        "lat": 22.189221,
        "lng": 113.547372,
        "source": "osm"
      }
    },
    {
      "type": "Feature",
      "geometry": {
        "type": "Point",
        "coordinates": [
          113.545009,
          22.205348
        ]
      },
      "properties": {
        "osm_id": "node/7010286585",
        "name": "紅街市牛雜檔",
        "name_zh": "紅街市牛雜檔",
        "name_en": null,
        "name_pt": null,
        "category": "food",
        "category_value": "restaurant",
        "category_label": "美食",
        "opening_hours": null,
        "cuisine": null,
        "wikidata": null,
        "website": null,
        "ele": null,
        "lat": 22.205348,
        "lng": 113.545009,
        "source": "osm"
      }
    },
    {
      "type": "Feature",
      "geometry": {
        "type": "Point",
        "coordinates": [
          113.545999,
          22.203094
        ]
      },
      "properties": {
        "osm_id": "node/7010286586",
        "name": "成群小食店",
        "name_zh": "成群小食店",
        "name_en": null,
        "name_pt": null,
        "category": "food",
        "category_value": "restaurant",
        "category_label": "美食",
        "opening_hours": "Mo-Su 06:00-23:30",
        "cuisine": "portuguese",
        "wikidata": null,
        "website": null,
        "ele": null,
        "lat": 22.203094,
        "lng": 113.545999,
        "source": "osm"
      }
    },
    {
      "type": "Feature",
      "geometry": {
        "type": "Point",
        "coordinates": [
          113.537659,
          22.194387
        ]
      },
      "properties": {
        "osm_id": "node/7010286587",
        "name": "譚家魚翅",
        "name_zh": "譚家魚翅",
        "name_en": null,
        "name_pt": null,
        "category": "food",
        "category_value": "fast_food",
        "category_label": "美食",
        "opening_hours": null,
        "cuisine": null,
        "wikidata": null,
        "website": null,
        "ele": null,
        "lat": 22.194387,
        "lng": 113.537659,
        "source": "osm"
      }
    },
    {
      "type": "Feature",
      "geometry": {
        "type": "Point",
        "coordinates": [
          113.557044,
          22.153514
        ]
      },
      "properties": {
        "osm_id": "node/7013145485",
        "name": "官也街誠昌水蟹粥",
        "name_zh": "官也街誠昌水蟹粥",
        "name_en": null,
        "name_pt": null,
        "category": "food",
        "category_value": "restaurant",
        "category_label": "美食",
        "opening_hours": null,
        "cuisine": null,
        "wikidata": null,
        "website": null,
        "ele": null,
        "lat": 22.153514,
        "lng": 113.557044,
        "source": "osm"
      }
    },
    {
      "type": "Feature",
      "geometry": {
        "type": "Point",
        "coordinates": [
          113.566885,
          22.148708
        ]
      },
      "properties": {
        "osm_id": "node/7133586513",
        "name": "鼎泰丰",
        "name_zh": "鼎泰丰",
        "name_en": "Din Tai Fung",
        "name_pt": null,
        "category": "food",
        "category_value": "restaurant",
        "category_label": "美食",
        "opening_hours": null,
        "cuisine": "taiwanese",
        "wikidata": null,
        "website": null,
        "ele": null,
        "lat": 22.148708,
        "lng": 113.566885,
        "source": "osm"
      }
    },
    {
      "type": "Feature",
      "geometry": {
        "type": "Point",
        "coordinates": [
          113.571262,
          22.14831
        ]
      },
      "properties": {
        "osm_id": "node/7137067921",
        "name": "North Flower Wheel",
        "name_zh": "North Flower Wheel",
        "name_en": null,
        "name_pt": null,
        "category": "tourism",
        "category_value": "attraction",
        "category_label": "觀光",
        "opening_hours": null,
        "cuisine": null,
        "wikidata": null,
        "website": null,
        "ele": null,
        "lat": 22.14831,
        "lng": 113.571262,
        "source": "osm"
      }
    },
    {
      "type": "Feature",
      "geometry": {
        "type": "Point",
        "coordinates": [
          113.571171,
          22.147013
        ]
      },
      "properties": {
        "osm_id": "node/7137067922",
        "name": "South Flower Wheel",
        "name_zh": "South Flower Wheel",
        "name_en": null,
        "name_pt": null,
        "category": "tourism",
        "category_value": "attraction",
        "category_label": "觀光",
        "opening_hours": null,
        "cuisine": null,
        "wikidata": null,
        "website": null,
        "ele": null,
        "lat": 22.147013,
        "lng": 113.571171,
        "source": "osm"
      }
    },
    {
      "type": "Feature",
      "geometry": {
        "type": "Point",
        "coordinates": [
          113.572301,
          22.148895
        ]
      },
      "properties": {
        "osm_id": "node/7137067923",
        "name": "Illuminarium幻影空間",
        "name_zh": "Illuminarium幻影空間",
        "name_en": "Illuminarium",
        "name_pt": null,
        "category": "tourism",
        "category_value": "gallery",
        "category_label": "觀光",
        "opening_hours": null,
        "cuisine": null,
        "wikidata": null,
        "website": null,
        "ele": null,
        "lat": 22.148895,
        "lng": 113.572301,
        "source": "osm"
      }
    },
    {
      "type": "Feature",
      "geometry": {
        "type": "Point",
        "coordinates": [
          113.556963,
          22.153532
        ]
      },
      "properties": {
        "osm_id": "node/7137075986",
        "name": "Great Pork Chop Sandwich",
        "name_zh": "Great Pork Chop Sandwich",
        "name_en": "Great Pork Chop Sandwich",
        "name_pt": null,
        "category": "food",
        "category_value": "fast_food",
        "category_label": "美食",
        "opening_hours": null,
        "cuisine": null,
        "wikidata": null,
        "website": null,
        "ele": null,
        "lat": 22.153532,
        "lng": 113.556963,
        "source": "osm"
      }
    },
    {
      "type": "Feature",
      "geometry": {
        "type": "Point",
        "coordinates": [
          113.548568,
          22.195804
        ]
      },
      "properties": {
        "osm_id": "node/7299435085",
        "name": "花心公子",
        "name_zh": "花心公子",
        "name_en": null,
        "name_pt": null,
        "category": "food",
        "category_value": "bar",
        "category_label": "美食",
        "opening_hours": null,
        "cuisine": null,
        "wikidata": null,
        "website": null,
        "ele": null,
        "lat": 22.195804,
        "lng": 113.548568,
        "source": "osm"
      }
    },
    {
      "type": "Feature",
      "geometry": {
        "type": "Point",
        "coordinates": [
          113.553652,
          22.160676
        ]
      },
      "properties": {
        "osm_id": "node/7455731878",
        "name": "宜家家居餐廳",
        "name_zh": "宜家家居餐廳",
        "name_en": "IKEA Restaurant",
        "name_pt": null,
        "category": "food",
        "category_value": "fast_food",
        "category_label": "美食",
        "opening_hours": null,
        "cuisine": "swedish",
        "wikidata": null,
        "website": null,
        "ele": null,
        "lat": 22.160676,
        "lng": 113.553652,
        "source": "osm"
      }
    },
    {
      "type": "Feature",
      "geometry": {
        "type": "Point",
        "coordinates": [
          113.531598,
          22.181482
        ]
      },
      "properties": {
        "osm_id": "node/7503544531",
        "name": "半邊橙 Meia Laranja",
        "name_zh": "半邊橙",
        "name_en": null,
        "name_pt": "Meia Laranja",
        "category": "tourism",
        "category_value": "viewpoint",
        "category_label": "觀光",
        "opening_hours": null,
        "cuisine": null,
        "wikidata": null,
        "website": null,
        "ele": null,
        "lat": 22.181482,
        "lng": 113.531598,
        "source": "osm"
      }
    },
    {
      "type": "Feature",
      "geometry": {
        "type": "Point",
        "coordinates": [
          113.588087,
          22.127821
        ]
      },
      "properties": {
        "osm_id": "node/7503609200",
        "name": "蝙蝠洞 Caverna do Morcego",
        "name_zh": "蝙蝠洞",
        "name_en": "Bat Cave",
        "name_pt": "Caverna do Morcego",
        "category": "natural",
        "category_value": "cave_entrance",
        "category_label": "自然",
        "opening_hours": null,
        "cuisine": null,
        "wikidata": null,
        "website": null,
        "ele": null,
        "lat": 22.127821,
        "lng": 113.588087,
        "source": "osm"
      }
    },
    {
      "type": "Feature",
      "geometry": {
        "type": "Point",
        "coordinates": [
          113.59026,
          22.128378
        ]
      },
      "properties": {
        "osm_id": "node/7503609201",
        "name": "麻鷹洞 Caverna do Milhafre-preto",
        "name_zh": "麻鷹洞",
        "name_en": "Black Kite Cave",
        "name_pt": "Caverna do Milhafre-preto",
        "category": "natural",
        "category_value": "cave_entrance",
        "category_label": "自然",
        "opening_hours": null,
        "cuisine": null,
        "wikidata": null,
        "website": null,
        "ele": null,
        "lat": 22.128378,
        "lng": 113.59026,
        "source": "osm"
      }
    },
    {
      "type": "Feature",
      "geometry": {
        "type": "Point",
        "coordinates": [
          113.572799,
          22.133688
        ]
      },
      "properties": {
        "osm_id": "node/7503645131",
        "name": "成功嶺 Pico de Sucesso",
        "name_zh": "成功嶺",
        "name_en": "Success Peak",
        "name_pt": "Pico de Sucesso",
        "category": "natural",
        "category_value": "peak",
        "category_label": "自然",
        "opening_hours": null,
        "cuisine": null,
        "wikidata": null,
        "website": null,
        "ele": "114.8",
        "lat": 22.133688,
        "lng": 113.572799,
        "source": "osm"
      }
    },
    {
      "type": "Feature",
      "geometry": {
        "type": "Point",
        "coordinates": [
          113.558423,
          22.163868
        ]
      },
      "properties": {
        "osm_id": "node/7530994918",
        "name": "北澳山",
        "name_zh": "北澳山",
        "name_en": null,
        "name_pt": null,
        "category": "natural",
        "category_value": "peak",
        "category_label": "自然",
        "opening_hours": null,
        "cuisine": null,
        "wikidata": null,
        "website": null,
        "ele": "58.5",
        "lat": 22.163868,
        "lng": 113.558423,
        "source": "osm"
      }
    },
    {
      "type": "Feature",
      "geometry": {
        "type": "Point",
        "coordinates": [
          113.556407,
          22.152385
        ]
      },
      "properties": {
        "osm_id": "node/7543661354",
        "name": "復原所 Canhão Revólver",
        "name_zh": "復原所",
        "name_en": null,
        "name_pt": "Canhão Revólver",
        "category": "natural",
        "category_value": "peak",
        "category_label": "自然",
        "opening_hours": null,
        "cuisine": null,
        "wikidata": null,
        "website": null,
        "ele": "34.1",
        "lat": 22.152385,
        "lng": 113.556407,
        "source": "osm"
      }
    },
    {
      "type": "Feature",
      "geometry": {
        "type": "Point",
        "coordinates": [
          113.542187,
          22.196839
        ]
      },
      "properties": {
        "osm_id": "node/7543685216",
        "name": "大炮台山 Monte",
        "name_zh": "大炮台山",
        "name_en": null,
        "name_pt": "Monte",
        "category": "natural",
        "category_value": "peak",
        "category_label": "自然",
        "opening_hours": null,
        "cuisine": null,
        "wikidata": null,
        "website": null,
        "ele": "57.3",
        "lat": 22.196839,
        "lng": 113.542187,
        "source": "osm"
      }
    },
    {
      "type": "Feature",
      "geometry": {
        "type": "Point",
        "coordinates": [
          113.562715,
          22.112344
        ]
      },
      "properties": {
        "osm_id": "node/7596075839",
        "name": "竹灣眺望台 Miradouro de Cheoc Van",
        "name_zh": "竹灣眺望台",
        "name_en": "Cheoc Van Viewing Platform",
        "name_pt": "Miradouro de Cheoc Van",
        "category": "tourism",
        "category_value": "viewpoint",
        "category_label": "觀光",
        "opening_hours": null,
        "cuisine": null,
        "wikidata": null,
        "website": null,
        "ele": null,
        "lat": 22.112344,
        "lng": 113.562715,
        "source": "osm"
      }
    },
    {
      "type": "Feature",
      "geometry": {
        "type": "Point",
        "coordinates": [
          113.544813,
          22.191613
        ]
      },
      "properties": {
        "osm_id": "node/7648183555",
        "name": "澳門保安部隊博物館 Museu das Forças de Segurança de Macau",
        "name_zh": "澳門保安部隊博物館",
        "name_en": "Security Forces Museum of Macau",
        "name_pt": "Museu das Forças de Segurança de Macau",
        "category": "tourism",
        "category_value": "museum",
        "category_label": "觀光",
        "opening_hours": null,
        "cuisine": null,
        "wikidata": "Q15914752",
        "website": null,
        "ele": null,
        "lat": 22.191613,
        "lng": 113.544813,
        "source": "osm"
      }
    },
    {
      "type": "Feature",
      "geometry": {
        "type": "Point",
        "coordinates": [
          113.548728,
          22.19869
        ]
      },
      "properties": {
        "osm_id": "node/7654791294",
        "name": "得勝紀念碑 Monumento da Vitória",
        "name_zh": "得勝紀念碑",
        "name_en": "Victory Monument",
        "name_pt": "Monumento da Vitória",
        "category": "historic",
        "category_value": "memorial",
        "category_label": "歷史",
        "opening_hours": null,
        "cuisine": null,
        "wikidata": null,
        "website": null,
        "ele": null,
        "lat": 22.19869,
        "lng": 113.548728,
        "source": "osm"
      }
    },
    {
      "type": "Feature",
      "geometry": {
        "type": "Point",
        "coordinates": [
          113.557579,
          22.206149
        ]
      },
      "properties": {
        "osm_id": "node/7657892180",
        "name": "After 3 Bar",
        "name_zh": "After 3 Bar",
        "name_en": "After 3 Bar",
        "name_pt": null,
        "category": "food",
        "category_value": "bar",
        "category_label": "美食",
        "opening_hours": null,
        "cuisine": null,
        "wikidata": null,
        "website": null,
        "ele": null,
        "lat": 22.206149,
        "lng": 113.557579,
        "source": "osm"
      }
    },
    {
      "type": "Feature",
      "geometry": {
        "type": "Point",
        "coordinates": [
          113.558671,
          22.156733
        ]
      },
      "properties": {
        "osm_id": "node/7663837485",
        "name": "优食家",
        "name_zh": "优食家",
        "name_en": null,
        "name_pt": null,
        "category": "food",
        "category_value": "restaurant",
        "category_label": "美食",
        "opening_hours": "Mo-Su 11:15-21:00",
        "cuisine": "beef_bowl;ramen",
        "wikidata": null,
        "website": null,
        "ele": null,
        "lat": 22.156733,
        "lng": 113.558671,
        "source": "osm"
      }
    },
    {
      "type": "Feature",
      "geometry": {
        "type": "Point",
        "coordinates": [
          113.552848,
          22.196433
        ]
      },
      "properties": {
        "osm_id": "node/7668244537",
        "name": "蓮花雕像 Estátua de Lotus",
        "name_zh": "蓮花雕像",
        "name_en": "Lotus Statue",
        "name_pt": "Estátua de Lotus",
        "category": "historic",
        "category_value": "monument",
        "category_label": "歷史",
        "opening_hours": null,
        "cuisine": null,
        "wikidata": null,
        "website": null,
        "ele": null,
        "lat": 22.196433,
        "lng": 113.552848,
        "source": "osm"
      }
    },
    {
      "type": "Feature",
      "geometry": {
        "type": "Point",
        "coordinates": [
          113.55241,
          22.20394
        ]
      },
      "properties": {
        "osm_id": "node/7671255495",
        "name": "聖若望鮑思高塑像 San Giovanni Bosco Statue",
        "name_zh": "聖若望鮑思高塑像",
        "name_en": "San Giovanni Bosco Statue",
        "name_pt": null,
        "category": "tourism",
        "category_value": "artwork",
        "category_label": "觀光",
        "opening_hours": null,
        "cuisine": null,
        "wikidata": null,
        "website": null,
        "ele": null,
        "lat": 22.20394,
        "lng": 113.55241,
        "source": "osm"
      }
    },
    {
      "type": "Feature",
      "geometry": {
        "type": "Point",
        "coordinates": [
          113.540913,
          22.196733
        ]
      },
      "properties": {
        "osm_id": "node/7671393327",
        "name": "男與女 Homens e Mulheres",
        "name_zh": "男與女",
        "name_en": "Men and Women",
        "name_pt": "Homens e Mulheres",
        "category": "historic",
        "category_value": "monument",
        "category_label": "歷史",
        "opening_hours": null,
        "cuisine": null,
        "wikidata": null,
        "website": null,
        "ele": null,
        "lat": 22.196733,
        "lng": 113.540913,
        "source": "osm"
      }
    },
    {
      "type": "Feature",
      "geometry": {
        "type": "Point",
        "coordinates": [
          113.55468,
          22.16258
        ]
      },
      "properties": {
        "osm_id": "node/7671450047",
        "name": "宋玉生 Dr. Carlos Augusto Corrêa Paes d’Assumpção",
        "name_zh": "宋玉生",
        "name_en": null,
        "name_pt": "Dr. Carlos Augusto Corrêa Paes d’Assumpção",
        "category": "tourism",
        "category_value": "artwork",
        "category_label": "觀光",
        "opening_hours": null,
        "cuisine": null,
        "wikidata": null,
        "website": null,
        "ele": null,
        "lat": 22.16258,
        "lng": 113.55468,
        "source": "osm"
      }
    },
    {
      "type": "Feature",
      "geometry": {
        "type": "Point",
        "coordinates": [
          113.562923,
          22.13153
        ]
      },
      "properties": {
        "osm_id": "node/7671526074",
        "name": "聖母像及拜苦路碑 Estátua de Nossa Senhora e placas de Via-Sacra",
        "name_zh": "聖母像及拜苦路碑",
        "name_en": null,
        "name_pt": "Estátua de Nossa Senhora e placas de Via-Sacra",
        "category": "historic",
        "category_value": "memorial",
        "category_label": "歷史",
        "opening_hours": null,
        "cuisine": null,
        "wikidata": null,
        "website": null,
        "ele": null,
        "lat": 22.13153,
        "lng": 113.562923,
        "source": "osm"
      }
    },
    {
      "type": "Feature",
      "geometry": {
        "type": "Point",
        "coordinates": [
          113.563816,
          22.148566
        ]
      },
      "properties": {
        "osm_id": "node/7672507059",
        "name": "蛇 (十二生肖雕塑) Serpente (Esculturas do 12 Signos Chineses)",
        "name_zh": "蛇 (十二生肖雕塑)",
        "name_en": "Snake (Sculptures of the 12 Chinese Zodiac)",
        "name_pt": "Serpente (Esculturas do 12 Signos Chineses)",
        "category": "tourism",
        "category_value": "artwork",
        "category_label": "觀光",
        "opening_hours": null,
        "cuisine": null,
        "wikidata": null,
        "website": null,
        "ele": null,
        "lat": 22.148566,
        "lng": 113.563816,
        "source": "osm"
      }
    },
    {
      "type": "Feature",
      "geometry": {
        "type": "Point",
        "coordinates": [
          113.563787,
          22.147761
        ]
      },
      "properties": {
        "osm_id": "node/7672507060",
        "name": "馬 (十二生肖雕塑) Cavalo (Esculturas do 12 Signos Chineses)",
        "name_zh": "馬 (十二生肖雕塑)",
        "name_en": "Horse (Sculptures of the 12 Chinese Zodiac)",
        "name_pt": "Cavalo (Esculturas do 12 Signos Chineses)",
        "category": "tourism",
        "category_value": "artwork",
        "category_label": "觀光",
        "opening_hours": null,
        "cuisine": null,
        "wikidata": null,
        "website": null,
        "ele": null,
        "lat": 22.147761,
        "lng": 113.563787,
        "source": "osm"
      }
    },
    {
      "type": "Feature",
      "geometry": {
        "type": "Point",
        "coordinates": [
          113.563709,
          22.146174
        ]
      },
      "properties": {
        "osm_id": "node/7672507061",
        "name": "猴 (十二生肖雕塑) Macaco (Esculturas do 12 Signos Chineses)",
        "name_zh": "猴 (十二生肖雕塑)",
        "name_en": "Monkey (Sculptures of the 12 Chinese Zodiac)",
        "name_pt": "Macaco (Esculturas do 12 Signos Chineses)",
        "category": "tourism",
        "category_value": "artwork",
        "category_label": "觀光",
        "opening_hours": null,
        "cuisine": null,
        "wikidata": null,
        "website": null,
        "ele": null,
        "lat": 22.146174,
        "lng": 113.563709,
        "source": "osm"
      }
    },
    {
      "type": "Feature",
      "geometry": {
        "type": "Point",
        "coordinates": [
          113.563748,
          22.146946
        ]
      },
      "properties": {
        "osm_id": "node/7672507062",
        "name": "羊 (十二生肖雕塑) Cabra (Esculturas do 12 Signos Chineses)",
        "name_zh": "羊 (十二生肖雕塑)",
        "name_en": "Goat (Sculptures of the 12 Chinese Zodiac)",
        "name_pt": "Cabra (Esculturas do 12 Signos Chineses)",
        "category": "tourism",
        "category_value": "artwork",
        "category_label": "觀光",
        "opening_hours": null,
        "cuisine": null,
        "wikidata": null,
        "website": null,
        "ele": null,
        "lat": 22.146946,
        "lng": 113.563748,
        "source": "osm"
      }
    },
    {
      "type": "Feature",
      "geometry": {
        "type": "Point",
        "coordinates": [
          113.563669,
          22.145377
        ]
      },
      "properties": {
        "osm_id": "node/7672507063",
        "name": "雞 (十二生肖雕塑) Galo (Esculturas do 12 Signos Chineses)",
        "name_zh": "雞 (十二生肖雕塑)",
        "name_en": "Rooster (Sculptures of the 12 Chinese Zodiac)",
        "name_pt": "Galo (Esculturas do 12 Signos Chineses)",
        "category": "tourism",
        "category_value": "artwork",
        "category_label": "觀光",
        "opening_hours": null,
        "cuisine": null,
        "wikidata": null,
        "website": null,
        "ele": null,
        "lat": 22.145377,
        "lng": 113.563669,
        "source": "osm"
      }
    },
    {
      "type": "Feature",
      "geometry": {
        "type": "Point",
        "coordinates": [
          113.563631,
          22.144591
        ]
      },
      "properties": {
        "osm_id": "node/7672507064",
        "name": "狗 (十二生肖雕塑) Cão (Esculturas do 12 Signos Chineses)",
        "name_zh": "狗 (十二生肖雕塑)",
        "name_en": "Dog (Sculptures of the 12 Chinese Zodiac)",
        "name_pt": "Cão (Esculturas do 12 Signos Chineses)",
        "category": "tourism",
        "category_value": "artwork",
        "category_label": "觀光",
        "opening_hours": null,
        "cuisine": null,
        "wikidata": null,
        "website": null,
        "ele": null,
        "lat": 22.144591,
        "lng": 113.563631,
        "source": "osm"
      }
    },
    {
      "type": "Feature",
      "geometry": {
        "type": "Point",
        "coordinates": [
          113.563583,
          22.143741
        ]
      },
      "properties": {
        "osm_id": "node/7672507065",
        "name": "豬 (十二生肖雕塑) Porco (Esculturas do 12 Signos Chineses)",
        "name_zh": "豬 (十二生肖雕塑)",
        "name_en": "Pig (Sculptures of the 12 Chinese Zodiac)",
        "name_pt": "Porco (Esculturas do 12 Signos Chineses)",
        "category": "tourism",
        "category_value": "artwork",
        "category_label": "觀光",
        "opening_hours": null,
        "cuisine": null,
        "wikidata": null,
        "website": null,
        "ele": null,
        "lat": 22.143741,
        "lng": 113.563583,
        "source": "osm"
      }
    },
    {
      "type": "Feature",
      "geometry": {
        "type": "Point",
        "coordinates": [
          113.56354,
          22.142989
        ]
      },
      "properties": {
        "osm_id": "node/7672507066",
        "name": "鼠 (十二生肖雕塑) Rato (Esculturas do 12 Signos Chineses)",
        "name_zh": "鼠 (十二生肖雕塑)",
        "name_en": "Rat (Sculptures of the 12 Chinese Zodiac)",
        "name_pt": "Rato (Esculturas do 12 Signos Chineses)",
        "category": "tourism",
        "category_value": "artwork",
        "category_label": "觀光",
        "opening_hours": null,
        "cuisine": null,
        "wikidata": null,
        "website": null,
        "ele": null,
        "lat": 22.142989,
        "lng": 113.56354,
        "source": "osm"
      }
    },
    {
      "type": "Feature",
      "geometry": {
        "type": "Point",
        "coordinates": [
          113.563518,
          22.142206
        ]
      },
      "properties": {
        "osm_id": "node/7672507067",
        "name": "牛 (十二生肖雕塑) Boi (Esculturas do 12 Signos Chineses)",
        "name_zh": "牛 (十二生肖雕塑)",
        "name_en": "Ox (Sculptures of the 12 Chinese Zodiac)",
        "name_pt": "Boi (Esculturas do 12 Signos Chineses)",
        "category": "tourism",
        "category_value": "artwork",
        "category_label": "觀光",
        "opening_hours": null,
        "cuisine": null,
        "wikidata": null,
        "website": null,
        "ele": null,
        "lat": 22.142206,
        "lng": 113.563518,
        "source": "osm"
      }
    },
    {
      "type": "Feature",
      "geometry": {
        "type": "Point",
        "coordinates": [
          113.563481,
          22.141421
        ]
      },
      "properties": {
        "osm_id": "node/7672507068",
        "name": "虎 (十二生肖雕塑) Tigre (Esculturas do 12 Signos Chineses)",
        "name_zh": "虎 (十二生肖雕塑)",
        "name_en": "Tiger (Sculptures of the 12 Chinese Zodiac)",
        "name_pt": "Tigre (Esculturas do 12 Signos Chineses)",
        "category": "tourism",
        "category_value": "artwork",
        "category_label": "觀光",
        "opening_hours": null,
        "cuisine": null,
        "wikidata": null,
        "website": null,
        "ele": null,
        "lat": 22.141421,
        "lng": 113.563481,
        "source": "osm"
      }
    },
    {
      "type": "Feature",
      "geometry": {
        "type": "Point",
        "coordinates": [
          113.563446,
          22.140611
        ]
      },
      "properties": {
        "osm_id": "node/7672507069",
        "name": "兔 (十二生肖雕塑) Coelho (Esculturas do 12 Signos Chineses)",
        "name_zh": "兔 (十二生肖雕塑)",
        "name_en": "Rabbit (Sculptures of the 12 Chinese Zodiac)",
        "name_pt": "Coelho (Esculturas do 12 Signos Chineses)",
        "category": "tourism",
        "category_value": "artwork",
        "category_label": "觀光",
        "opening_hours": null,
        "cuisine": null,
        "wikidata": null,
        "website": null,
        "ele": null,
        "lat": 22.140611,
        "lng": 113.563446,
        "source": "osm"
      }
    },
    {
      "type": "Feature",
      "geometry": {
        "type": "Point",
        "coordinates": [
          113.56386,
          22.149357
        ]
      },
      "properties": {
        "osm_id": "node/7672507070",
        "name": "龍 (十二生肖雕塑) Dragão (Esculturas do 12 Signos Chineses)",
        "name_zh": "龍 (十二生肖雕塑)",
        "name_en": "Dragon (Sculptures of the 12 Chinese Zodiac)",
        "name_pt": "Dragão (Esculturas do 12 Signos Chineses)",
        "category": "tourism",
        "category_value": "artwork",
        "category_label": "觀光",
        "opening_hours": null,
        "cuisine": null,
        "wikidata": null,
        "website": null,
        "ele": null,
        "lat": 22.149357,
        "lng": 113.56386,
        "source": "osm"
      }
    },
    {
      "type": "Feature",
      "geometry": {
        "type": "Point",
        "coordinates": [
          113.55645,
          22.15617
        ]
      },
      "properties": {
        "osm_id": "node/7684121385",
        "name": "彪記 Piu Kei",
        "name_zh": "彪記 Piu Kei",
        "name_en": null,
        "name_pt": null,
        "category": "food",
        "category_value": "restaurant",
        "category_label": "美食",
        "opening_hours": "Mo-Su 07:00-03:00",
        "cuisine": null,
        "wikidata": null,
        "website": null,
        "ele": null,
        "lat": 22.15617,
        "lng": 113.55645,
        "source": "osm"
      }
    },
    {
      "type": "Feature",
      "geometry": {
        "type": "Point",
        "coordinates": [
          113.546048,
          22.164512
        ]
      },
      "properties": {
        "osm_id": "node/7709290038",
        "name": "十字門水道紅樹林濕地 Zona Húmida de Mangue do Canal de Shizimen",
        "name_zh": "十字門水道紅樹林濕地",
        "name_en": "Shizimen Channel Mangrove Wetland",
        "name_pt": "Zona Húmida de Mangue do Canal de Shizimen",
        "category": "leisure",
        "category_value": "nature_reserve",
        "category_label": "休閒",
        "opening_hours": null,
        "cuisine": null,
        "wikidata": null,
        "website": null,
        "ele": null,
        "lat": 22.164512,
        "lng": 113.546048,
        "source": "osm"
      }
    },
    {
      "type": "Feature",
      "geometry": {
        "type": "Point",
        "coordinates": [
          113.55123,
          22.195345
        ]
      },
      "properties": {
        "osm_id": "node/7714213164",
        "name": "海之聖母眺望台 Miradouro de Nossa Senhora do Mar",
        "name_zh": "海之聖母眺望台",
        "name_en": null,
        "name_pt": "Miradouro de Nossa Senhora do Mar",
        "category": "tourism",
        "category_value": "viewpoint",
        "category_label": "觀光",
        "opening_hours": null,
        "cuisine": null,
        "wikidata": null,
        "website": null,
        "ele": null,
        "lat": 22.195345,
        "lng": 113.55123,
        "source": "osm"
      }
    },
    {
      "type": "Feature",
      "geometry": {
        "type": "Point",
        "coordinates": [
          113.544226,
          22.132964
        ]
      },
      "properties": {
        "osm_id": "node/7729882691",
        "name": "博雅之璧 A Muralha da Grande Sabedoria",
        "name_zh": "博雅之璧",
        "name_en": "the Wall of Great Wisdom",
        "name_pt": "A Muralha da Grande Sabedoria",
        "category": "tourism",
        "category_value": "artwork",
        "category_label": "觀光",
        "opening_hours": null,
        "cuisine": null,
        "wikidata": null,
        "website": null,
        "ele": null,
        "lat": 22.132964,
        "lng": 113.544226,
        "source": "osm"
      }
    },
    {
      "type": "Feature",
      "geometry": {
        "type": "Point",
        "coordinates": [
          113.536794,
          22.179813
        ]
      },
      "properties": {
        "osm_id": "node/7914304898",
        "name": "澳門旅遊塔 Torre de Macau",
        "name_zh": "澳門旅遊塔 Torre de Macau",
        "name_en": "Macau Tower",
        "name_pt": "Torre de Macau",
        "category": "man_made",
        "category_value": "tower",
        "category_label": "地標",
        "opening_hours": "Mo-Fr 10:00-21:00",
        "cuisine": null,
        "wikidata": "Q1568304",
        "website": null,
        "ele": null,
        "lat": 22.179813,
        "lng": 113.536794,
        "source": "osm"
      }
    },
    {
      "type": "Feature",
      "geometry": {
        "type": "Point",
        "coordinates": [
          113.576977,
          22.128673
        ]
      },
      "properties": {
        "osm_id": "node/8231420139",
        "name": "九澳高頂眺望台 Miradouro do Altinho de Ká Hó",
        "name_zh": "九澳高頂眺望台",
        "name_en": "Ká Hó Viewing Platform",
        "name_pt": "Miradouro do Altinho de Ká Hó",
        "category": "tourism",
        "category_value": "viewpoint",
        "category_label": "觀光",
        "opening_hours": null,
        "cuisine": null,
        "wikidata": null,
        "website": null,
        "ele": null,
        "lat": 22.128673,
        "lng": 113.576977,
        "source": "osm"
      }
    },
    {
      "type": "Feature",
      "geometry": {
        "type": "Point",
        "coordinates": [
          113.556762,
          22.212652
        ]
      },
      "properties": {
        "osm_id": "node/8528888150",
        "name": "愛找餐 Just like to eat",
        "name_zh": "愛找餐",
        "name_en": "Just like to eat",
        "name_pt": null,
        "category": "food",
        "category_value": "restaurant",
        "category_label": "美食",
        "opening_hours": null,
        "cuisine": null,
        "wikidata": null,
        "website": null,
        "ele": null,
        "lat": 22.212652,
        "lng": 113.556762,
        "source": "osm"
      }
    },
    {
      "type": "Feature",
      "geometry": {
        "type": "Point",
        "coordinates": [
          113.547579,
          22.202249
        ]
      },
      "properties": {
        "osm_id": "node/8794947343",
        "name": "馬里奧餅店 Padaria New Mario",
        "name_zh": "馬里奧餅店",
        "name_en": null,
        "name_pt": "Padaria New Mario",
        "category": "food",
        "category_value": "shop=bakery",
        "category_label": "美食",
        "opening_hours": null,
        "cuisine": null,
        "wikidata": null,
        "website": null,
        "ele": null,
        "lat": 22.202249,
        "lng": 113.547579,
        "source": "osm"
      }
    },
    {
      "type": "Feature",
      "geometry": {
        "type": "Point",
        "coordinates": [
          113.553804,
          22.208901
        ]
      },
      "properties": {
        "osm_id": "node/8795014600",
        "name": "Cafe Free 自由咖啡",
        "name_zh": "自由咖啡",
        "name_en": "Cafe Free",
        "name_pt": null,
        "category": "food",
        "category_value": "shop=bakery",
        "category_label": "美食",
        "opening_hours": null,
        "cuisine": null,
        "wikidata": null,
        "website": null,
        "ele": null,
        "lat": 22.208901,
        "lng": 113.553804,
        "source": "osm"
      }
    },
    {
      "type": "Feature",
      "geometry": {
        "type": "Point",
        "coordinates": [
          113.542732,
          22.210515
        ]
      },
      "properties": {
        "osm_id": "node/8843766393",
        "name": "美居大酒樓 Restaurante Mayfair",
        "name_zh": "美居大酒樓",
        "name_en": "Mayfair Restaurtant",
        "name_pt": "Restaurante Mayfair",
        "category": "food",
        "category_value": "restaurant",
        "category_label": "美食",
        "opening_hours": null,
        "cuisine": "chinese",
        "wikidata": null,
        "website": null,
        "ele": null,
        "lat": 22.210515,
        "lng": 113.542732,
        "source": "osm"
      }
    },
    {
      "type": "Feature",
      "geometry": {
        "type": "Point",
        "coordinates": [
          113.557703,
          22.15815
        ]
      },
      "properties": {
        "osm_id": "node/8866082718",
        "name": "熊野日本料理",
        "name_zh": "熊野日本料理",
        "name_en": "Kumano",
        "name_pt": null,
        "category": "food",
        "category_value": "restaurant",
        "category_label": "美食",
        "opening_hours": null,
        "cuisine": null,
        "wikidata": null,
        "website": null,
        "ele": null,
        "lat": 22.15815,
        "lng": 113.557703,
        "source": "osm"
      }
    },
    {
      "type": "Feature",
      "geometry": {
        "type": "Point",
        "coordinates": [
          113.555325,
          22.207053
        ]
      },
      "properties": {
        "osm_id": "node/8868269317",
        "name": "愛甜品冰室",
        "name_zh": "愛甜品冰室",
        "name_en": null,
        "name_pt": null,
        "category": "food",
        "category_value": "restaurant",
        "category_label": "美食",
        "opening_hours": "Mo-Su 11:30-01:30",
        "cuisine": null,
        "wikidata": null,
        "website": null,
        "ele": null,
        "lat": 22.207053,
        "lng": 113.555325,
        "source": "osm"
      }
    },
    {
      "type": "Feature",
      "geometry": {
        "type": "Point",
        "coordinates": [
          113.556963,
          22.157412
        ]
      },
      "properties": {
        "osm_id": "node/8921497336",
        "name": "弄堂十三",
        "name_zh": "弄堂十三",
        "name_en": null,
        "name_pt": null,
        "category": "food",
        "category_value": "restaurant",
        "category_label": "美食",
        "opening_hours": null,
        "cuisine": "上海菜",
        "wikidata": null,
        "website": null,
        "ele": null,
        "lat": 22.157412,
        "lng": 113.556963,
        "source": "osm"
      }
    },
    {
      "type": "Feature",
      "geometry": {
        "type": "Point",
        "coordinates": [
          113.552854,
          22.14762
        ]
      },
      "properties": {
        "osm_id": "node/8946030645",
        "name": "銀河藝萃 Galaxy Art",
        "name_zh": "銀河藝萃",
        "name_en": "Galaxy Art",
        "name_pt": null,
        "category": "tourism",
        "category_value": "gallery",
        "category_label": "觀光",
        "opening_hours": null,
        "cuisine": null,
        "wikidata": null,
        "website": null,
        "ele": null,
        "lat": 22.14762,
        "lng": 113.552854,
        "source": "osm"
      }
    },
    {
      "type": "Feature",
      "geometry": {
        "type": "Point",
        "coordinates": [
          113.57314,
          22.142106
        ]
      },
      "properties": {
        "osm_id": "node/8993484802",
        "name": "葡京人夜市 Night Market @ Lisboeta",
        "name_zh": "葡京人夜市",
        "name_en": "Night Market @ Lisboeta",
        "name_pt": null,
        "category": "food",
        "category_value": "food_court",
        "category_label": "美食",
        "opening_hours": null,
        "cuisine": null,
        "wikidata": null,
        "website": null,
        "ele": null,
        "lat": 22.142106,
        "lng": 113.57314,
        "source": "osm"
      }
    },
    {
      "type": "Feature",
      "geometry": {
        "type": "Point",
        "coordinates": [
          113.568345,
          22.146677
        ]
      },
      "properties": {
        "osm_id": "node/8999397554",
        "name": "Starbucks Reserve",
        "name_zh": "Starbucks Reserve",
        "name_en": null,
        "name_pt": null,
        "category": "food",
        "category_value": "cafe",
        "category_label": "美食",
        "opening_hours": null,
        "cuisine": "coffee_shop",
        "wikidata": null,
        "website": null,
        "ele": null,
        "lat": 22.146677,
        "lng": 113.568345,
        "source": "osm"
      }
    },
    {
      "type": "Feature",
      "geometry": {
        "type": "Point",
        "coordinates": [
          113.553228,
          22.157475
        ]
      },
      "properties": {
        "osm_id": "node/9097161101",
        "name": "聖公會澳門聖士提反堂 St. Stephen's Church, Macau",
        "name_zh": "聖公會澳門聖士提反堂",
        "name_en": "St. Stephen's Church, Macau",
        "name_pt": null,
        "category": "amenity",
        "category_value": "place_of_worship",
        "category_label": "設施",
        "opening_hours": null,
        "cuisine": null,
        "wikidata": "Q122945228",
        "website": null,
        "ele": null,
        "lat": 22.157475,
        "lng": 113.553228,
        "source": "osm"
      }
    },
    {
      "type": "Feature",
      "geometry": {
        "type": "Point",
        "coordinates": [
          113.558842,
          22.205934
        ]
      },
      "properties": {
        "osm_id": "node/9097245903",
        "name": "聖公會澳門聖保羅堂 St. Paul's Church, Macau",
        "name_zh": "聖公會澳門聖保羅堂",
        "name_en": "St. Paul's Church, Macau",
        "name_pt": null,
        "category": "amenity",
        "category_value": "place_of_worship",
        "category_label": "設施",
        "opening_hours": null,
        "cuisine": null,
        "wikidata": null,
        "website": null,
        "ele": null,
        "lat": 22.205934,
        "lng": 113.558842,
        "source": "osm"
      }
    },
    {
      "type": "Feature",
      "geometry": {
        "type": "Point",
        "coordinates": [
          113.544235,
          22.195054
        ]
      },
      "properties": {
        "osm_id": "node/9097263228",
        "name": "聖公會澳門聖馬可堂 St. Mark's Church, Macau",
        "name_zh": "聖公會澳門聖馬可堂",
        "name_en": "St. Mark's Church, Macau",
        "name_pt": null,
        "category": "amenity",
        "category_value": "place_of_worship",
        "category_label": "設施",
        "opening_hours": null,
        "cuisine": null,
        "wikidata": null,
        "website": null,
        "ele": null,
        "lat": 22.195054,
        "lng": 113.544235,
        "source": "osm"
      }
    },
    {
      "type": "Feature",
      "geometry": {
        "type": "Point",
        "coordinates": [
          113.540411,
          22.193635
        ]
      },
      "properties": {
        "osm_id": "node/9177495304",
        "name": "仁慈堂博物館 Núcleo Museológico da Santa Casa da Misericórdia",
        "name_zh": "仁慈堂博物館",
        "name_en": "Museum of the Holy House of Mercy",
        "name_pt": "Núcleo Museológico da Santa Casa da Misericórdia",
        "category": "tourism",
        "category_value": "museum",
        "category_label": "觀光",
        "opening_hours": null,
        "cuisine": null,
        "wikidata": "Q10883832",
        "website": null,
        "ele": null,
        "lat": 22.193635,
        "lng": 113.540411,
        "source": "osm"
      }
    },
    {
      "type": "Feature",
      "geometry": {
        "type": "Point",
        "coordinates": [
          113.534252,
          22.188755
        ]
      },
      "properties": {
        "osm_id": "node/9177510292",
        "name": "鄭觀應紀念館 Museu Memorial de Zheng Guanying",
        "name_zh": "鄭觀應紀念館",
        "name_en": "Zheng Guanying Memorial Museum",
        "name_pt": "Museu Memorial de Zheng Guanying",
        "category": "tourism",
        "category_value": "museum",
        "category_label": "觀光",
        "opening_hours": null,
        "cuisine": null,
        "wikidata": null,
        "website": null,
        "ele": null,
        "lat": 22.188755,
        "lng": 113.534252,
        "source": "osm"
      }
    },
    {
      "type": "Feature",
      "geometry": {
        "type": "Point",
        "coordinates": [
          113.539523,
          22.201529
        ]
      },
      "properties": {
        "osm_id": "node/9189251472",
        "name": "金大建 Andrew Kim Taegon",
        "name_zh": "金大建",
        "name_en": "Andrew Kim Taegon",
        "name_pt": "Andrew Kim Taegon",
        "category": "tourism",
        "category_value": "artwork",
        "category_label": "觀光",
        "opening_hours": null,
        "cuisine": null,
        "wikidata": null,
        "website": null,
        "ele": null,
        "lat": 22.201529,
        "lng": 113.539523,
        "source": "osm"
      }
    },
    {
      "type": "Feature",
      "geometry": {
        "type": "Point",
        "coordinates": [
          113.553208,
          22.15633
        ]
      },
      "properties": {
        "osm_id": "node/9255023356",
        "name": "勝利在望 O Tento da Vitória",
        "name_zh": "勝利在望",
        "name_en": null,
        "name_pt": "O Tento da Vitória",
        "category": "tourism",
        "category_value": "artwork",
        "category_label": "觀光",
        "opening_hours": null,
        "cuisine": null,
        "wikidata": null,
        "website": null,
        "ele": null,
        "lat": 22.15633,
        "lng": 113.553208,
        "source": "osm"
      }
    },
    {
      "type": "Feature",
      "geometry": {
        "type": "Point",
        "coordinates": [
          113.553509,
          22.156169
        ]
      },
      "properties": {
        "osm_id": "node/9255023357",
        "name": "壯志凌雲 Corpo e Alma",
        "name_zh": "壯志凌雲",
        "name_en": null,
        "name_pt": "Corpo e Alma",
        "category": "tourism",
        "category_value": "artwork",
        "category_label": "觀光",
        "opening_hours": null,
        "cuisine": null,
        "wikidata": null,
        "website": null,
        "ele": null,
        "lat": 22.156169,
        "lng": 113.553509,
        "source": "osm"
      }
    },
    {
      "type": "Feature",
      "geometry": {
        "type": "Point",
        "coordinates": [
          113.550541,
          22.191012
        ]
      },
      "properties": {
        "osm_id": "node/9339462424",
        "name": "樹",
        "name_zh": "樹",
        "name_en": null,
        "name_pt": null,
        "category": "tourism",
        "category_value": "artwork",
        "category_label": "觀光",
        "opening_hours": null,
        "cuisine": null,
        "wikidata": null,
        "website": null,
        "ele": null,
        "lat": 22.191012,
        "lng": 113.550541,
        "source": "osm"
      }
    },
    {
      "type": "Feature",
      "geometry": {
        "type": "Point",
        "coordinates": [
          113.557582,
          22.124398
        ]
      },
      "properties": {
        "osm_id": "node/9467897112",
        "name": "香徑藥谷生態園區及南藥園 Jardim Ecológico do Trilho de Plantas Medicinais e Aromáticas e Jardim de Plantas Medicinais Chinesas do Sul",
        "name_zh": "香徑藥谷生態園區及南藥園",
        "name_en": "Ecological Trail Garden of Medicinal and Aromatic Plants and South China Medicinal Plants Garden",
        "name_pt": "Jardim Ecológico do Trilho de Plantas Medicinais e Aromáticas e Jardim de Plantas Medicinais Chinesas do Sul",
        "category": "leisure",
        "category_value": "garden",
        "category_label": "休閒",
        "opening_hours": null,
        "cuisine": null,
        "wikidata": null,
        "website": null,
        "ele": null,
        "lat": 22.124398,
        "lng": 113.557582,
        "source": "osm"
      }
    },
    {
      "type": "Feature",
      "geometry": {
        "type": "Point",
        "coordinates": [
          113.539885,
          22.192786
        ]
      },
      "properties": {
        "osm_id": "node/9689286317",
        "name": "Larry’s Place",
        "name_zh": null,
        "name_en": "Larry’s Place",
        "name_pt": null,
        "category": "food",
        "category_value": "cafe",
        "category_label": "美食",
        "opening_hours": "Mo-Fr 08:00-17:00; Sa 10:00-14:00",
        "cuisine": "breakfast;coffee_shop;indian;kebab;local",
        "wikidata": null,
        "website": "https://larrysplacemacau.com",
        "ele": null,
        "lat": 22.192786,
        "lng": 113.539885,
        "source": "osm"
      }
    },
    {
      "type": "Feature",
      "geometry": {
        "type": "Point",
        "coordinates": [
          113.569725,
          22.141059
        ]
      },
      "properties": {
        "osm_id": "node/9706451879",
        "name": "揚帆",
        "name_zh": "揚帆",
        "name_en": null,
        "name_pt": null,
        "category": "tourism",
        "category_value": "artwork",
        "category_label": "觀光",
        "opening_hours": null,
        "cuisine": null,
        "wikidata": null,
        "website": null,
        "ele": null,
        "lat": 22.141059,
        "lng": 113.569725,
        "source": "osm"
      }
    },
    {
      "type": "Feature",
      "geometry": {
        "type": "Point",
        "coordinates": [
          113.562163,
          22.146328
        ]
      },
      "properties": {
        "osm_id": "node/9710642421",
        "name": "金沙藝廊 Sands Gallery",
        "name_zh": "金沙藝廊",
        "name_en": "Sands Gallery",
        "name_pt": null,
        "category": "tourism",
        "category_value": "gallery",
        "category_label": "觀光",
        "opening_hours": null,
        "cuisine": null,
        "wikidata": null,
        "website": null,
        "ele": null,
        "lat": 22.146328,
        "lng": 113.562163,
        "source": "osm"
      }
    },
    {
      "type": "Feature",
      "geometry": {
        "type": "Point",
        "coordinates": [
          113.550622,
          22.191683
        ]
      },
      "properties": {
        "osm_id": "node/9729537117",
        "name": "GOTA COFFEE",
        "name_zh": "GOTA COFFEE",
        "name_en": "GOTA COFFEE",
        "name_pt": null,
        "category": "food",
        "category_value": "cafe",
        "category_label": "美食",
        "opening_hours": "Mo-Sa 08:30-20:00",
        "cuisine": "coffee_shop",
        "wikidata": null,
        "website": null,
        "ele": null,
        "lat": 22.191683,
        "lng": 113.550622,
        "source": "osm"
      }
    },
    {
      "type": "Feature",
      "geometry": {
        "type": "Point",
        "coordinates": [
          113.531591,
          22.181499
        ]
      },
      "properties": {
        "osm_id": "node/9843430987",
        "name": "亨利．杜南 Henri Dunant",
        "name_zh": "亨利．杜南",
        "name_en": "Henry Dunant",
        "name_pt": "Henri Dunant",
        "category": "tourism",
        "category_value": "artwork",
        "category_label": "觀光",
        "opening_hours": null,
        "cuisine": null,
        "wikidata": null,
        "website": null,
        "ele": null,
        "lat": 22.181499,
        "lng": 113.531591,
        "source": "osm"
      }
    },
    {
      "type": "Feature",
      "geometry": {
        "type": "Point",
        "coordinates": [
          113.551027,
          22.117014
        ]
      },
      "properties": {
        "osm_id": "node/9908906354",
        "name": "打海盜紀念碑 Placa Comemorativa da Vitória sobre os Piratas",
        "name_zh": "打海盜紀念碑",
        "name_en": "Memorial Tablet for Victory over Sea Pirates",
        "name_pt": "Placa Comemorativa da Vitória sobre os Piratas",
        "category": "historic",
        "category_value": "memorial",
        "category_label": "歷史",
        "opening_hours": null,
        "cuisine": null,
        "wikidata": null,
        "website": null,
        "ele": null,
        "lat": 22.117014,
        "lng": 113.551027,
        "source": "osm"
      }
    },
    {
      "type": "Feature",
      "geometry": {
        "type": "Point",
        "coordinates": [
          113.538551,
          22.188836
        ]
      },
      "properties": {
        "osm_id": "node/9924591797",
        "name": "水上單車 Gaivotas a Pedais",
        "name_zh": "水上單車",
        "name_en": "Pedal Boat",
        "name_pt": "Gaivotas a Pedais",
        "category": "tourism",
        "category_value": "attraction",
        "category_label": "觀光",
        "opening_hours": null,
        "cuisine": null,
        "wikidata": null,
        "website": null,
        "ele": null,
        "lat": 22.188836,
        "lng": 113.538551,
        "source": "osm"
      }
    },
    {
      "type": "Feature",
      "geometry": {
        "type": "Point",
        "coordinates": [
          113.554268,
          22.189626
        ]
      },
      "properties": {
        "osm_id": "node/10054232116",
        "name": "青少年愛國愛澳教育基地 Base da Educação do Amor pela Pátria e por Macau para Jovens",
        "name_zh": "青少年愛國愛澳教育基地",
        "name_en": "Love the Country, Love Macao Educational Basic for the Youth",
        "name_pt": "Base da Educação do Amor pela Pátria e por Macau para Jovens",
        "category": "tourism",
        "category_value": "museum",
        "category_label": "觀光",
        "opening_hours": "Tu-Su 10:00-19:00",
        "cuisine": null,
        "wikidata": null,
        "website": null,
        "ele": null,
        "lat": 22.189626,
        "lng": 113.554268,
        "source": "osm"
      }
    },
    {
      "type": "Feature",
      "geometry": {
        "type": "Point",
        "coordinates": [
          113.554967,
          22.152512
        ]
      },
      "properties": {
        "osm_id": "node/10055245303",
        "name": "Häagen-Dazs",
        "name_zh": "Häagen-Dazs",
        "name_en": null,
        "name_pt": null,
        "category": "food",
        "category_value": "ice_cream",
        "category_label": "美食",
        "opening_hours": null,
        "cuisine": null,
        "wikidata": null,
        "website": null,
        "ele": null,
        "lat": 22.152512,
        "lng": 113.554967,
        "source": "osm"
      }
    },
    {
      "type": "Feature",
      "geometry": {
        "type": "Point",
        "coordinates": [
          113.560478,
          22.147132
        ]
      },
      "properties": {
        "osm_id": "node/10063864600",
        "name": "海底撈火鍋 Haidilao Hot Pot",
        "name_zh": "海底撈火鍋",
        "name_en": "Haidilao Hot Pot",
        "name_pt": null,
        "category": "food",
        "category_value": "restaurant",
        "category_label": "美食",
        "opening_hours": null,
        "cuisine": "chinese;hotpot",
        "wikidata": null,
        "website": null,
        "ele": null,
        "lat": 22.147132,
        "lng": 113.560478,
        "source": "osm"
      }
    },
    {
      "type": "Feature",
      "geometry": {
        "type": "Point",
        "coordinates": [
          113.567335,
          22.151682
        ]
      },
      "properties": {
        "osm_id": "node/10079068687",
        "name": "季節 The Seasons",
        "name_zh": "季節",
        "name_en": "The Seasons",
        "name_pt": null,
        "category": "food",
        "category_value": "restaurant",
        "category_label": "美食",
        "opening_hours": null,
        "cuisine": null,
        "wikidata": null,
        "website": null,
        "ele": null,
        "lat": 22.151682,
        "lng": 113.567335,
        "source": "osm"
      }
    },
    {
      "type": "Feature",
      "geometry": {
        "type": "Point",
        "coordinates": [
          113.566608,
          22.151093
        ]
      },
      "properties": {
        "osm_id": "node/10079068688",
        "name": "廚藝天地 Food Studio",
        "name_zh": "廚藝天地",
        "name_en": "Food Studio",
        "name_pt": null,
        "category": "food",
        "category_value": "restaurant",
        "category_label": "美食",
        "opening_hours": null,
        "cuisine": null,
        "wikidata": null,
        "website": null,
        "ele": null,
        "lat": 22.151093,
        "lng": 113.566608,
        "source": "osm"
      }
    },
    {
      "type": "Feature",
      "geometry": {
        "type": "Point",
        "coordinates": [
          113.566573,
          22.152715
        ]
      },
      "properties": {
        "osm_id": "node/10079068693",
        "name": "檸檬韓宮社 The Lemon House",
        "name_zh": "檸檬韓宮社",
        "name_en": "The Lemon House",
        "name_pt": null,
        "category": "food",
        "category_value": "restaurant",
        "category_label": "美食",
        "opening_hours": null,
        "cuisine": null,
        "wikidata": null,
        "website": null,
        "ele": null,
        "lat": 22.152715,
        "lng": 113.566573,
        "source": "osm"
      }
    },
    {
      "type": "Feature",
      "geometry": {
        "type": "Point",
        "coordinates": [
          113.5573,
          22.15361
        ]
      },
      "properties": {
        "osm_id": "node/10119949648",
        "name": "Everlasting",
        "name_zh": "Everlasting",
        "name_en": "Everlasting",
        "name_pt": null,
        "category": "food",
        "category_value": "restaurant",
        "category_label": "美食",
        "opening_hours": null,
        "cuisine": null,
        "wikidata": null,
        "website": null,
        "ele": null,
        "lat": 22.15361,
        "lng": 113.5573,
        "source": "osm"
      }
    },
    {
      "type": "Feature",
      "geometry": {
        "type": "Point",
        "coordinates": [
          113.559124,
          22.156232
        ]
      },
      "properties": {
        "osm_id": "node/10120224839",
        "name": "The Other Pizza 澳門 L' Altra Pizza Macau",
        "name_zh": "The Other Pizza 澳門",
        "name_en": null,
        "name_pt": null,
        "category": "food",
        "category_value": "restaurant",
        "category_label": "美食",
        "opening_hours": "Mo-Su 11:00-22:00",
        "cuisine": "pizza;italian;italian_pizza",
        "wikidata": null,
        "website": null,
        "ele": null,
        "lat": 22.156232,
        "lng": 113.559124,
        "source": "osm"
      }
    },
    {
      "type": "Feature",
      "geometry": {
        "type": "Point",
        "coordinates": [
          113.561435,
          22.159127
        ]
      },
      "properties": {
        "osm_id": "node/10211150066",
        "name": "湖畔大廈平台花園 Plataforma ajardinada do Edif. do Lago",
        "name_zh": "湖畔大廈平台花園",
        "name_en": "Edif. do Lago Podium Garden",
        "name_pt": "Plataforma ajardinada do Edif. do Lago",
        "category": "leisure",
        "category_value": "park",
        "category_label": "休閒",
        "opening_hours": "Mo-Su 08:00-22:00",
        "cuisine": null,
        "wikidata": null,
        "website": null,
        "ele": null,
        "lat": 22.159127,
        "lng": 113.561435,
        "source": "osm"
      }
    },
    {
      "type": "Feature",
      "geometry": {
        "type": "Point",
        "coordinates": [
          113.551136,
          22.207122
        ]
      },
      "properties": {
        "osm_id": "node/10211212266",
        "name": "望德樓平台花園 Plataforma ajardinada do Edifício Mong Tak",
        "name_zh": "望德樓平台花園",
        "name_en": "Edf. Mong Tak Podium Garden",
        "name_pt": "Plataforma ajardinada do Edifício Mong Tak",
        "category": "leisure",
        "category_value": "park",
        "category_label": "休閒",
        "opening_hours": "Mo-Su 08:00-22:00",
        "cuisine": null,
        "wikidata": null,
        "website": null,
        "ele": null,
        "lat": 22.207122,
        "lng": 113.551136,
        "source": "osm"
      }
    },
    {
      "type": "Feature",
      "geometry": {
        "type": "Point",
        "coordinates": [
          113.545542,
          22.135203
        ]
      },
      "properties": {
        "osm_id": "node/10556610977",
        "name": "糖主 Azucar",
        "name_zh": "糖主",
        "name_en": "Azucar",
        "name_pt": null,
        "category": "food",
        "category_value": "restaurant",
        "category_label": "美食",
        "opening_hours": "Mo-Su 11:30-20:00",
        "cuisine": "japanese;taiwanese;oriental",
        "wikidata": null,
        "website": "https://css.cmdo.um.edu.mo/portfolio-items/azucar/?portfolioCats=159%2C158%2C247",
        "ele": null,
        "lat": 22.135203,
        "lng": 113.545542,
        "source": "osm"
      }
    },
    {
      "type": "Feature",
      "geometry": {
        "type": "Point",
        "coordinates": [
          113.555715,
          22.194993
        ]
      },
      "properties": {
        "osm_id": "node/10682262327",
        "name": "蒂曼南歐餐廳 Terra Mar",
        "name_zh": "蒂曼南歐餐廳",
        "name_en": "Terra Mar",
        "name_pt": "Terra Mar",
        "category": "food",
        "category_value": "restaurant",
        "category_label": "美食",
        "opening_hours": "Tu-Su 12:00-00:00",
        "cuisine": "南歐",
        "wikidata": null,
        "website": "https://www.fishermanswharf.com.mo/terra-mar/",
        "ele": null,
        "lat": 22.194993,
        "lng": 113.555715,
        "source": "osm"
      }
    },
    {
      "type": "Feature",
      "geometry": {
        "type": "Point",
        "coordinates": [
          113.550625,
          22.186489
        ]
      },
      "properties": {
        "osm_id": "node/10682689335",
        "name": "花花fafafafafafa花花",
        "name_zh": "花花fafafafafafa花花",
        "name_en": null,
        "name_pt": null,
        "category": "food",
        "category_value": "cafe",
        "category_label": "美食",
        "opening_hours": "Tu-Su 18:00-02:00",
        "cuisine": "spanish;portuguese;sandwich",
        "wikidata": null,
        "website": "https://www.facebook.com/profile.php?id=100087268737313",
        "ele": null,
        "lat": 22.186489,
        "lng": 113.550625,
        "source": "osm"
      }
    },
    {
      "type": "Feature",
      "geometry": {
        "type": "Point",
        "coordinates": [
          113.54721,
          22.204516
        ]
      },
      "properties": {
        "osm_id": "node/10687883573",
        "name": "金富瑤 Kam Fu Yiu",
        "name_zh": "金富瑤",
        "name_en": null,
        "name_pt": "Kam Fu Yiu",
        "category": "food",
        "category_value": "restaurant",
        "category_label": "美食",
        "opening_hours": null,
        "cuisine": null,
        "wikidata": null,
        "website": null,
        "ele": null,
        "lat": 22.204516,
        "lng": 113.54721,
        "source": "osm"
      }
    },
    {
      "type": "Feature",
      "geometry": {
        "type": "Point",
        "coordinates": [
          113.571584,
          22.146381
        ]
      },
      "properties": {
        "osm_id": "node/10688889618",
        "name": "永利皇宮展覽廳 Wynn Palace Art Gallery",
        "name_zh": "永利皇宮展覽廳",
        "name_en": "Wynn Palace Art Gallery",
        "name_pt": null,
        "category": "tourism",
        "category_value": "gallery",
        "category_label": "觀光",
        "opening_hours": null,
        "cuisine": null,
        "wikidata": null,
        "website": null,
        "ele": null,
        "lat": 22.146381,
        "lng": 113.571584,
        "source": "osm"
      }
    },
    {
      "type": "Feature",
      "geometry": {
        "type": "Point",
        "coordinates": [
          113.564624,
          22.148292
        ]
      },
      "properties": {
        "osm_id": "node/10701854141",
        "name": "Artelli",
        "name_zh": "Artelli",
        "name_en": "Artelli",
        "name_pt": null,
        "category": "tourism",
        "category_value": "gallery",
        "category_label": "觀光",
        "opening_hours": null,
        "cuisine": null,
        "wikidata": null,
        "website": null,
        "ele": null,
        "lat": 22.148292,
        "lng": 113.564624,
        "source": "osm"
      }
    },
    {
      "type": "Feature",
      "geometry": {
        "type": "Point",
        "coordinates": [
          113.539257,
          22.197198
        ]
      },
      "properties": {
        "osm_id": "node/10713633235",
        "name": "Fitment Lifestyle Studio",
        "name_zh": "Fitment Lifestyle Studio",
        "name_en": "Fitment Lifestyle Studio",
        "name_pt": null,
        "category": "food",
        "category_value": "cafe",
        "category_label": "美食",
        "opening_hours": null,
        "cuisine": null,
        "wikidata": null,
        "website": null,
        "ele": null,
        "lat": 22.197198,
        "lng": 113.539257,
        "source": "osm"
      }
    },
    {
      "type": "Feature",
      "geometry": {
        "type": "Point",
        "coordinates": [
          113.543957,
          22.201573
        ]
      },
      "properties": {
        "osm_id": "node/10811107905",
        "name": "華麗燒烤",
        "name_zh": "華麗燒烤",
        "name_en": null,
        "name_pt": null,
        "category": "food",
        "category_value": "restaurant",
        "category_label": "美食",
        "opening_hours": null,
        "cuisine": null,
        "wikidata": null,
        "website": null,
        "ele": null,
        "lat": 22.201573,
        "lng": 113.543957,
        "source": "osm"
      }
    },
    {
      "type": "Feature",
      "geometry": {
        "type": "Point",
        "coordinates": [
          113.556893,
          22.14394
        ]
      },
      "properties": {
        "osm_id": "node/10888890067",
        "name": "銀河綜藝館 Galaxy Arena",
        "name_zh": "銀河綜藝館",
        "name_en": "Galaxy Arena",
        "name_pt": null,
        "category": "amenity",
        "category_value": "theatre",
        "category_label": "設施",
        "opening_hours": null,
        "cuisine": null,
        "wikidata": null,
        "website": null,
        "ele": null,
        "lat": 22.14394,
        "lng": 113.556893,
        "source": "osm"
      }
    },
    {
      "type": "Feature",
      "geometry": {
        "type": "Point",
        "coordinates": [
          113.544527,
          22.124446
        ]
      },
      "properties": {
        "osm_id": "node/10920886495",
        "name": "賽百味 Subway",
        "name_zh": "賽百味",
        "name_en": "Subway",
        "name_pt": null,
        "category": "food",
        "category_value": "restaurant",
        "category_label": "美食",
        "opening_hours": null,
        "cuisine": "sandwich",
        "wikidata": null,
        "website": "https://css.cmdo.um.edu.mo/portfolio-items/subway/?portfolioCats=159%2C158%2C247",
        "ele": null,
        "lat": 22.124446,
        "lng": 113.544527,
        "source": "osm"
      }
    },
    {
      "type": "Feature",
      "geometry": {
        "type": "Point",
        "coordinates": [
          113.55561,
          22.18917
        ]
      },
      "properties": {
        "osm_id": "node/11021313732",
        "name": "黑盒劇場 Teatro-Estúdio",
        "name_zh": "黑盒劇場",
        "name_en": "Black Box Theatre",
        "name_pt": "Teatro-Estúdio",
        "category": "amenity",
        "category_value": "theatre",
        "category_label": "設施",
        "opening_hours": null,
        "cuisine": null,
        "wikidata": null,
        "website": null,
        "ele": null,
        "lat": 22.18917,
        "lng": 113.55561,
        "source": "osm"
      }
    },
    {
      "type": "Feature",
      "geometry": {
        "type": "Point",
        "coordinates": [
          113.534229,
          22.190339
        ]
      },
      "properties": {
        "osm_id": "node/11071998339",
        "name": "Portuguese Bakery",
        "name_zh": "Portuguese Bakery",
        "name_en": null,
        "name_pt": null,
        "category": "food",
        "category_value": "cafe",
        "category_label": "美食",
        "opening_hours": null,
        "cuisine": null,
        "wikidata": null,
        "website": null,
        "ele": null,
        "lat": 22.190339,
        "lng": 113.534229,
        "source": "osm"
      }
    },
    {
      "type": "Feature",
      "geometry": {
        "type": "Point",
        "coordinates": [
          113.535034,
          22.19056
        ]
      },
      "properties": {
        "osm_id": "node/11072032714",
        "name": "Tomate",
        "name_zh": "Tomate",
        "name_en": null,
        "name_pt": null,
        "category": "food",
        "category_value": "restaurant",
        "category_label": "美食",
        "opening_hours": null,
        "cuisine": null,
        "wikidata": null,
        "website": null,
        "ele": null,
        "lat": 22.19056,
        "lng": 113.535034,
        "source": "osm"
      }
    },
    {
      "type": "Feature",
      "geometry": {
        "type": "Point",
        "coordinates": [
          113.559013,
          22.128845
        ]
      },
      "properties": {
        "osm_id": "node/11081191548",
        "name": "Trigo D'ouro",
        "name_zh": "Trigo D'ouro",
        "name_en": null,
        "name_pt": "Trigo D'ouro",
        "category": "food",
        "category_value": "shop=bakery",
        "category_label": "美食",
        "opening_hours": "Mo-Fr 07:00-20:00 Sat-Sun 08:00-20:00",
        "cuisine": null,
        "wikidata": null,
        "website": null,
        "ele": null,
        "lat": 22.128845,
        "lng": 113.559013,
        "source": "osm"
      }
    },
    {
      "type": "Feature",
      "geometry": {
        "type": "Point",
        "coordinates": [
          113.566274,
          22.146906
        ]
      },
      "properties": {
        "osm_id": "node/11106980005",
        "name": "倫敦人綜藝館 The Londoner Arena",
        "name_zh": "倫敦人綜藝館",
        "name_en": "The Londoner Arena",
        "name_pt": null,
        "category": "amenity",
        "category_value": "theatre",
        "category_label": "設施",
        "opening_hours": null,
        "cuisine": null,
        "wikidata": null,
        "website": null,
        "ele": null,
        "lat": 22.146906,
        "lng": 113.566274,
        "source": "osm"
      }
    },
    {
      "type": "Feature",
      "geometry": {
        "type": "Point",
        "coordinates": [
          113.542974,
          22.202584
        ]
      },
      "properties": {
        "osm_id": "node/11111168164",
        "name": "雅佳茶餐廳",
        "name_zh": "雅佳茶餐廳",
        "name_en": null,
        "name_pt": null,
        "category": "food",
        "category_value": "restaurant",
        "category_label": "美食",
        "opening_hours": null,
        "cuisine": null,
        "wikidata": null,
        "website": null,
        "ele": null,
        "lat": 22.202584,
        "lng": 113.542974,
        "source": "osm"
      }
    },
    {
      "type": "Feature",
      "geometry": {
        "type": "Point",
        "coordinates": [
          113.538883,
          22.193828
        ]
      },
      "properties": {
        "osm_id": "node/11111393752",
        "name": "保叔美食",
        "name_zh": "保叔美食",
        "name_en": null,
        "name_pt": null,
        "category": "food",
        "category_value": "restaurant",
        "category_label": "美食",
        "opening_hours": null,
        "cuisine": null,
        "wikidata": null,
        "website": null,
        "ele": null,
        "lat": 22.193828,
        "lng": 113.538883,
        "source": "osm"
      }
    },
    {
      "type": "Feature",
      "geometry": {
        "type": "Point",
        "coordinates": [
          113.537573,
          22.19715
        ]
      },
      "properties": {
        "osm_id": "node/11129526001",
        "name": "龍門辣雞美食",
        "name_zh": "龍門辣雞美食",
        "name_en": null,
        "name_pt": null,
        "category": "food",
        "category_value": "restaurant",
        "category_label": "美食",
        "opening_hours": null,
        "cuisine": null,
        "wikidata": null,
        "website": null,
        "ele": null,
        "lat": 22.19715,
        "lng": 113.537573,
        "source": "osm"
      }
    },
    {
      "type": "Feature",
      "geometry": {
        "type": "Point",
        "coordinates": [
          113.537026,
          22.193763
        ]
      },
      "properties": {
        "osm_id": "node/11129526002",
        "name": "最香餅家",
        "name_zh": "最香餅家",
        "name_en": "Pastelaria Chui Heong",
        "name_pt": null,
        "category": "food",
        "category_value": "shop=bakery",
        "category_label": "美食",
        "opening_hours": null,
        "cuisine": null,
        "wikidata": null,
        "website": null,
        "ele": null,
        "lat": 22.193763,
        "lng": 113.537026,
        "source": "osm"
      }
    },
    {
      "type": "Feature",
      "geometry": {
        "type": "Point",
        "coordinates": [
          113.547648,
          22.212454
        ]
      },
      "properties": {
        "osm_id": "node/11162879362",
        "name": "福德祠",
        "name_zh": "福德祠",
        "name_en": null,
        "name_pt": null,
        "category": "amenity",
        "category_value": "place_of_worship",
        "category_label": "設施",
        "opening_hours": null,
        "cuisine": null,
        "wikidata": null,
        "website": null,
        "ele": null,
        "lat": 22.212454,
        "lng": 113.547648,
        "source": "osm"
      }
    },
    {
      "type": "Feature",
      "geometry": {
        "type": "Point",
        "coordinates": [
          113.547861,
          22.212039
        ]
      },
      "properties": {
        "osm_id": "node/11162879363",
        "name": "蓮環社稷神位",
        "name_zh": "蓮環社稷神位",
        "name_en": null,
        "name_pt": null,
        "category": "amenity",
        "category_value": "place_of_worship",
        "category_label": "設施",
        "opening_hours": null,
        "cuisine": null,
        "wikidata": null,
        "website": null,
        "ele": null,
        "lat": 22.212039,
        "lng": 113.547861,
        "source": "osm"
      }
    },
    {
      "type": "Feature",
      "geometry": {
        "type": "Point",
        "coordinates": [
          113.543013,
          22.193762
        ]
      },
      "properties": {
        "osm_id": "node/11162879372",
        "name": "本坊威靈土地財神",
        "name_zh": "本坊威靈土地財神",
        "name_en": null,
        "name_pt": null,
        "category": "amenity",
        "category_value": "place_of_worship",
        "category_label": "設施",
        "opening_hours": null,
        "cuisine": null,
        "wikidata": null,
        "website": null,
        "ele": null,
        "lat": 22.193762,
        "lng": 113.543013,
        "source": "osm"
      }
    },
    {
      "type": "Feature",
      "geometry": {
        "type": "Point",
        "coordinates": [
          113.542864,
          22.194298
        ]
      },
      "properties": {
        "osm_id": "node/11162879375",
        "name": "井泉龍王神",
        "name_zh": "井泉龍王神",
        "name_en": null,
        "name_pt": null,
        "category": "amenity",
        "category_value": "place_of_worship",
        "category_label": "設施",
        "opening_hours": null,
        "cuisine": null,
        "wikidata": null,
        "website": null,
        "ele": null,
        "lat": 22.194298,
        "lng": 113.542864,
        "source": "osm"
      }
    },
    {
      "type": "Feature",
      "geometry": {
        "type": "Point",
        "coordinates": [
          113.572485,
          22.124284
        ]
      },
      "properties": {
        "osm_id": "node/11166808325",
        "name": "黑沙眺望台 Miradouro de Hac Sá",
        "name_zh": "黑沙眺望台",
        "name_en": "Hac Sá Viewing Platform",
        "name_pt": "Miradouro de Hac Sá",
        "category": "tourism",
        "category_value": "viewpoint",
        "category_label": "觀光",
        "opening_hours": null,
        "cuisine": null,
        "wikidata": null,
        "website": null,
        "ele": null,
        "lat": 22.124284,
        "lng": 113.572485,
        "source": "osm"
      }
    },
    {
      "type": "Feature",
      "geometry": {
        "type": "Point",
        "coordinates": [
          113.537086,
          22.187926
        ]
      },
      "properties": {
        "osm_id": "node/11166808326",
        "name": "土地公",
        "name_zh": "土地公",
        "name_en": null,
        "name_pt": null,
        "category": "amenity",
        "category_value": "place_of_worship",
        "category_label": "設施",
        "opening_hours": null,
        "cuisine": null,
        "wikidata": null,
        "website": null,
        "ele": null,
        "lat": 22.187926,
        "lng": 113.537086,
        "source": "osm"
      }
    },
    {
      "type": "Feature",
      "geometry": {
        "type": "Point",
        "coordinates": [
          113.536519,
          22.1911
        ]
      },
      "properties": {
        "osm_id": "node/11166808327",
        "name": "本坊土地公",
        "name_zh": "本坊土地公",
        "name_en": null,
        "name_pt": null,
        "category": "amenity",
        "category_value": "place_of_worship",
        "category_label": "設施",
        "opening_hours": null,
        "cuisine": null,
        "wikidata": null,
        "website": null,
        "ele": null,
        "lat": 22.1911,
        "lng": 113.536519,
        "source": "osm"
      }
    },
    {
      "type": "Feature",
      "geometry": {
        "type": "Point",
        "coordinates": [
          113.552328,
          22.116384
        ]
      },
      "properties": {
        "osm_id": "node/11166808328",
        "name": "永安社土地福德神",
        "name_zh": "永安社土地福德神",
        "name_en": null,
        "name_pt": null,
        "category": "amenity",
        "category_value": "place_of_worship",
        "category_label": "設施",
        "opening_hours": null,
        "cuisine": null,
        "wikidata": null,
        "website": null,
        "ele": null,
        "lat": 22.116384,
        "lng": 113.552328,
        "source": "osm"
      }
    },
    {
      "type": "Feature",
      "geometry": {
        "type": "Point",
        "coordinates": [
          113.543213,
          22.203156
        ]
      },
      "properties": {
        "osm_id": "node/11166808329",
        "name": "沙龍社",
        "name_zh": "沙龍社",
        "name_en": null,
        "name_pt": null,
        "category": "amenity",
        "category_value": "place_of_worship",
        "category_label": "設施",
        "opening_hours": null,
        "cuisine": null,
        "wikidata": null,
        "website": null,
        "ele": null,
        "lat": 22.203156,
        "lng": 113.543213,
        "source": "osm"
      }
    },
    {
      "type": "Feature",
      "geometry": {
        "type": "Point",
        "coordinates": [
          113.552447,
          22.214513
        ]
      },
      "properties": {
        "osm_id": "node/11166808332",
        "name": "龍母娘娘福德正神",
        "name_zh": "龍母娘娘福德正神",
        "name_en": null,
        "name_pt": null,
        "category": "amenity",
        "category_value": "place_of_worship",
        "category_label": "設施",
        "opening_hours": null,
        "cuisine": null,
        "wikidata": null,
        "website": null,
        "ele": null,
        "lat": 22.214513,
        "lng": 113.552447,
        "source": "osm"
      }
    },
    {
      "type": "Feature",
      "geometry": {
        "type": "Point",
        "coordinates": [
          113.538583,
          22.198384
        ]
      },
      "properties": {
        "osm_id": "node/11166808333",
        "name": "永樂社社稷土地神位",
        "name_zh": "永樂社社稷土地神位",
        "name_en": null,
        "name_pt": null,
        "category": "amenity",
        "category_value": "place_of_worship",
        "category_label": "設施",
        "opening_hours": null,
        "cuisine": null,
        "wikidata": null,
        "website": null,
        "ele": null,
        "lat": 22.198384,
        "lng": 113.538583,
        "source": "osm"
      }
    },
    {
      "type": "Feature",
      "geometry": {
        "type": "Point",
        "coordinates": [
          113.541722,
          22.201665
        ]
      },
      "properties": {
        "osm_id": "node/11166808334",
        "name": "城隍行臺",
        "name_zh": "城隍行臺",
        "name_en": null,
        "name_pt": null,
        "category": "amenity",
        "category_value": "place_of_worship",
        "category_label": "設施",
        "opening_hours": null,
        "cuisine": null,
        "wikidata": null,
        "website": null,
        "ele": null,
        "lat": 22.201665,
        "lng": 113.541722,
        "source": "osm"
      }
    },
    {
      "type": "Feature",
      "geometry": {
        "type": "Point",
        "coordinates": [
          113.538599,
          22.191562
        ]
      },
      "properties": {
        "osm_id": "node/11166808335",
        "name": "龍新社福德祠",
        "name_zh": "龍新社福德祠",
        "name_en": null,
        "name_pt": null,
        "category": "amenity",
        "category_value": "place_of_worship",
        "category_label": "設施",
        "opening_hours": null,
        "cuisine": null,
        "wikidata": null,
        "website": null,
        "ele": null,
        "lat": 22.191562,
        "lng": 113.538599,
        "source": "osm"
      }
    },
    {
      "type": "Feature",
      "geometry": {
        "type": "Point",
        "coordinates": [
          113.557563,
          22.153125
        ]
      },
      "properties": {
        "osm_id": "node/11166808336",
        "name": "鍾秀本坊社稷",
        "name_zh": "鍾秀本坊社稷",
        "name_en": null,
        "name_pt": null,
        "category": "amenity",
        "category_value": "place_of_worship",
        "category_label": "設施",
        "opening_hours": null,
        "cuisine": null,
        "wikidata": null,
        "website": null,
        "ele": null,
        "lat": 22.153125,
        "lng": 113.557563,
        "source": "osm"
      }
    },
    {
      "type": "Feature",
      "geometry": {
        "type": "Point",
        "coordinates": [
          113.550225,
          22.203955
        ]
      },
      "properties": {
        "osm_id": "node/11166808337",
        "name": "居仁社稷之神",
        "name_zh": "居仁社稷之神",
        "name_en": null,
        "name_pt": null,
        "category": "amenity",
        "category_value": "place_of_worship",
        "category_label": "設施",
        "opening_hours": null,
        "cuisine": null,
        "wikidata": null,
        "website": null,
        "ele": null,
        "lat": 22.203955,
        "lng": 113.550225,
        "source": "osm"
      }
    },
    {
      "type": "Feature",
      "geometry": {
        "type": "Point",
        "coordinates": [
          113.550244,
          22.203975
        ]
      },
      "properties": {
        "osm_id": "node/11166808338",
        "name": "啟明社稷之神",
        "name_zh": "啟明社稷之神",
        "name_en": null,
        "name_pt": null,
        "category": "amenity",
        "category_value": "place_of_worship",
        "category_label": "設施",
        "opening_hours": null,
        "cuisine": null,
        "wikidata": null,
        "website": null,
        "ele": null,
        "lat": 22.203975,
        "lng": 113.550244,
        "source": "osm"
      }
    },
    {
      "type": "Feature",
      "geometry": {
        "type": "Point",
        "coordinates": [
          113.542298,
          22.199945
        ]
      },
      "properties": {
        "osm_id": "node/11166808339",
        "name": "定安社",
        "name_zh": "定安社",
        "name_en": null,
        "name_pt": null,
        "category": "amenity",
        "category_value": "place_of_worship",
        "category_label": "設施",
        "opening_hours": null,
        "cuisine": null,
        "wikidata": null,
        "website": null,
        "ele": null,
        "lat": 22.199945,
        "lng": 113.542298,
        "source": "osm"
      }
    },
    {
      "type": "Feature",
      "geometry": {
        "type": "Point",
        "coordinates": [
          113.540113,
          22.201964
        ]
      },
      "properties": {
        "osm_id": "node/11166808342",
        "name": "銀龍社稷土地財神",
        "name_zh": "銀龍社稷土地財神",
        "name_en": null,
        "name_pt": null,
        "category": "amenity",
        "category_value": "place_of_worship",
        "category_label": "設施",
        "opening_hours": null,
        "cuisine": null,
        "wikidata": null,
        "website": null,
        "ele": null,
        "lat": 22.201964,
        "lng": 113.540113,
        "source": "osm"
      }
    },
    {
      "type": "Feature",
      "geometry": {
        "type": "Point",
        "coordinates": [
          113.53462,
          22.188015
        ]
      },
      "properties": {
        "osm_id": "node/11166808343",
        "name": "福德正神",
        "name_zh": "福德正神",
        "name_en": null,
        "name_pt": null,
        "category": "amenity",
        "category_value": "place_of_worship",
        "category_label": "設施",
        "opening_hours": null,
        "cuisine": null,
        "wikidata": null,
        "website": null,
        "ele": null,
        "lat": 22.188015,
        "lng": 113.53462,
        "source": "osm"
      }
    },
    {
      "type": "Feature",
      "geometry": {
        "type": "Point",
        "coordinates": [
          113.539624,
          22.19702
        ]
      },
      "properties": {
        "osm_id": "node/11166808345",
        "name": "本坊土地福德正神",
        "name_zh": "本坊土地福德正神",
        "name_en": null,
        "name_pt": null,
        "category": "amenity",
        "category_value": "place_of_worship",
        "category_label": "設施",
        "opening_hours": null,
        "cuisine": null,
        "wikidata": null,
        "website": null,
        "ele": null,
        "lat": 22.19702,
        "lng": 113.539624,
        "source": "osm"
      }
    },
    {
      "type": "Feature",
      "geometry": {
        "type": "Point",
        "coordinates": [
          113.538962,
          22.196991
        ]
      },
      "properties": {
        "osm_id": "node/11166808346",
        "name": "社稷土地 泰山石敢當神位",
        "name_zh": "社稷土地 泰山石敢當神位",
        "name_en": null,
        "name_pt": null,
        "category": "amenity",
        "category_value": "place_of_worship",
        "category_label": "設施",
        "opening_hours": null,
        "cuisine": null,
        "wikidata": null,
        "website": null,
        "ele": null,
        "lat": 22.196991,
        "lng": 113.538962,
        "source": "osm"
      }
    },
    {
      "type": "Feature",
      "geometry": {
        "type": "Point",
        "coordinates": [
          113.540041,
          22.196581
        ]
      },
      "properties": {
        "osm_id": "node/11166808348",
        "name": "本街土地",
        "name_zh": "本街土地",
        "name_en": null,
        "name_pt": null,
        "category": "amenity",
        "category_value": "place_of_worship",
        "category_label": "設施",
        "opening_hours": null,
        "cuisine": null,
        "wikidata": null,
        "website": null,
        "ele": null,
        "lat": 22.196581,
        "lng": 113.540041,
        "source": "osm"
      }
    },
    {
      "type": "Feature",
      "geometry": {
        "type": "Point",
        "coordinates": [
          113.537724,
          22.193912
        ]
      },
      "properties": {
        "osm_id": "node/11166808349",
        "name": "本坊土地福德正神位",
        "name_zh": "本坊土地福德正神位",
        "name_en": null,
        "name_pt": null,
        "category": "amenity",
        "category_value": "place_of_worship",
        "category_label": "設施",
        "opening_hours": null,
        "cuisine": null,
        "wikidata": null,
        "website": null,
        "ele": null,
        "lat": 22.193912,
        "lng": 113.537724,
        "source": "osm"
      }
    },
    {
      "type": "Feature",
      "geometry": {
        "type": "Point",
        "coordinates": [
          113.566779,
          22.116121
        ]
      },
      "properties": {
        "osm_id": "node/11166808351",
        "name": "土地廟",
        "name_zh": "土地廟",
        "name_en": null,
        "name_pt": null,
        "category": "amenity",
        "category_value": "place_of_worship",
        "category_label": "設施",
        "opening_hours": null,
        "cuisine": null,
        "wikidata": null,
        "website": null,
        "ele": null,
        "lat": 22.116121,
        "lng": 113.566779,
        "source": "osm"
      }
    },
    {
      "type": "Feature",
      "geometry": {
        "type": "Point",
        "coordinates": [
          113.541117,
          22.202224
        ]
      },
      "properties": {
        "osm_id": "node/11166808352",
        "name": "包公老爺 城隍老爺",
        "name_zh": "包公老爺 城隍老爺",
        "name_en": null,
        "name_pt": null,
        "category": "amenity",
        "category_value": "place_of_worship",
        "category_label": "設施",
        "opening_hours": null,
        "cuisine": null,
        "wikidata": null,
        "website": null,
        "ele": null,
        "lat": 22.202224,
        "lng": 113.541117,
        "source": "osm"
      }
    },
    {
      "type": "Feature",
      "geometry": {
        "type": "Point",
        "coordinates": [
          113.538257,
          22.200936
        ]
      },
      "properties": {
        "osm_id": "node/11166808353",
        "name": "平安社",
        "name_zh": "平安社",
        "name_en": null,
        "name_pt": null,
        "category": "amenity",
        "category_value": "place_of_worship",
        "category_label": "設施",
        "opening_hours": null,
        "cuisine": null,
        "wikidata": null,
        "website": null,
        "ele": null,
        "lat": 22.200936,
        "lng": 113.538257,
        "source": "osm"
      }
    },
    {
      "type": "Feature",
      "geometry": {
        "type": "Point",
        "coordinates": [
          113.534205,
          22.190043
        ]
      },
      "properties": {
        "osm_id": "node/11166808354",
        "name": "包相府",
        "name_zh": "包相府",
        "name_en": null,
        "name_pt": null,
        "category": "amenity",
        "category_value": "place_of_worship",
        "category_label": "設施",
        "opening_hours": null,
        "cuisine": null,
        "wikidata": null,
        "website": null,
        "ele": null,
        "lat": 22.190043,
        "lng": 113.534205,
        "source": "osm"
      }
    },
    {
      "type": "Feature",
      "geometry": {
        "type": "Point",
        "coordinates": [
          113.544355,
          22.204875
        ]
      },
      "properties": {
        "osm_id": "node/11166808355",
        "name": "天安土地神位",
        "name_zh": "天安土地神位",
        "name_en": null,
        "name_pt": null,
        "category": "amenity",
        "category_value": "place_of_worship",
        "category_label": "設施",
        "opening_hours": null,
        "cuisine": null,
        "wikidata": null,
        "website": null,
        "ele": null,
        "lat": 22.204875,
        "lng": 113.544355,
        "source": "osm"
      }
    },
    {
      "type": "Feature",
      "geometry": {
        "type": "Point",
        "coordinates": [
          113.540331,
          22.201553
        ]
      },
      "properties": {
        "osm_id": "node/11166808357",
        "name": "迎龍社土地福神位",
        "name_zh": "迎龍社土地福神位",
        "name_en": null,
        "name_pt": null,
        "category": "amenity",
        "category_value": "place_of_worship",
        "category_label": "設施",
        "opening_hours": null,
        "cuisine": null,
        "wikidata": null,
        "website": null,
        "ele": null,
        "lat": 22.201553,
        "lng": 113.540331,
        "source": "osm"
      }
    },
    {
      "type": "Feature",
      "geometry": {
        "type": "Point",
        "coordinates": [
          113.562034,
          22.158482
        ]
      },
      "properties": {
        "osm_id": "node/11166808360",
        "name": "本村土地",
        "name_zh": "本村土地",
        "name_en": null,
        "name_pt": null,
        "category": "amenity",
        "category_value": "place_of_worship",
        "category_label": "設施",
        "opening_hours": null,
        "cuisine": null,
        "wikidata": null,
        "website": null,
        "ele": null,
        "lat": 22.158482,
        "lng": 113.562034,
        "source": "osm"
      }
    },
    {
      "type": "Feature",
      "geometry": {
        "type": "Point",
        "coordinates": [
          113.534215,
          22.189924
        ]
      },
      "properties": {
        "osm_id": "node/11166808361",
        "name": "旺相本坊土地福德正神",
        "name_zh": "旺相本坊土地福德正神",
        "name_en": null,
        "name_pt": null,
        "category": "amenity",
        "category_value": "place_of_worship",
        "category_label": "設施",
        "opening_hours": null,
        "cuisine": null,
        "wikidata": null,
        "website": null,
        "ele": null,
        "lat": 22.189924,
        "lng": 113.534215,
        "source": "osm"
      }
    },
    {
      "type": "Feature",
      "geometry": {
        "type": "Point",
        "coordinates": [
          113.541085,
          22.195788
        ]
      },
      "properties": {
        "osm_id": "node/11166808362",
        "name": "土地公公",
        "name_zh": "土地公公",
        "name_en": null,
        "name_pt": null,
        "category": "amenity",
        "category_value": "place_of_worship",
        "category_label": "設施",
        "opening_hours": null,
        "cuisine": null,
        "wikidata": null,
        "website": null,
        "ele": null,
        "lat": 22.195788,
        "lng": 113.541085,
        "source": "osm"
      }
    },
    {
      "type": "Feature",
      "geometry": {
        "type": "Point",
        "coordinates": [
          113.533484,
          22.190126
        ]
      },
      "properties": {
        "osm_id": "node/11166808364",
        "name": "土地福德財神",
        "name_zh": "土地福德財神",
        "name_en": null,
        "name_pt": null,
        "category": "amenity",
        "category_value": "place_of_worship",
        "category_label": "設施",
        "opening_hours": null,
        "cuisine": null,
        "wikidata": null,
        "website": null,
        "ele": null,
        "lat": 22.190126,
        "lng": 113.533484,
        "source": "osm"
      }
    },
    {
      "type": "Feature",
      "geometry": {
        "type": "Point",
        "coordinates": [
          113.533984,
          22.190338
        ]
      },
      "properties": {
        "osm_id": "node/11166808365",
        "name": "本街土地爺爺",
        "name_zh": "本街土地爺爺",
        "name_en": null,
        "name_pt": null,
        "category": "amenity",
        "category_value": "place_of_worship",
        "category_label": "設施",
        "opening_hours": null,
        "cuisine": null,
        "wikidata": null,
        "website": null,
        "ele": null,
        "lat": 22.190338,
        "lng": 113.533984,
        "source": "osm"
      }
    },
    {
      "type": "Feature",
      "geometry": {
        "type": "Point",
        "coordinates": [
          113.537286,
          22.18805
        ]
      },
      "properties": {
        "osm_id": "node/11166808366",
        "name": "定福社稷和本坊土地社稷福德之神",
        "name_zh": "定福社稷和本坊土地社稷福德之神",
        "name_en": null,
        "name_pt": null,
        "category": "amenity",
        "category_value": "place_of_worship",
        "category_label": "設施",
        "opening_hours": null,
        "cuisine": null,
        "wikidata": null,
        "website": null,
        "ele": null,
        "lat": 22.18805,
        "lng": 113.537286,
        "source": "osm"
      }
    },
    {
      "type": "Feature",
      "geometry": {
        "type": "Point",
        "coordinates": [
          113.551046,
          22.208917
        ]
      },
      "properties": {
        "osm_id": "node/11166808367",
        "name": "黑沙環區社稷之神",
        "name_zh": "黑沙環區社稷之神",
        "name_en": null,
        "name_pt": null,
        "category": "amenity",
        "category_value": "place_of_worship",
        "category_label": "設施",
        "opening_hours": null,
        "cuisine": null,
        "wikidata": null,
        "website": null,
        "ele": null,
        "lat": 22.208917,
        "lng": 113.551046,
        "source": "osm"
      }
    },
    {
      "type": "Feature",
      "geometry": {
        "type": "Point",
        "coordinates": [
          113.542134,
          22.195194
        ]
      },
      "properties": {
        "osm_id": "node/11166808369",
        "name": "永安坊土地財神",
        "name_zh": "永安坊土地財神",
        "name_en": null,
        "name_pt": null,
        "category": "amenity",
        "category_value": "place_of_worship",
        "category_label": "設施",
        "opening_hours": null,
        "cuisine": null,
        "wikidata": null,
        "website": null,
        "ele": null,
        "lat": 22.195194,
        "lng": 113.542134,
        "source": "osm"
      }
    },
    {
      "type": "Feature",
      "geometry": {
        "type": "Point",
        "coordinates": [
          113.545512,
          22.214006
        ]
      },
      "properties": {
        "osm_id": "node/11166808371",
        "name": "蓮花村本坊土地社稷福神",
        "name_zh": "蓮花村本坊土地社稷福神",
        "name_en": null,
        "name_pt": null,
        "category": "amenity",
        "category_value": "place_of_worship",
        "category_label": "設施",
        "opening_hours": null,
        "cuisine": null,
        "wikidata": null,
        "website": null,
        "ele": null,
        "lat": 22.214006,
        "lng": 113.545512,
        "source": "osm"
      }
    },
    {
      "type": "Feature",
      "geometry": {
        "type": "Point",
        "coordinates": [
          113.540967,
          22.195116
        ]
      },
      "properties": {
        "osm_id": "node/11166808372",
        "name": "本圍土地福德正神",
        "name_zh": "本圍土地福德正神",
        "name_en": null,
        "name_pt": null,
        "category": "amenity",
        "category_value": "place_of_worship",
        "category_label": "設施",
        "opening_hours": null,
        "cuisine": null,
        "wikidata": null,
        "website": null,
        "ele": null,
        "lat": 22.195116,
        "lng": 113.540967,
        "source": "osm"
      }
    },
    {
      "type": "Feature",
      "geometry": {
        "type": "Point",
        "coordinates": [
          113.541493,
          22.194746
        ]
      },
      "properties": {
        "osm_id": "node/11166808374",
        "name": "德香社",
        "name_zh": "德香社",
        "name_en": null,
        "name_pt": null,
        "category": "amenity",
        "category_value": "place_of_worship",
        "category_label": "設施",
        "opening_hours": null,
        "cuisine": null,
        "wikidata": null,
        "website": null,
        "ele": null,
        "lat": 22.194746,
        "lng": 113.541493,
        "source": "osm"
      }
    },
    {
      "type": "Feature",
      "geometry": {
        "type": "Point",
        "coordinates": [
          113.538374,
          22.194141
        ]
      },
      "properties": {
        "osm_id": "node/11166808375",
        "name": "宏隆坊 本坊社稷土地之神",
        "name_zh": "宏隆坊 本坊社稷土地之神",
        "name_en": null,
        "name_pt": null,
        "category": "amenity",
        "category_value": "place_of_worship",
        "category_label": "設施",
        "opening_hours": null,
        "cuisine": null,
        "wikidata": null,
        "website": null,
        "ele": null,
        "lat": 22.194141,
        "lng": 113.538374,
        "source": "osm"
      }
    },
    {
      "type": "Feature",
      "geometry": {
        "type": "Point",
        "coordinates": [
          113.539188,
          22.195332
        ]
      },
      "properties": {
        "osm_id": "node/11166808376",
        "name": "旺丁社",
        "name_zh": "旺丁社",
        "name_en": null,
        "name_pt": null,
        "category": "amenity",
        "category_value": "place_of_worship",
        "category_label": "設施",
        "opening_hours": null,
        "cuisine": null,
        "wikidata": null,
        "website": null,
        "ele": null,
        "lat": 22.195332,
        "lng": 113.539188,
        "source": "osm"
      }
    },
    {
      "type": "Feature",
      "geometry": {
        "type": "Point",
        "coordinates": [
          113.538632,
          22.197126
        ]
      },
      "properties": {
        "osm_id": "node/11166808379",
        "name": "埠寧社稷之神",
        "name_zh": "埠寧社稷之神",
        "name_en": null,
        "name_pt": null,
        "category": "amenity",
        "category_value": "place_of_worship",
        "category_label": "設施",
        "opening_hours": null,
        "cuisine": null,
        "wikidata": null,
        "website": null,
        "ele": null,
        "lat": 22.197126,
        "lng": 113.538632,
        "source": "osm"
      }
    },
    {
      "type": "Feature",
      "geometry": {
        "type": "Point",
        "coordinates": [
          113.551484,
          22.116295
        ]
      },
      "properties": {
        "osm_id": "node/11166808380",
        "name": "本境社官水仙尊王",
        "name_zh": "本境社官水仙尊王",
        "name_en": null,
        "name_pt": null,
        "category": "amenity",
        "category_value": "place_of_worship",
        "category_label": "設施",
        "opening_hours": null,
        "cuisine": null,
        "wikidata": null,
        "website": null,
        "ele": null,
        "lat": 22.116295,
        "lng": 113.551484,
        "source": "osm"
      }
    },
    {
      "type": "Feature",
      "geometry": {
        "type": "Point",
        "coordinates": [
          113.544088,
          22.212286
        ]
      },
      "properties": {
        "osm_id": "node/11166808381",
        "name": "啟德星君爺爺",
        "name_zh": "啟德星君爺爺",
        "name_en": null,
        "name_pt": null,
        "category": "amenity",
        "category_value": "place_of_worship",
        "category_label": "設施",
        "opening_hours": null,
        "cuisine": null,
        "wikidata": null,
        "website": null,
        "ele": null,
        "lat": 22.212286,
        "lng": 113.544088,
        "source": "osm"
      }
    },
    {
      "type": "Feature",
      "geometry": {
        "type": "Point",
        "coordinates": [
          113.561594,
          22.117676
        ]
      },
      "properties": {
        "osm_id": "node/11222675737",
        "name": "竹灣頂",
        "name_zh": "竹灣頂",
        "name_en": null,
        "name_pt": null,
        "category": "natural",
        "category_value": "peak",
        "category_label": "自然",
        "opening_hours": null,
        "cuisine": null,
        "wikidata": null,
        "website": null,
        "ele": "170.3",
        "lat": 22.117676,
        "lng": 113.561594,
        "source": "osm"
      }
    },
    {
      "type": "Feature",
      "geometry": {
        "type": "Point",
        "coordinates": [
          113.543241,
          22.19945
        ]
      },
      "properties": {
        "osm_id": "node/11259031637",
        "name": "Pacific Coffee",
        "name_zh": null,
        "name_en": "Pacific Coffee",
        "name_pt": null,
        "category": "food",
        "category_value": "cafe",
        "category_label": "美食",
        "opening_hours": null,
        "cuisine": null,
        "wikidata": null,
        "website": null,
        "ele": null,
        "lat": 22.19945,
        "lng": 113.543241,
        "source": "osm"
      }
    },
    {
      "type": "Feature",
      "geometry": {
        "type": "Point",
        "coordinates": [
          113.541178,
          22.196682
        ]
      },
      "properties": {
        "osm_id": "node/11259031737",
        "name": "Vinotopia",
        "name_zh": "Vinotopia",
        "name_en": "Vinotopia",
        "name_pt": null,
        "category": "food",
        "category_value": "restaurant",
        "category_label": "美食",
        "opening_hours": null,
        "cuisine": null,
        "wikidata": null,
        "website": null,
        "ele": null,
        "lat": 22.196682,
        "lng": 113.541178,
        "source": "osm"
      }
    },
    {
      "type": "Feature",
      "geometry": {
        "type": "Point",
        "coordinates": [
          113.53817,
          22.194457
        ]
      },
      "properties": {
        "osm_id": "node/11260098437",
        "name": "Brew Lab",
        "name_zh": "Brew Lab",
        "name_en": "Brew Lab",
        "name_pt": null,
        "category": "food",
        "category_value": "cafe",
        "category_label": "美食",
        "opening_hours": null,
        "cuisine": "bagel;coffee_shop",
        "wikidata": null,
        "website": null,
        "ele": null,
        "lat": 22.194457,
        "lng": 113.53817,
        "source": "osm"
      }
    },
    {
      "type": "Feature",
      "geometry": {
        "type": "Point",
        "coordinates": [
          113.538373,
          22.194044
        ]
      },
      "properties": {
        "osm_id": "node/11260105537",
        "name": "Peking Dumplings",
        "name_zh": "Peking Dumplings",
        "name_en": "Peking Dumplings",
        "name_pt": null,
        "category": "food",
        "category_value": "restaurant",
        "category_label": "美食",
        "opening_hours": null,
        "cuisine": null,
        "wikidata": null,
        "website": null,
        "ele": null,
        "lat": 22.194044,
        "lng": 113.538373,
        "source": "osm"
      }
    },
    {
      "type": "Feature",
      "geometry": {
        "type": "Point",
        "coordinates": [
          113.573389,
          22.14158
        ]
      },
      "properties": {
        "osm_id": "node/11281787959",
        "name": "H853娛樂館 H853 Entertainment Place",
        "name_zh": "H853娛樂館",
        "name_en": "H853 Entertainment Place",
        "name_pt": null,
        "category": "amenity",
        "category_value": "theatre",
        "category_label": "設施",
        "opening_hours": null,
        "cuisine": null,
        "wikidata": null,
        "website": null,
        "ele": null,
        "lat": 22.14158,
        "lng": 113.573389,
        "source": "osm"
      }
    },
    {
      "type": "Feature",
      "geometry": {
        "type": "Point",
        "coordinates": [
          113.560157,
          22.141154
        ]
      },
      "properties": {
        "osm_id": "node/11281836103",
        "name": "新濠影匯綜藝館 Studio City Event Center",
        "name_zh": "新濠影匯綜藝館",
        "name_en": "Studio City Event Center",
        "name_pt": null,
        "category": "amenity",
        "category_value": "theatre",
        "category_label": "設施",
        "opening_hours": null,
        "cuisine": null,
        "wikidata": null,
        "website": null,
        "ele": null,
        "lat": 22.141154,
        "lng": 113.560157,
        "source": "osm"
      }
    },
    {
      "type": "Feature",
      "geometry": {
        "type": "Point",
        "coordinates": [
          113.545821,
          22.133732
        ]
      },
      "properties": {
        "osm_id": "node/11295472303",
        "name": "香榭里法式餐廳 Le Bistro by Élysée",
        "name_zh": "香榭里法式餐廳",
        "name_en": "Le Bistro by Élysée",
        "name_pt": null,
        "category": "food",
        "category_value": "restaurant",
        "category_label": "美食",
        "opening_hours": null,
        "cuisine": null,
        "wikidata": null,
        "website": "https://css.cmdo.um.edu.mo/portfolio-items/elysee/?portfolioCats=159%2C158%2C247",
        "ele": null,
        "lat": 22.133732,
        "lng": 113.545821,
        "source": "osm"
      }
    },
    {
      "type": "Feature",
      "geometry": {
        "type": "Point",
        "coordinates": [
          113.566224,
          22.144788
        ]
      },
      "properties": {
        "osm_id": "node/11323038465",
        "name": "倫敦人劇場 The Londoner Theatre",
        "name_zh": "倫敦人劇場",
        "name_en": "The Londoner Theatre",
        "name_pt": null,
        "category": "amenity",
        "category_value": "theatre",
        "category_label": "設施",
        "opening_hours": null,
        "cuisine": null,
        "wikidata": null,
        "website": null,
        "ele": null,
        "lat": 22.144788,
        "lng": 113.566224,
        "source": "osm"
      }
    },
    {
      "type": "Feature",
      "geometry": {
        "type": "Point",
        "coordinates": [
          113.540122,
          22.202209
        ]
      },
      "properties": {
        "osm_id": "node/11368292869",
        "name": "Macau 1881",
        "name_zh": null,
        "name_en": "Macau 1881",
        "name_pt": null,
        "category": "food",
        "category_value": "cafe",
        "category_label": "美食",
        "opening_hours": null,
        "cuisine": null,
        "wikidata": null,
        "website": null,
        "ele": null,
        "lat": 22.202209,
        "lng": 113.540122,
        "source": "osm"
      }
    },
    {
      "type": "Feature",
      "geometry": {
        "type": "Point",
        "coordinates": [
          113.540713,
          22.193879
        ]
      },
      "properties": {
        "osm_id": "node/11368633669",
        "name": "Miki",
        "name_zh": null,
        "name_en": "Miki",
        "name_pt": null,
        "category": "food",
        "category_value": "cafe",
        "category_label": "美食",
        "opening_hours": null,
        "cuisine": null,
        "wikidata": null,
        "website": null,
        "ele": null,
        "lat": 22.193879,
        "lng": 113.540713,
        "source": "osm"
      }
    },
    {
      "type": "Feature",
      "geometry": {
        "type": "Point",
        "coordinates": [
          113.54458,
          22.124265
        ]
      },
      "properties": {
        "osm_id": "node/11372891127",
        "name": "口福美食廣場 Kou Fu Food Court",
        "name_zh": "口福美食廣場",
        "name_en": "Kou Fu Food Court",
        "name_pt": null,
        "category": "food",
        "category_value": "food_court",
        "category_label": "美食",
        "opening_hours": null,
        "cuisine": null,
        "wikidata": null,
        "website": "https://css.cmdo.um.edu.mo/outlets/",
        "ele": null,
        "lat": 22.124265,
        "lng": 113.54458,
        "source": "osm"
      }
    },
    {
      "type": "Feature",
      "geometry": {
        "type": "Point",
        "coordinates": [
          113.544273,
          22.124212
        ]
      },
      "properties": {
        "osm_id": "node/11372920671",
        "name": "小郡肝 Siu Gwan Gon",
        "name_zh": "小郡肝",
        "name_en": "Siu Gwan Gon",
        "name_pt": null,
        "category": "food",
        "category_value": "restaurant",
        "category_label": "美食",
        "opening_hours": "Mo-Su 10:30-22:00",
        "cuisine": null,
        "wikidata": null,
        "website": "https://css.cmdo.um.edu.mo/portfolio-items/siu-gwan-gon/?portfolioCats=159%2C158%2C247",
        "ele": null,
        "lat": 22.124212,
        "lng": 113.544273,
        "source": "osm"
      }
    },
    {
      "type": "Feature",
      "geometry": {
        "type": "Point",
        "coordinates": [
          113.557775,
          22.157149
        ]
      },
      "properties": {
        "osm_id": "node/11401270735",
        "name": "KOI Thé",
        "name_zh": "KOI Thé",
        "name_en": "KOI Thé",
        "name_pt": null,
        "category": "food",
        "category_value": "cafe",
        "category_label": "美食",
        "opening_hours": null,
        "cuisine": "bubble_tea",
        "wikidata": null,
        "website": null,
        "ele": null,
        "lat": 22.157149,
        "lng": 113.557775,
        "source": "osm"
      }
    },
    {
      "type": "Feature",
      "geometry": {
        "type": "Point",
        "coordinates": [
          113.55855,
          22.143639
        ]
      },
      "properties": {
        "osm_id": "node/11401270736",
        "name": "澳門teamLab超自然空間 teamLab SuperNature",
        "name_zh": "澳門teamLab超自然空間",
        "name_en": "teamLab SuperNature",
        "name_pt": null,
        "category": "tourism",
        "category_value": "museum",
        "category_label": "觀光",
        "opening_hours": "Mo-Su 11:00-19:00",
        "cuisine": null,
        "wikidata": null,
        "website": null,
        "ele": null,
        "lat": 22.143639,
        "lng": 113.55855,
        "source": "osm"
      }
    },
    {
      "type": "Feature",
      "geometry": {
        "type": "Point",
        "coordinates": [
          113.560259,
          22.148157
        ]
      },
      "properties": {
        "osm_id": "node/11401270737",
        "name": "Five Guys",
        "name_zh": "Five Guys",
        "name_en": null,
        "name_pt": null,
        "category": "food",
        "category_value": "fast_food",
        "category_label": "美食",
        "opening_hours": "Mo-Su 11:00-22:00",
        "cuisine": "burger",
        "wikidata": null,
        "website": "https://restaurants.fiveguys.mo/",
        "ele": null,
        "lat": 22.148157,
        "lng": 113.560259,
        "source": "osm"
      }
    },
    {
      "type": "Feature",
      "geometry": {
        "type": "Point",
        "coordinates": [
          113.564983,
          22.147093
        ]
      },
      "properties": {
        "osm_id": "node/11401270741",
        "name": "Shake Shack",
        "name_zh": "Shake Shack",
        "name_en": null,
        "name_pt": null,
        "category": "food",
        "category_value": "fast_food",
        "category_label": "美食",
        "opening_hours": null,
        "cuisine": "burger",
        "wikidata": null,
        "website": null,
        "ele": null,
        "lat": 22.147093,
        "lng": 113.564983,
        "source": "osm"
      }
    },
    {
      "type": "Feature",
      "geometry": {
        "type": "Point",
        "coordinates": [
          113.541702,
          22.201881
        ]
      },
      "properties": {
        "osm_id": "node/11544831256",
        "name": "輝盛根記食館 Estabelecimento de Comidas Fai Seng",
        "name_zh": "輝盛根記食館",
        "name_en": null,
        "name_pt": "Estabelecimento de Comidas Fai Seng",
        "category": "food",
        "category_value": "restaurant",
        "category_label": "美食",
        "opening_hours": "Mo-Su 11:00-15:00; Mo-Su 18:00-23:30",
        "cuisine": "chinese",
        "wikidata": null,
        "website": null,
        "ele": null,
        "lat": 22.201881,
        "lng": 113.541702,
        "source": "osm"
      }
    },
    {
      "type": "Feature",
      "geometry": {
        "type": "Point",
        "coordinates": [
          113.55105,
          22.212984
        ]
      },
      "properties": {
        "osm_id": "node/11617795032",
        "name": "鮮芋仙 Meet Fresh",
        "name_zh": "鮮芋仙",
        "name_en": "Meet Fresh",
        "name_pt": null,
        "category": "food",
        "category_value": "ice_cream",
        "category_label": "美食",
        "opening_hours": null,
        "cuisine": "taiwanese",
        "wikidata": null,
        "website": null,
        "ele": null,
        "lat": 22.212984,
        "lng": 113.55105,
        "source": "osm"
      }
    },
    {
      "type": "Feature",
      "geometry": {
        "type": "Point",
        "coordinates": [
          113.552673,
          22.159896
        ]
      },
      "properties": {
        "osm_id": "node/11617795066",
        "name": "喜茶 Heytea",
        "name_zh": "喜茶",
        "name_en": "Heytea",
        "name_pt": null,
        "category": "food",
        "category_value": "cafe",
        "category_label": "美食",
        "opening_hours": null,
        "cuisine": "bubble_tea",
        "wikidata": null,
        "website": null,
        "ele": null,
        "lat": 22.159896,
        "lng": 113.552673,
        "source": "osm"
      }
    },
    {
      "type": "Feature",
      "geometry": {
        "type": "Point",
        "coordinates": [
          113.542724,
          22.193997
        ]
      },
      "properties": {
        "osm_id": "node/11617815966",
        "name": "茶理宜世",
        "name_zh": "茶理宜世",
        "name_en": null,
        "name_pt": null,
        "category": "food",
        "category_value": "cafe",
        "category_label": "美食",
        "opening_hours": null,
        "cuisine": "bubble_tea",
        "wikidata": null,
        "website": null,
        "ele": null,
        "lat": 22.193997,
        "lng": 113.542724,
        "source": "osm"
      }
    },
    {
      "type": "Feature",
      "geometry": {
        "type": "Point",
        "coordinates": [
          113.554313,
          22.149547
        ]
      },
      "properties": {
        "osm_id": "node/11617857969",
        "name": "翠華餐廳 Tsui Wah Restaurant",
        "name_zh": "翠華餐廳",
        "name_en": "Tsui Wah Restaurant",
        "name_pt": null,
        "category": "food",
        "category_value": "fast_food",
        "category_label": "美食",
        "opening_hours": null,
        "cuisine": "cantonese",
        "wikidata": null,
        "website": null,
        "ele": null,
        "lat": 22.149547,
        "lng": 113.554313,
        "source": "osm"
      }
    },
    {
      "type": "Feature",
      "geometry": {
        "type": "Point",
        "coordinates": [
          113.543436,
          22.194057
        ]
      },
      "properties": {
        "osm_id": "node/11641368247",
        "name": "KOI",
        "name_zh": "KOI",
        "name_en": "KOI",
        "name_pt": null,
        "category": "food",
        "category_value": "cafe",
        "category_label": "美食",
        "opening_hours": null,
        "cuisine": "bubble_tea",
        "wikidata": null,
        "website": null,
        "ele": null,
        "lat": 22.194057,
        "lng": 113.543436,
        "source": "osm"
      }
    },
    {
      "type": "Feature",
      "geometry": {
        "type": "Point",
        "coordinates": [
          113.542723,
          22.193933
        ]
      },
      "properties": {
        "osm_id": "node/11641368248",
        "name": "天仁茗茶",
        "name_zh": "天仁茗茶",
        "name_en": null,
        "name_pt": null,
        "category": "food",
        "category_value": "cafe",
        "category_label": "美食",
        "opening_hours": null,
        "cuisine": "bubble_tea",
        "wikidata": null,
        "website": null,
        "ele": null,
        "lat": 22.193933,
        "lng": 113.542723,
        "source": "osm"
      }
    },
    {
      "type": "Feature",
      "geometry": {
        "type": "Point",
        "coordinates": [
          113.540527,
          22.197154
        ]
      },
      "properties": {
        "osm_id": "node/11641368256",
        "name": "% Arabica",
        "name_zh": "% Arabica",
        "name_en": null,
        "name_pt": null,
        "category": "food",
        "category_value": "cafe",
        "category_label": "美食",
        "opening_hours": null,
        "cuisine": "coffee_shop",
        "wikidata": null,
        "website": null,
        "ele": null,
        "lat": 22.197154,
        "lng": 113.540527,
        "source": "osm"
      }
    },
    {
      "type": "Feature",
      "geometry": {
        "type": "Point",
        "coordinates": [
          113.535045,
          22.19041
        ]
      },
      "properties": {
        "osm_id": "node/11821964050",
        "name": "馬里奧餅店 Padaria New Mário",
        "name_zh": "馬里奧餅店 Padaria New Mário",
        "name_en": null,
        "name_pt": null,
        "category": "food",
        "category_value": "shop=bakery",
        "category_label": "美食",
        "opening_hours": "Mo-Su 07:00-19:00",
        "cuisine": null,
        "wikidata": null,
        "website": null,
        "ele": null,
        "lat": 22.19041,
        "lng": 113.535045,
        "source": "osm"
      }
    },
    {
      "type": "Feature",
      "geometry": {
        "type": "Point",
        "coordinates": [
          113.536889,
          22.197137
        ]
      },
      "properties": {
        "osm_id": "node/11850770269",
        "name": "Mr Gung, Dim Sum",
        "name_zh": "Mr Gung, Dim Sum",
        "name_en": "Mr Gung, Dim Sum",
        "name_pt": null,
        "category": "food",
        "category_value": "restaurant",
        "category_label": "美食",
        "opening_hours": null,
        "cuisine": null,
        "wikidata": null,
        "website": null,
        "ele": null,
        "lat": 22.197137,
        "lng": 113.536889,
        "source": "osm"
      }
    },
    {
      "type": "Feature",
      "geometry": {
        "type": "Point",
        "coordinates": [
          113.540421,
          22.194993
        ]
      },
      "properties": {
        "osm_id": "node/11853323585",
        "name": "聖物寶庫 Tesouro de Arte Sacra",
        "name_zh": "聖物寶庫",
        "name_en": "Treasure of Sacred Art",
        "name_pt": "Tesouro de Arte Sacra",
        "category": "tourism",
        "category_value": "museum",
        "category_label": "觀光",
        "opening_hours": null,
        "cuisine": null,
        "wikidata": "Q15954779",
        "website": null,
        "ele": null,
        "lat": 22.194993,
        "lng": 113.540421,
        "source": "osm"
      }
    },
    {
      "type": "Feature",
      "geometry": {
        "type": "Point",
        "coordinates": [
          113.574877,
          22.126303
        ]
      },
      "properties": {
        "osm_id": "node/11948101443",
        "name": "阿婆秧眺望台 Miradouro de A Po Ioeng",
        "name_zh": "阿婆秧眺望台",
        "name_en": "A Po Ioeng Viewing Platform",
        "name_pt": "Miradouro de A Po Ioeng",
        "category": "tourism",
        "category_value": "viewpoint",
        "category_label": "觀光",
        "opening_hours": null,
        "cuisine": null,
        "wikidata": null,
        "website": null,
        "ele": null,
        "lat": 22.126303,
        "lng": 113.574877,
        "source": "osm"
      }
    },
    {
      "type": "Feature",
      "geometry": {
        "type": "Point",
        "coordinates": [
          113.551279,
          22.118509
        ]
      },
      "properties": {
        "osm_id": "node/11950059485",
        "name": "安德魯花園咖啡店 Lord Stow's Garden Cafe",
        "name_zh": "安德魯花園咖啡店",
        "name_en": "Lord Stow's Garden Cafe",
        "name_pt": null,
        "category": "food",
        "category_value": "cafe",
        "category_label": "美食",
        "opening_hours": null,
        "cuisine": null,
        "wikidata": null,
        "website": null,
        "ele": null,
        "lat": 22.118509,
        "lng": 113.551279,
        "source": "osm"
      }
    },
    {
      "type": "Feature",
      "geometry": {
        "type": "Point",
        "coordinates": [
          113.556926,
          22.206681
        ]
      },
      "properties": {
        "osm_id": "node/11953665243",
        "name": "廣華土地公",
        "name_zh": "廣華土地公",
        "name_en": null,
        "name_pt": null,
        "category": "amenity",
        "category_value": "place_of_worship",
        "category_label": "設施",
        "opening_hours": null,
        "cuisine": null,
        "wikidata": null,
        "website": null,
        "ele": null,
        "lat": 22.206681,
        "lng": 113.556926,
        "source": "osm"
      }
    },
    {
      "type": "Feature",
      "geometry": {
        "type": "Point",
        "coordinates": [
          113.539614,
          22.191539
        ]
      },
      "properties": {
        "osm_id": "node/11978530369",
        "name": "Vegetarian Cafe",
        "name_zh": "Vegetarian Cafe",
        "name_en": "Vegetarian Cafe",
        "name_pt": null,
        "category": "food",
        "category_value": "cafe",
        "category_label": "美食",
        "opening_hours": null,
        "cuisine": null,
        "wikidata": null,
        "website": null,
        "ele": null,
        "lat": 22.191539,
        "lng": 113.539614,
        "source": "osm"
      }
    },
    {
      "type": "Feature",
      "geometry": {
        "type": "Point",
        "coordinates": [
          113.564297,
          22.145756
        ]
      },
      "properties": {
        "osm_id": "node/12054344961",
        "name": "英國紅色雙層巴士 Red Double-decker  Bus",
        "name_zh": "英國紅巴士",
        "name_en": "Red Double-decker  Bus",
        "name_pt": null,
        "category": "tourism",
        "category_value": "attraction",
        "category_label": "觀光",
        "opening_hours": null,
        "cuisine": null,
        "wikidata": null,
        "website": null,
        "ele": null,
        "lat": 22.145756,
        "lng": 113.564297,
        "source": "osm"
      }
    },
    {
      "type": "Feature",
      "geometry": {
        "type": "Point",
        "coordinates": [
          113.537171,
          22.202454
        ]
      },
      "properties": {
        "osm_id": "node/12054430718",
        "name": "沙梨頭美食廣場 Centro de Comidas do Patane",
        "name_zh": "沙梨頭美食廣場",
        "name_en": "Food Court of Patane Market",
        "name_pt": "Centro de Comidas do Patane",
        "category": "food",
        "category_value": "food_court",
        "category_label": "美食",
        "opening_hours": null,
        "cuisine": null,
        "wikidata": null,
        "website": null,
        "ele": null,
        "lat": 22.202454,
        "lng": 113.537171,
        "source": "osm"
      }
    },
    {
      "type": "Feature",
      "geometry": {
        "type": "Point",
        "coordinates": [
          113.556773,
          22.193165
        ]
      },
      "properties": {
        "osm_id": "node/12147571422",
        "name": "零角度",
        "name_zh": "零角度",
        "name_en": "Zero Angle",
        "name_pt": null,
        "category": "food",
        "category_value": "restaurant",
        "category_label": "美食",
        "opening_hours": null,
        "cuisine": null,
        "wikidata": null,
        "website": null,
        "ele": null,
        "lat": 22.193165,
        "lng": 113.556773,
        "source": "osm"
      }
    },
    {
      "type": "Feature",
      "geometry": {
        "type": "Point",
        "coordinates": [
          113.539341,
          22.193234
        ]
      },
      "properties": {
        "osm_id": "node/12156871686",
        "name": "狄若翰 João de Deus",
        "name_zh": "狄若翰",
        "name_en": null,
        "name_pt": "João de Deus",
        "category": "tourism",
        "category_value": "artwork",
        "category_label": "觀光",
        "opening_hours": null,
        "cuisine": null,
        "wikidata": null,
        "website": null,
        "ele": null,
        "lat": 22.193234,
        "lng": 113.539341,
        "source": "osm"
      }
    },
    {
      "type": "Feature",
      "geometry": {
        "type": "Point",
        "coordinates": [
          113.539451,
          22.193135
        ]
      },
      "properties": {
        "osm_id": "node/12156871687",
        "name": "賈梅士 Luís Vaz de Camões",
        "name_zh": "賈梅士",
        "name_en": null,
        "name_pt": "Luís Vaz de Camões",
        "category": "tourism",
        "category_value": "artwork",
        "category_label": "觀光",
        "opening_hours": null,
        "cuisine": null,
        "wikidata": null,
        "website": null,
        "ele": null,
        "lat": 22.193135,
        "lng": 113.539451,
        "source": "osm"
      }
    },
    {
      "type": "Feature",
      "geometry": {
        "type": "Point",
        "coordinates": [
          113.540607,
          22.193587
        ]
      },
      "properties": {
        "osm_id": "node/12156929707",
        "name": "賈尼勞主教 D. Belchior Carneiro",
        "name_zh": "賈尼勞主教",
        "name_en": null,
        "name_pt": "D. Belchior Carneiro",
        "category": "tourism",
        "category_value": "artwork",
        "category_label": "觀光",
        "opening_hours": null,
        "cuisine": null,
        "wikidata": null,
        "website": null,
        "ele": null,
        "lat": 22.193587,
        "lng": 113.540607,
        "source": "osm"
      }
    },
    {
      "type": "Feature",
      "geometry": {
        "type": "Point",
        "coordinates": [
          113.547008,
          22.189922
        ]
      },
      "properties": {
        "osm_id": "node/12156947936",
        "name": "若瑟·山度士·飛利拉 Jose dos Santos Ferreira",
        "name_zh": "若瑟·山度士·飛利拉",
        "name_en": null,
        "name_pt": "Jose dos Santos Ferreira",
        "category": "tourism",
        "category_value": "artwork",
        "category_label": "觀光",
        "opening_hours": null,
        "cuisine": null,
        "wikidata": null,
        "website": null,
        "ele": null,
        "lat": 22.189922,
        "lng": 113.547008,
        "source": "osm"
      }
    },
    {
      "type": "Feature",
      "geometry": {
        "type": "Point",
        "coordinates": [
          113.547731,
          22.190245
        ]
      },
      "properties": {
        "osm_id": "node/12156947937",
        "name": "鄭觀應 Zheng Guanying",
        "name_zh": "鄭觀應",
        "name_en": "Zheng Guanying",
        "name_pt": null,
        "category": "tourism",
        "category_value": "artwork",
        "category_label": "觀光",
        "opening_hours": null,
        "cuisine": null,
        "wikidata": null,
        "website": null,
        "ele": null,
        "lat": 22.190245,
        "lng": 113.547731,
        "source": "osm"
      }
    },
    {
      "type": "Feature",
      "geometry": {
        "type": "Point",
        "coordinates": [
          113.547455,
          22.209683
        ]
      },
      "properties": {
        "osm_id": "node/12156952959",
        "name": "林則徐 Lin Zexu",
        "name_zh": "林則徐",
        "name_en": "Lin Zexu",
        "name_pt": "Lin Hse Tsu",
        "category": "tourism",
        "category_value": "artwork",
        "category_label": "觀光",
        "opening_hours": null,
        "cuisine": null,
        "wikidata": null,
        "website": null,
        "ele": null,
        "lat": 22.209683,
        "lng": 113.547455,
        "source": "osm"
      }
    },
    {
      "type": "Feature",
      "geometry": {
        "type": "Point",
        "coordinates": [
          113.55287,
          22.191812
        ]
      },
      "properties": {
        "osm_id": "node/12156958865",
        "name": "冼星海 Xian Xing Hai",
        "name_zh": "冼星海",
        "name_en": "Xian Xing Hai",
        "name_pt": "Xian Xing Hai",
        "category": "tourism",
        "category_value": "artwork",
        "category_label": "觀光",
        "opening_hours": null,
        "cuisine": null,
        "wikidata": null,
        "website": null,
        "ele": null,
        "lat": 22.191812,
        "lng": 113.55287,
        "source": "osm"
      }
    },
    {
      "type": "Feature",
      "geometry": {
        "type": "Point",
        "coordinates": [
          113.542294,
          22.195786
        ]
      },
      "properties": {
        "osm_id": "node/12183731244",
        "name": "彬記美食",
        "name_zh": "彬記美食",
        "name_en": null,
        "name_pt": null,
        "category": "food",
        "category_value": "restaurant",
        "category_label": "美食",
        "opening_hours": "Mo-Su 07:00-17:45",
        "cuisine": null,
        "wikidata": null,
        "website": null,
        "ele": null,
        "lat": 22.195786,
        "lng": 113.542294,
        "source": "osm"
      }
    },
    {
      "type": "Feature",
      "geometry": {
        "type": "Point",
        "coordinates": [
          113.550838,
          22.204933
        ]
      },
      "properties": {
        "osm_id": "node/12243082315",
        "name": "蟹山",
        "name_zh": "蟹山",
        "name_en": null,
        "name_pt": null,
        "category": "natural",
        "category_value": "peak",
        "category_label": "自然",
        "opening_hours": null,
        "cuisine": null,
        "wikidata": null,
        "website": null,
        "ele": null,
        "lat": 22.204933,
        "lng": 113.550838,
        "source": "osm"
      }
    },
    {
      "type": "Feature",
      "geometry": {
        "type": "Point",
        "coordinates": [
          113.559532,
          22.154308
        ]
      },
      "properties": {
        "osm_id": "node/12346540667",
        "name": "賈梅士",
        "name_zh": "賈梅士",
        "name_en": null,
        "name_pt": null,
        "category": "tourism",
        "category_value": "artwork",
        "category_label": "觀光",
        "opening_hours": null,
        "cuisine": null,
        "wikidata": null,
        "website": null,
        "ele": null,
        "lat": 22.154308,
        "lng": 113.559532,
        "source": "osm"
      }
    },
    {
      "type": "Feature",
      "geometry": {
        "type": "Point",
        "coordinates": [
          113.571192,
          22.147667
        ]
      },
      "properties": {
        "osm_id": "node/12438118101",
        "name": "Buccleuch Vases",
        "name_zh": null,
        "name_en": "Buccleuch Vases",
        "name_pt": null,
        "category": "tourism",
        "category_value": "attraction",
        "category_label": "觀光",
        "opening_hours": null,
        "cuisine": null,
        "wikidata": null,
        "website": null,
        "ele": null,
        "lat": 22.147667,
        "lng": 113.571192,
        "source": "osm"
      }
    },
    {
      "type": "Feature",
      "geometry": {
        "type": "Point",
        "coordinates": [
          113.564862,
          22.144932
        ]
      },
      "properties": {
        "osm_id": "node/12438168401",
        "name": "The Londoner Carriage",
        "name_zh": null,
        "name_en": "The Londoner Carriage",
        "name_pt": null,
        "category": "tourism",
        "category_value": "attraction",
        "category_label": "觀光",
        "opening_hours": null,
        "cuisine": null,
        "wikidata": null,
        "website": null,
        "ele": null,
        "lat": 22.144932,
        "lng": 113.564862,
        "source": "osm"
      }
    },
    {
      "type": "Feature",
      "geometry": {
        "type": "Point",
        "coordinates": [
          113.56634,
          22.146056
        ]
      },
      "properties": {
        "osm_id": "node/12438168402",
        "name": "Double-decker bus",
        "name_zh": null,
        "name_en": "Double-decker bus",
        "name_pt": null,
        "category": "tourism",
        "category_value": "attraction",
        "category_label": "觀光",
        "opening_hours": null,
        "cuisine": null,
        "wikidata": null,
        "website": null,
        "ele": null,
        "lat": 22.146056,
        "lng": 113.56634,
        "source": "osm"
      }
    },
    {
      "type": "Feature",
      "geometry": {
        "type": "Point",
        "coordinates": [
          113.564278,
          22.144932
        ]
      },
      "properties": {
        "osm_id": "node/12438168501",
        "name": "Boedicea",
        "name_zh": "Boedicea",
        "name_en": null,
        "name_pt": null,
        "category": "tourism",
        "category_value": "artwork",
        "category_label": "觀光",
        "opening_hours": null,
        "cuisine": null,
        "wikidata": null,
        "website": null,
        "ele": null,
        "lat": 22.144932,
        "lng": 113.564278,
        "source": "osm"
      }
    },
    {
      "type": "Feature",
      "geometry": {
        "type": "Point",
        "coordinates": [
          113.562946,
          22.142861
        ]
      },
      "properties": {
        "osm_id": "node/12438201801",
        "name": "Arc de triomphe",
        "name_zh": null,
        "name_en": "Arc de triomphe",
        "name_pt": null,
        "category": "tourism",
        "category_value": "attraction",
        "category_label": "觀光",
        "opening_hours": null,
        "cuisine": null,
        "wikidata": null,
        "website": null,
        "ele": null,
        "lat": 22.142861,
        "lng": 113.562946,
        "source": "osm"
      }
    },
    {
      "type": "Feature",
      "geometry": {
        "type": "Point",
        "coordinates": [
          113.562012,
          22.143629
        ]
      },
      "properties": {
        "osm_id": "node/12438201802",
        "name": "Maritime Fountain",
        "name_zh": null,
        "name_en": "Maritime Fountain",
        "name_pt": null,
        "category": "amenity",
        "category_value": "fountain",
        "category_label": "設施",
        "opening_hours": null,
        "cuisine": null,
        "wikidata": null,
        "website": null,
        "ele": null,
        "lat": 22.143629,
        "lng": 113.562012,
        "source": "osm"
      }
    },
    {
      "type": "Feature",
      "geometry": {
        "type": "Point",
        "coordinates": [
          113.561993,
          22.144118
        ]
      },
      "properties": {
        "osm_id": "node/12438209102",
        "name": "Eiffel Tower entrance (5th floor)",
        "name_zh": null,
        "name_en": "Eiffel Tower entrance (5th floor)",
        "name_pt": null,
        "category": "tourism",
        "category_value": "attraction",
        "category_label": "觀光",
        "opening_hours": null,
        "cuisine": null,
        "wikidata": null,
        "website": null,
        "ele": null,
        "lat": 22.144118,
        "lng": 113.561993,
        "source": "osm"
      }
    },
    {
      "type": "Feature",
      "geometry": {
        "type": "Point",
        "coordinates": [
          113.559832,
          22.148483
        ]
      },
      "properties": {
        "osm_id": "node/12438234502",
        "name": "St. Mark's Square",
        "name_zh": "St. Mark's Square",
        "name_en": "St. Mark's Square",
        "name_pt": null,
        "category": "tourism",
        "category_value": "attraction",
        "category_label": "觀光",
        "opening_hours": null,
        "cuisine": null,
        "wikidata": null,
        "website": null,
        "ele": null,
        "lat": 22.148483,
        "lng": 113.559832,
        "source": "osm"
      }
    },
    {
      "type": "Feature",
      "geometry": {
        "type": "Point",
        "coordinates": [
          113.554556,
          22.160046
        ]
      },
      "properties": {
        "osm_id": "node/12438342952",
        "name": "E.S.Kimo",
        "name_zh": "E.S.Kimo",
        "name_en": null,
        "name_pt": null,
        "category": "food",
        "category_value": "restaurant",
        "category_label": "美食",
        "opening_hours": null,
        "cuisine": null,
        "wikidata": null,
        "website": null,
        "ele": null,
        "lat": 22.160046,
        "lng": 113.554556,
        "source": "osm"
      }
    },
    {
      "type": "Feature",
      "geometry": {
        "type": "Point",
        "coordinates": [
          113.548144,
          22.185797
        ]
      },
      "properties": {
        "osm_id": "node/12438388701",
        "name": "Praça Grande",
        "name_zh": null,
        "name_en": "Praça Grande",
        "name_pt": null,
        "category": "tourism",
        "category_value": "attraction",
        "category_label": "觀光",
        "opening_hours": null,
        "cuisine": null,
        "wikidata": null,
        "website": null,
        "ele": null,
        "lat": 22.185797,
        "lng": 113.548144,
        "source": "osm"
      }
    },
    {
      "type": "Feature",
      "geometry": {
        "type": "Point",
        "coordinates": [
          113.547588,
          22.186104
        ]
      },
      "properties": {
        "osm_id": "node/12438388801",
        "name": "保利美高梅博物館 Poly MGM Museum",
        "name_zh": "保利美高梅博物館",
        "name_en": "Poly MGM Museum",
        "name_pt": null,
        "category": "tourism",
        "category_value": "museum",
        "category_label": "觀光",
        "opening_hours": null,
        "cuisine": null,
        "wikidata": null,
        "website": null,
        "ele": null,
        "lat": 22.186104,
        "lng": 113.547588,
        "source": "osm"
      }
    },
    {
      "type": "Feature",
      "geometry": {
        "type": "Point",
        "coordinates": [
          113.539146,
          22.195423
        ]
      },
      "properties": {
        "osm_id": "node/12450306331",
        "name": "安妮亞與D Aria by Chef D",
        "name_zh": "安妮亞與D",
        "name_en": "Aria by Chef D",
        "name_pt": null,
        "category": "food",
        "category_value": "restaurant",
        "category_label": "美食",
        "opening_hours": "Wed-Mon 12:00-:14:30,18:00-22:00",
        "cuisine": "international",
        "wikidata": null,
        "website": null,
        "ele": null,
        "lat": 22.195423,
        "lng": 113.539146,
        "source": "osm"
      }
    },
    {
      "type": "Feature",
      "geometry": {
        "type": "Point",
        "coordinates": [
          113.539607,
          22.195098
        ]
      },
      "properties": {
        "osm_id": "node/12450972003",
        "name": "澳門順興悅美味坊 Estabelecimento de Comidas Shun Xing Yue",
        "name_zh": "澳門順興悅美味坊",
        "name_en": null,
        "name_pt": "Estabelecimento de Comidas Shun Xing Yue",
        "category": "food",
        "category_value": "restaurant",
        "category_label": "美食",
        "opening_hours": null,
        "cuisine": null,
        "wikidata": null,
        "website": null,
        "ele": null,
        "lat": 22.195098,
        "lng": 113.539607,
        "source": "osm"
      }
    },
    {
      "type": "Feature",
      "geometry": {
        "type": "Point",
        "coordinates": [
          113.539663,
          22.195116
        ]
      },
      "properties": {
        "osm_id": "node/12450972004",
        "name": "澳門好景飯店",
        "name_zh": "澳門好景飯店",
        "name_en": null,
        "name_pt": null,
        "category": "food",
        "category_value": "restaurant",
        "category_label": "美食",
        "opening_hours": null,
        "cuisine": null,
        "wikidata": null,
        "website": null,
        "ele": null,
        "lat": 22.195116,
        "lng": 113.539663,
        "source": "osm"
      }
    },
    {
      "type": "Feature",
      "geometry": {
        "type": "Point",
        "coordinates": [
          113.53959,
          22.19407
        ]
      },
      "properties": {
        "osm_id": "node/12450972006",
        "name": "益生堂涼茶小食甜品",
        "name_zh": "益生堂涼茶小食甜品",
        "name_en": null,
        "name_pt": null,
        "category": "food",
        "category_value": "fast_food",
        "category_label": "美食",
        "opening_hours": null,
        "cuisine": null,
        "wikidata": null,
        "website": null,
        "ele": null,
        "lat": 22.19407,
        "lng": 113.53959,
        "source": "osm"
      }
    },
    {
      "type": "Feature",
      "geometry": {
        "type": "Point",
        "coordinates": [
          113.539611,
          22.194049
        ]
      },
      "properties": {
        "osm_id": "node/12450972008",
        "name": "麥口咖啡",
        "name_zh": "麥口咖啡",
        "name_en": "Marko Coffee",
        "name_pt": null,
        "category": "food",
        "category_value": "cafe",
        "category_label": "美食",
        "opening_hours": null,
        "cuisine": null,
        "wikidata": null,
        "website": null,
        "ele": null,
        "lat": 22.194049,
        "lng": 113.539611,
        "source": "osm"
      }
    },
    {
      "type": "Feature",
      "geometry": {
        "type": "Point",
        "coordinates": [
          113.539646,
          22.19371
        ]
      },
      "properties": {
        "osm_id": "node/12450972009",
        "name": "鉅記手信 Pastelaria Koi Kei",
        "name_zh": "鉅記手信",
        "name_en": null,
        "name_pt": "Pastelaria Koi Kei",
        "category": "food",
        "category_value": "shop=pastry",
        "category_label": "美食",
        "opening_hours": null,
        "cuisine": null,
        "wikidata": null,
        "website": null,
        "ele": null,
        "lat": 22.19371,
        "lng": 113.539646,
        "source": "osm"
      }
    },
    {
      "type": "Feature",
      "geometry": {
        "type": "Point",
        "coordinates": [
          113.552749,
          22.159933
        ]
      },
      "properties": {
        "osm_id": "node/12470368009",
        "name": "Chénson",
        "name_zh": "Chénson",
        "name_en": null,
        "name_pt": null,
        "category": "food",
        "category_value": "cafe",
        "category_label": "美食",
        "opening_hours": null,
        "cuisine": "french",
        "wikidata": null,
        "website": null,
        "ele": null,
        "lat": 22.159933,
        "lng": 113.552749,
        "source": "osm"
      }
    },
    {
      "type": "Feature",
      "geometry": {
        "type": "Point",
        "coordinates": [
          113.547468,
          22.200985
        ]
      },
      "properties": {
        "osm_id": "node/12470769779",
        "name": "Connect Coffee Roasters",
        "name_zh": "Connect Coffee Roasters",
        "name_en": "Connect Coffee Roasters",
        "name_pt": null,
        "category": "food",
        "category_value": "cafe",
        "category_label": "美食",
        "opening_hours": null,
        "cuisine": "coffee_shop",
        "wikidata": null,
        "website": "https://connectcoffeeroasters.com",
        "ele": null,
        "lat": 22.200985,
        "lng": 113.547468,
        "source": "osm"
      }
    },
    {
      "type": "Feature",
      "geometry": {
        "type": "Point",
        "coordinates": [
          113.546338,
          22.202561
        ]
      },
      "properties": {
        "osm_id": "node/12475051094",
        "name": "園林",
        "name_zh": "園林",
        "name_en": null,
        "name_pt": null,
        "category": "food",
        "category_value": "restaurant",
        "category_label": "美食",
        "opening_hours": "10:30-20:00",
        "cuisine": "noodle",
        "wikidata": null,
        "website": null,
        "ele": null,
        "lat": 22.202561,
        "lng": 113.546338,
        "source": "osm"
      }
    },
    {
      "type": "Feature",
      "geometry": {
        "type": "Point",
        "coordinates": [
          113.557028,
          22.159457
        ]
      },
      "properties": {
        "osm_id": "node/12475076012",
        "name": "金利食店 Kam Lei",
        "name_zh": "金利食店",
        "name_en": "Kam Lei",
        "name_pt": "Kam Lei",
        "category": "food",
        "category_value": "restaurant",
        "category_label": "美食",
        "opening_hours": null,
        "cuisine": "noodle",
        "wikidata": null,
        "website": null,
        "ele": null,
        "lat": 22.159457,
        "lng": 113.557028,
        "source": "osm"
      }
    },
    {
      "type": "Feature",
      "geometry": {
        "type": "Point",
        "coordinates": [
          113.553722,
          22.195495
        ]
      },
      "properties": {
        "osm_id": "node/12475181401",
        "name": "陶香居酒家",
        "name_zh": "陶香居酒家",
        "name_en": "Nobel House Restaurant",
        "name_pt": null,
        "category": "food",
        "category_value": "restaurant",
        "category_label": "美食",
        "opening_hours": "9:00-15:00,18:00-23:00",
        "cuisine": "chinese;local;dim_sum",
        "wikidata": null,
        "website": null,
        "ele": null,
        "lat": 22.195495,
        "lng": 113.553722,
        "source": "osm"
      }
    },
    {
      "type": "Feature",
      "geometry": {
        "type": "Point",
        "coordinates": [
          113.539552,
          22.202025
        ]
      },
      "properties": {
        "osm_id": "node/12484103710",
        "name": "沙梨頭更館 Posto do Guarda-Nocturno no Patane",
        "name_zh": "沙梨頭更館",
        "name_en": "The Patane Night Watch House",
        "name_pt": "Posto do Guarda-Nocturno no Patane",
        "category": "tourism",
        "category_value": "museum",
        "category_label": "觀光",
        "opening_hours": null,
        "cuisine": null,
        "wikidata": "Q30945564",
        "website": "https://www.icm.gov.mo/en/NightWatchHouse",
        "ele": null,
        "lat": 22.202025,
        "lng": 113.539552,
        "source": "osm"
      }
    },
    {
      "type": "Feature",
      "geometry": {
        "type": "Point",
        "coordinates": [
          113.545436,
          22.199655
        ]
      },
      "properties": {
        "osm_id": "node/12484473201",
        "name": "Fika Life Coffee",
        "name_zh": "Fika Life Coffee",
        "name_en": null,
        "name_pt": null,
        "category": "food",
        "category_value": "shop=coffee",
        "category_label": "美食",
        "opening_hours": null,
        "cuisine": null,
        "wikidata": null,
        "website": null,
        "ele": null,
        "lat": 22.199655,
        "lng": 113.545436,
        "source": "osm"
      }
    },
    {
      "type": "Feature",
      "geometry": {
        "type": "Point",
        "coordinates": [
          113.538456,
          22.193919
        ]
      },
      "properties": {
        "osm_id": "node/12485965501",
        "name": "鳳城珠記麵家",
        "name_zh": "鳳城珠記麵家",
        "name_en": null,
        "name_pt": null,
        "category": "food",
        "category_value": "restaurant",
        "category_label": "美食",
        "opening_hours": "Mo-Su 09:00-18:00; 19:00-01:00",
        "cuisine": "local;noodles",
        "wikidata": null,
        "website": null,
        "ele": null,
        "lat": 22.193919,
        "lng": 113.538456,
        "source": "osm"
      }
    },
    {
      "type": "Feature",
      "geometry": {
        "type": "Point",
        "coordinates": [
          113.557919,
          22.154081
        ]
      },
      "properties": {
        "osm_id": "node/12487767901",
        "name": "Hideout Coffee",
        "name_zh": "Hideout Coffee",
        "name_en": "Hideout Coffee",
        "name_pt": null,
        "category": "food",
        "category_value": "shop=coffee",
        "category_label": "美食",
        "opening_hours": null,
        "cuisine": null,
        "wikidata": null,
        "website": null,
        "ele": null,
        "lat": 22.154081,
        "lng": 113.557919,
        "source": "osm"
      }
    },
    {
      "type": "Feature",
      "geometry": {
        "type": "Point",
        "coordinates": [
          113.540807,
          22.196361
        ]
      },
      "properties": {
        "osm_id": "node/12595064201",
        "name": "Koi Kei Bakery",
        "name_zh": "Koi Kei Bakery",
        "name_en": null,
        "name_pt": null,
        "category": "food",
        "category_value": "shop=bakery",
        "category_label": "美食",
        "opening_hours": null,
        "cuisine": null,
        "wikidata": null,
        "website": null,
        "ele": null,
        "lat": 22.196361,
        "lng": 113.540807,
        "source": "osm"
      }
    },
    {
      "type": "Feature",
      "geometry": {
        "type": "Point",
        "coordinates": [
          113.549369,
          22.187063
        ]
      },
      "properties": {
        "osm_id": "node/12647008701",
        "name": "丰收台The",
        "name_zh": "丰收台The",
        "name_en": "The Mix",
        "name_pt": null,
        "category": "food",
        "category_value": "restaurant",
        "category_label": "美食",
        "opening_hours": null,
        "cuisine": null,
        "wikidata": null,
        "website": null,
        "ele": null,
        "lat": 22.187063,
        "lng": 113.549369,
        "source": "osm"
      }
    },
    {
      "type": "Feature",
      "geometry": {
        "type": "Point",
        "coordinates": [
          113.540591,
          22.193977
        ]
      },
      "properties": {
        "osm_id": "node/12709431250",
        "name": "咖喱榮魚蛋牛雜",
        "name_zh": "咖喱榮魚蛋牛雜",
        "name_en": null,
        "name_pt": null,
        "category": "food",
        "category_value": "fast_food",
        "category_label": "美食",
        "opening_hours": null,
        "cuisine": null,
        "wikidata": null,
        "website": null,
        "ele": null,
        "lat": 22.193977,
        "lng": 113.540591,
        "source": "osm"
      }
    },
    {
      "type": "Feature",
      "geometry": {
        "type": "Point",
        "coordinates": [
          113.573987,
          22.113941
        ]
      },
      "properties": {
        "osm_id": "node/12756546872",
        "name": "猿人石 Pedra homem-macaco",
        "name_zh": "猿人石",
        "name_en": "Apeman Rock",
        "name_pt": "Pedra homem-macaco",
        "category": "tourism",
        "category_value": "viewpoint",
        "category_label": "觀光",
        "opening_hours": null,
        "cuisine": null,
        "wikidata": null,
        "website": null,
        "ele": null,
        "lat": 22.113941,
        "lng": 113.573987,
        "source": "osm"
      }
    },
    {
      "type": "Feature",
      "geometry": {
        "type": "Point",
        "coordinates": [
          113.557066,
          22.153275
        ]
      },
      "properties": {
        "osm_id": "node/12828886896",
        "name": "茶百道",
        "name_zh": "茶百道",
        "name_en": "chabaidao",
        "name_pt": null,
        "category": "food",
        "category_value": "cafe",
        "category_label": "美食",
        "opening_hours": null,
        "cuisine": "bubble_tea",
        "wikidata": null,
        "website": null,
        "ele": null,
        "lat": 22.153275,
        "lng": 113.557066,
        "source": "osm"
      }
    },
    {
      "type": "Feature",
      "geometry": {
        "type": "Point",
        "coordinates": [
          113.557301,
          22.153067
        ]
      },
      "properties": {
        "osm_id": "node/12828886897",
        "name": "老虎堂",
        "name_zh": "老虎堂",
        "name_en": "Tiger Sugar",
        "name_pt": null,
        "category": "food",
        "category_value": "cafe",
        "category_label": "美食",
        "opening_hours": null,
        "cuisine": "bubble_tea",
        "wikidata": null,
        "website": null,
        "ele": null,
        "lat": 22.153067,
        "lng": 113.557301,
        "source": "osm"
      }
    },
    {
      "type": "Feature",
      "geometry": {
        "type": "Point",
        "coordinates": [
          113.557871,
          22.15704
        ]
      },
      "properties": {
        "osm_id": "node/12828886898",
        "name": "1點點",
        "name_zh": "1點點",
        "name_en": null,
        "name_pt": null,
        "category": "food",
        "category_value": "cafe",
        "category_label": "美食",
        "opening_hours": null,
        "cuisine": "bubble_tea",
        "wikidata": null,
        "website": null,
        "ele": null,
        "lat": 22.15704,
        "lng": 113.557871,
        "source": "osm"
      }
    },
    {
      "type": "Feature",
      "geometry": {
        "type": "Point",
        "coordinates": [
          113.547645,
          22.206103
        ]
      },
      "properties": {
        "osm_id": "node/12846316167",
        "name": "城隍廟 Templo do Chan Vong",
        "name_zh": "城隍廟",
        "name_en": null,
        "name_pt": "Templo do Chan Vong",
        "category": "amenity",
        "category_value": "place_of_worship",
        "category_label": "設施",
        "opening_hours": null,
        "cuisine": null,
        "wikidata": null,
        "website": null,
        "ele": null,
        "lat": 22.206103,
        "lng": 113.547645,
        "source": "osm"
      }
    },
    {
      "type": "Feature",
      "geometry": {
        "type": "Point",
        "coordinates": [
          113.544526,
          22.124394
        ]
      },
      "properties": {
        "osm_id": "node/13003480451",
        "name": "意茶舍 Café Fantasy",
        "name_zh": "意茶舍",
        "name_en": "Café Fantasy",
        "name_pt": null,
        "category": "food",
        "category_value": "restaurant",
        "category_label": "美食",
        "opening_hours": null,
        "cuisine": "sandwich",
        "wikidata": null,
        "website": "https://css.cmdo.um.edu.mo/portfolio-items/cafefantasy/?portfolioCats=159%2C158%2C247",
        "ele": null,
        "lat": 22.124394,
        "lng": 113.544526,
        "source": "osm"
      }
    },
    {
      "type": "Feature",
      "geometry": {
        "type": "Point",
        "coordinates": [
          113.564991,
          22.147023
        ]
      },
      "properties": {
        "osm_id": "node/13006100699",
        "name": "戈登·拉姆齊英式酒吧",
        "name_zh": "戈登·拉姆齊英式酒吧",
        "name_en": "Gorden Ramsay Pub & Grill",
        "name_pt": null,
        "category": "food",
        "category_value": "restaurant",
        "category_label": "美食",
        "opening_hours": null,
        "cuisine": "fish_and_chips;western",
        "wikidata": null,
        "website": null,
        "ele": null,
        "lat": 22.147023,
        "lng": 113.564991,
        "source": "osm"
      }
    },
    {
      "type": "Feature",
      "geometry": {
        "type": "Point",
        "coordinates": [
          113.544271,
          22.124313
        ]
      },
      "properties": {
        "osm_id": "node/13081996909",
        "name": "庫迪咖啡 Cotti Coffee",
        "name_zh": "庫迪咖啡",
        "name_en": "Cotti Coffee",
        "name_pt": null,
        "category": "food",
        "category_value": "restaurant",
        "category_label": "美食",
        "opening_hours": "Mo-Fr 08:00-20:00 Sa-Su 08:00-18:30",
        "cuisine": "coffee_shop",
        "wikidata": null,
        "website": "https://css.cmdo.um.edu.mo/portfolio-items/cotticoffee/?portfolioCats=159%2C158%2C247",
        "ele": null,
        "lat": 22.124313,
        "lng": 113.544271,
        "source": "osm"
      }
    },
    {
      "type": "Feature",
      "geometry": {
        "type": "Point",
        "coordinates": [
          113.541668,
          22.206391
        ]
      },
      "properties": {
        "osm_id": "node/13167367890",
        "name": "馬里奧",
        "name_zh": "馬里奧",
        "name_en": null,
        "name_pt": null,
        "category": "food",
        "category_value": "shop=bakery",
        "category_label": "美食",
        "opening_hours": null,
        "cuisine": null,
        "wikidata": null,
        "website": null,
        "ele": null,
        "lat": 22.206391,
        "lng": 113.541668,
        "source": "osm"
      }
    },
    {
      "type": "Feature",
      "geometry": {
        "type": "Point",
        "coordinates": [
          113.554705,
          22.149533
        ]
      },
      "properties": {
        "osm_id": "node/13176213522",
        "name": "亞洲美食坊 Bons Bocados da Asia",
        "name_zh": "亞洲美食坊",
        "name_en": "Tastes of Asia",
        "name_pt": "Bons Bocados da Asia",
        "category": "food",
        "category_value": "food_court",
        "category_label": "美食",
        "opening_hours": null,
        "cuisine": null,
        "wikidata": null,
        "website": null,
        "ele": null,
        "lat": 22.149533,
        "lng": 113.554705,
        "source": "osm"
      }
    },
    {
      "type": "Feature",
      "geometry": {
        "type": "Point",
        "coordinates": [
          113.561038,
          22.148233
        ]
      },
      "properties": {
        "osm_id": "node/13176213523",
        "name": "威尼斯人美食廣場 The Venetian Food Court",
        "name_zh": "威尼斯人美食廣場",
        "name_en": "The Venetian Food Court",
        "name_pt": null,
        "category": "food",
        "category_value": "food_court",
        "category_label": "美食",
        "opening_hours": null,
        "cuisine": null,
        "wikidata": null,
        "website": null,
        "ele": null,
        "lat": 22.148233,
        "lng": 113.561038,
        "source": "osm"
      }
    },
    {
      "type": "Feature",
      "geometry": {
        "type": "Point",
        "coordinates": [
          113.572787,
          22.147218
        ]
      },
      "properties": {
        "osm_id": "node/13176213524",
        "name": "馥樂庭 Gourmet Pavilion",
        "name_zh": "馥樂庭",
        "name_en": null,
        "name_pt": "Gourmet Pavilion",
        "category": "food",
        "category_value": "food_court",
        "category_label": "美食",
        "opening_hours": null,
        "cuisine": null,
        "wikidata": null,
        "website": null,
        "ele": null,
        "lat": 22.147218,
        "lng": 113.572787,
        "source": "osm"
      }
    },
    {
      "type": "Feature",
      "geometry": {
        "type": "Point",
        "coordinates": [
          113.560724,
          22.142056
        ]
      },
      "properties": {
        "osm_id": "node/13176213525",
        "name": "八方美食廣場 The Food Republic",
        "name_zh": "八方美食廣場",
        "name_en": "The Food Republic",
        "name_pt": null,
        "category": "food",
        "category_value": "food_court",
        "category_label": "美食",
        "opening_hours": null,
        "cuisine": null,
        "wikidata": null,
        "website": null,
        "ele": null,
        "lat": 22.142056,
        "lng": 113.560724,
        "source": "osm"
      }
    },
    {
      "type": "Feature",
      "geometry": {
        "type": "Point",
        "coordinates": [
          113.541303,
          22.191422
        ]
      },
      "properties": {
        "osm_id": "node/13176227690",
        "name": "津津 JinJin",
        "name_zh": "津津",
        "name_en": "JinJin",
        "name_pt": null,
        "category": "food",
        "category_value": "food_court",
        "category_label": "美食",
        "opening_hours": null,
        "cuisine": null,
        "wikidata": null,
        "website": null,
        "ele": null,
        "lat": 22.191422,
        "lng": 113.541303,
        "source": "osm"
      }
    },
    {
      "type": "Feature",
      "geometry": {
        "type": "Point",
        "coordinates": [
          113.540457,
          22.191023
        ]
      },
      "properties": {
        "osm_id": "node/13176227691",
        "name": "新八佰伴美食廣場 New Yaohan Food Court",
        "name_zh": "新八佰伴美食廣場",
        "name_en": "New Yaohan Food Court",
        "name_pt": null,
        "category": "food",
        "category_value": "food_court",
        "category_label": "美食",
        "opening_hours": null,
        "cuisine": null,
        "wikidata": null,
        "website": null,
        "ele": null,
        "lat": 22.191023,
        "lng": 113.540457,
        "source": "osm"
      }
    },
    {
      "type": "Feature",
      "geometry": {
        "type": "Point",
        "coordinates": [
          113.560676,
          22.143874
        ]
      },
      "properties": {
        "osm_id": "node/13176235481",
        "name": "巴黎人美食廣場 The Parisian Food Court",
        "name_zh": "巴黎人美食廣場",
        "name_en": "The Parisian Food Court",
        "name_pt": null,
        "category": "food",
        "category_value": "food_court",
        "category_label": "美食",
        "opening_hours": null,
        "cuisine": null,
        "wikidata": null,
        "website": null,
        "ele": null,
        "lat": 22.143874,
        "lng": 113.560676,
        "source": "osm"
      }
    },
    {
      "type": "Feature",
      "geometry": {
        "type": "Point",
        "coordinates": [
          113.566697,
          22.148565
        ]
      },
      "properties": {
        "osm_id": "node/13176235482",
        "name": "蘇濠 SOHO",
        "name_zh": "蘇濠 SOHO",
        "name_en": "SOHO",
        "name_pt": null,
        "category": "food",
        "category_value": "food_court",
        "category_label": "美食",
        "opening_hours": null,
        "cuisine": null,
        "wikidata": null,
        "website": null,
        "ele": null,
        "lat": 22.148565,
        "lng": 113.566697,
        "source": "osm"
      }
    },
    {
      "type": "Feature",
      "geometry": {
        "type": "Point",
        "coordinates": [
          113.564475,
          22.149823
        ]
      },
      "properties": {
        "osm_id": "node/13176235483",
        "name": "空中躍薈 Dinner In The Sky Macao",
        "name_zh": "空中躍薈",
        "name_en": "Dinner In The Sky Macao",
        "name_pt": null,
        "category": "food",
        "category_value": "restaurant",
        "category_label": "美食",
        "opening_hours": null,
        "cuisine": null,
        "wikidata": null,
        "website": null,
        "ele": null,
        "lat": 22.149823,
        "lng": 113.564475,
        "source": "osm"
      }
    },
    {
      "type": "Feature",
      "geometry": {
        "type": "Point",
        "coordinates": [
          113.573898,
          22.143928
        ]
      },
      "properties": {
        "osm_id": "node/13176273241",
        "name": "上葡美食坊 GLP Food Hall",
        "name_zh": "上葡美食坊",
        "name_en": "GLP Food Hall",
        "name_pt": null,
        "category": "food",
        "category_value": "food_court",
        "category_label": "美食",
        "opening_hours": null,
        "cuisine": null,
        "wikidata": null,
        "website": null,
        "ele": null,
        "lat": 22.143928,
        "lng": 113.573898,
        "source": "osm"
      }
    },
    {
      "type": "Feature",
      "geometry": {
        "type": "Point",
        "coordinates": [
          113.544409,
          22.194982
        ]
      },
      "properties": {
        "osm_id": "node/13264309889",
        "name": "坤記餐食 A Vencedora",
        "name_zh": "坤記餐食 A Vencedora",
        "name_en": null,
        "name_pt": null,
        "category": "food",
        "category_value": "restaurant",
        "category_label": "美食",
        "opening_hours": "Mo-Su 12:00-22:00; PH closed",
        "cuisine": "portuguese",
        "wikidata": null,
        "website": null,
        "ele": null,
        "lat": 22.194982,
        "lng": 113.544409,
        "source": "osm"
      }
    },
    {
      "type": "Feature",
      "geometry": {
        "type": "Point",
        "coordinates": [
          113.541264,
          22.189001
        ]
      },
      "properties": {
        "osm_id": "node/13316147814",
        "name": "Bep Macao",
        "name_zh": "Bep Macao",
        "name_en": null,
        "name_pt": null,
        "category": "food",
        "category_value": "restaurant",
        "category_label": "美食",
        "opening_hours": "10:30-20:00",
        "cuisine": "vietnamese;coffee_shop",
        "wikidata": null,
        "website": "https://www.instagram.com/bep.macao/",
        "ele": null,
        "lat": 22.189001,
        "lng": 113.541264,
        "source": "osm"
      }
    },
    {
      "type": "Feature",
      "geometry": {
        "type": "Point",
        "coordinates": [
          113.558339,
          22.153744
        ]
      },
      "properties": {
        "osm_id": "node/13327403867",
        "name": "Cafe Hanoi 上河內咖啡",
        "name_zh": "Cafe Hanoi 上河內咖啡",
        "name_en": null,
        "name_pt": null,
        "category": "food",
        "category_value": "restaurant",
        "category_label": "美食",
        "opening_hours": "Mo-Su 12:00-21:00",
        "cuisine": "vietnamese;coffee_shop;noodle;beef_noodle",
        "wikidata": null,
        "website": "https://www.instagram.com/cafehanoimacau/",
        "ele": null,
        "lat": 22.153744,
        "lng": 113.558339,
        "source": "osm"
      }
    },
    {
      "type": "Feature",
      "geometry": {
        "type": "Point",
        "coordinates": [
          113.547919,
          22.206858
        ]
      },
      "properties": {
        "osm_id": "node/13341855613",
        "name": "教學餐廳 Educational Restaurant",
        "name_zh": "教學餐廳",
        "name_en": "Educational Restaurant",
        "name_pt": null,
        "category": "food",
        "category_value": "restaurant",
        "category_label": "美食",
        "opening_hours": null,
        "cuisine": null,
        "wikidata": null,
        "website": null,
        "ele": null,
        "lat": 22.206858,
        "lng": 113.547919,
        "source": "osm"
      }
    },
    {
      "type": "Feature",
      "geometry": {
        "type": "Point",
        "coordinates": [
          113.572911,
          22.151022
        ]
      },
      "properties": {
        "osm_id": "node/13407988288",
        "name": "外賣放置區",
        "name_zh": "外賣放置區",
        "name_en": null,
        "name_pt": null,
        "category": "food",
        "category_value": "restaurant",
        "category_label": "美食",
        "opening_hours": null,
        "cuisine": null,
        "wikidata": null,
        "website": null,
        "ele": null,
        "lat": 22.151022,
        "lng": 113.572911,
        "source": "osm"
      }
    },
    {
      "type": "Feature",
      "geometry": {
        "type": "Point",
        "coordinates": [
          113.540844,
          22.193868
        ]
      },
      "properties": {
        "osm_id": "node/13478870838",
        "name": "Cali Boy",
        "name_zh": "Cali Boy",
        "name_en": null,
        "name_pt": null,
        "category": "food",
        "category_value": "cafe",
        "category_label": "美食",
        "opening_hours": null,
        "cuisine": null,
        "wikidata": null,
        "website": null,
        "ele": null,
        "lat": 22.193868,
        "lng": 113.540844,
        "source": "osm"
      }
    },
    {
      "type": "Feature",
      "geometry": {
        "type": "Point",
        "coordinates": [
          113.540976,
          22.194332
        ]
      },
      "properties": {
        "osm_id": "node/13478966314",
        "name": "壹家茶餐廳",
        "name_zh": "壹家茶餐廳",
        "name_en": "a tea restaurant",
        "name_pt": null,
        "category": "food",
        "category_value": "restaurant",
        "category_label": "美食",
        "opening_hours": "Mo-Su 09:00-01:00",
        "cuisine": null,
        "wikidata": null,
        "website": null,
        "ele": null,
        "lat": 22.194332,
        "lng": 113.540976,
        "source": "osm"
      }
    },
    {
      "type": "Feature",
      "geometry": {
        "type": "Point",
        "coordinates": [
          113.536751,
          22.179793
        ]
      },
      "properties": {
        "osm_id": "node/13479147040",
        "name": "Macau Tower 360° Café 360 cafe",
        "name_zh": null,
        "name_en": "Macau Tower 360° Café 360 cafe",
        "name_pt": null,
        "category": "food",
        "category_value": "restaurant",
        "category_label": "美食",
        "opening_hours": null,
        "cuisine": null,
        "wikidata": null,
        "website": null,
        "ele": null,
        "lat": 22.179793,
        "lng": 113.536751,
        "source": "osm"
      }
    },
    {
      "type": "Feature",
      "geometry": {
        "type": "Point",
        "coordinates": [
          113.540999,
          22.193898
        ]
      },
      "properties": {
        "osm_id": "node/13481904791",
        "name": "Portuguese Tiles Mural",
        "name_zh": null,
        "name_en": "Portuguese Tiles Mural",
        "name_pt": null,
        "category": "tourism",
        "category_value": "artwork",
        "category_label": "觀光",
        "opening_hours": null,
        "cuisine": null,
        "wikidata": null,
        "website": null,
        "ele": null,
        "lat": 22.193898,
        "lng": 113.540999,
        "source": "osm"
      }
    },
    {
      "type": "Feature",
      "geometry": {
        "type": "Point",
        "coordinates": [
          113.566027,
          22.145963
        ]
      },
      "properties": {
        "osm_id": "node/13482113222",
        "name": "安德魯餅店及咖啡店 倫敦人店",
        "name_zh": "安德魯餅店及咖啡店 倫敦人店",
        "name_en": "Lord Stow's Bakery",
        "name_pt": null,
        "category": "food",
        "category_value": "shop=bakery",
        "category_label": "美食",
        "opening_hours": null,
        "cuisine": null,
        "wikidata": null,
        "website": null,
        "ele": null,
        "lat": 22.145963,
        "lng": 113.566027,
        "source": "osm"
      }
    },
    {
      "type": "Feature",
      "geometry": {
        "type": "Point",
        "coordinates": [
          113.546262,
          22.207669
        ]
      },
      "properties": {
        "osm_id": "node/13482189975",
        "name": "小孩與狗 Criança e Cão",
        "name_zh": "小孩與狗 Criança e Cão",
        "name_en": null,
        "name_pt": "Criança e Cão",
        "category": "tourism",
        "category_value": "artwork",
        "category_label": "觀光",
        "opening_hours": null,
        "cuisine": null,
        "wikidata": null,
        "website": null,
        "ele": null,
        "lat": 22.207669,
        "lng": 113.546262,
        "source": "osm"
      }
    },
    {
      "type": "Feature",
      "geometry": {
        "type": "Point",
        "coordinates": [
          113.56314,
          22.147235
        ]
      },
      "properties": {
        "osm_id": "node/13496005061",
        "name": "Rialto Bridge",
        "name_zh": null,
        "name_en": "Rialto Bridge",
        "name_pt": null,
        "category": "tourism",
        "category_value": "attraction",
        "category_label": "觀光",
        "opening_hours": null,
        "cuisine": null,
        "wikidata": null,
        "website": null,
        "ele": null,
        "lat": 22.147235,
        "lng": 113.56314,
        "source": "osm"
      }
    },
    {
      "type": "Feature",
      "geometry": {
        "type": "Point",
        "coordinates": [
          113.563962,
          22.12385
        ]
      },
      "properties": {
        "osm_id": "node/13520949601",
        "name": "Viewpoint of Cotai city",
        "name_zh": "Viewpoint of Cotai city",
        "name_en": null,
        "name_pt": null,
        "category": "tourism",
        "category_value": "viewpoint",
        "category_label": "觀光",
        "opening_hours": null,
        "cuisine": null,
        "wikidata": null,
        "website": null,
        "ele": null,
        "lat": 22.12385,
        "lng": 113.563962,
        "source": "osm"
      }
    },
    {
      "type": "Feature",
      "geometry": {
        "type": "Point",
        "coordinates": [
          113.564126,
          22.123644
        ]
      },
      "properties": {
        "osm_id": "node/13520949701",
        "name": "Viewpoint of beach",
        "name_zh": "Viewpoint of beach",
        "name_en": null,
        "name_pt": null,
        "category": "tourism",
        "category_value": "viewpoint",
        "category_label": "觀光",
        "opening_hours": null,
        "cuisine": null,
        "wikidata": null,
        "website": null,
        "ele": null,
        "lat": 22.123644,
        "lng": 113.564126,
        "source": "osm"
      }
    },
    {
      "type": "Feature",
      "geometry": {
        "type": "Point",
        "coordinates": [
          113.562104,
          22.123073
        ]
      },
      "properties": {
        "osm_id": "node/13520949801",
        "name": "Viewpoint of city",
        "name_zh": "Viewpoint of city",
        "name_en": null,
        "name_pt": null,
        "category": "tourism",
        "category_value": "viewpoint",
        "category_label": "觀光",
        "opening_hours": null,
        "cuisine": null,
        "wikidata": null,
        "website": null,
        "ele": null,
        "lat": 22.123073,
        "lng": 113.562104,
        "source": "osm"
      }
    },
    {
      "type": "Feature",
      "geometry": {
        "type": "Point",
        "coordinates": [
          113.565718,
          22.146954
        ]
      },
      "properties": {
        "osm_id": "node/13521375801",
        "name": "The St. Regis Bar",
        "name_zh": "The St. Regis Bar",
        "name_en": null,
        "name_pt": null,
        "category": "food",
        "category_value": "bar",
        "category_label": "美食",
        "opening_hours": "Mo-Su 12:00-02:00",
        "cuisine": null,
        "wikidata": null,
        "website": null,
        "ele": null,
        "lat": 22.146954,
        "lng": 113.565718,
        "source": "osm"
      }
    },
    {
      "type": "Feature",
      "geometry": {
        "type": "Point",
        "coordinates": [
          113.571549,
          22.14695
        ]
      },
      "properties": {
        "osm_id": "node/13521428401",
        "name": "Wing Lei Bar",
        "name_zh": "Wing Lei Bar",
        "name_en": null,
        "name_pt": null,
        "category": "food",
        "category_value": "bar",
        "category_label": "美食",
        "opening_hours": "Mo-Su 17:00-01:00",
        "cuisine": null,
        "wikidata": null,
        "website": null,
        "ele": null,
        "lat": 22.14695,
        "lng": 113.571549,
        "source": "osm"
      }
    },
    {
      "type": "Feature",
      "geometry": {
        "type": "Point",
        "coordinates": [
          113.576823,
          22.125193
        ]
      },
      "properties": {
        "osm_id": "node/13523359001",
        "name": "Panorama Lounge Bar",
        "name_zh": "Panorama Lounge Bar",
        "name_en": null,
        "name_pt": null,
        "category": "food",
        "category_value": "bar",
        "category_label": "美食",
        "opening_hours": "Mo-Su 09:30-23:00",
        "cuisine": null,
        "wikidata": null,
        "website": null,
        "ele": null,
        "lat": 22.125193,
        "lng": 113.576823,
        "source": "osm"
      }
    },
    {
      "type": "Feature",
      "geometry": {
        "type": "Point",
        "coordinates": [
          113.544108,
          22.201992
        ]
      },
      "properties": {
        "osm_id": "node/13523381886",
        "name": "Common Room （新橋店）",
        "name_zh": "Common Room （新橋店）",
        "name_en": null,
        "name_pt": null,
        "category": "food",
        "category_value": "cafe",
        "category_label": "美食",
        "opening_hours": "Mo-Su 10:00-22:00",
        "cuisine": null,
        "wikidata": null,
        "website": null,
        "ele": null,
        "lat": 22.201992,
        "lng": 113.544108,
        "source": "osm"
      }
    },
    {
      "type": "Feature",
      "geometry": {
        "type": "Point",
        "coordinates": [
          113.555508,
          22.210063
        ]
      },
      "properties": {
        "osm_id": "node/13535773949",
        "name": "皇太子粥粉面食",
        "name_zh": "皇太子粥粉面食",
        "name_en": null,
        "name_pt": null,
        "category": "food",
        "category_value": "restaurant",
        "category_label": "美食",
        "opening_hours": "Mo-Su 07:00-18:00",
        "cuisine": "chinese;coffee_shop;noodle",
        "wikidata": null,
        "website": null,
        "ele": null,
        "lat": 22.210063,
        "lng": 113.555508,
        "source": "osm"
      }
    },
    {
      "type": "Feature",
      "geometry": {
        "type": "Point",
        "coordinates": [
          113.547788,
          22.203838
        ]
      },
      "properties": {
        "osm_id": "node/13545152308",
        "name": "Artigiano Coffee 艾奇諾咖啡",
        "name_zh": "Artigiano Coffee 艾奇諾咖啡",
        "name_en": null,
        "name_pt": null,
        "category": "food",
        "category_value": "cafe",
        "category_label": "美食",
        "opening_hours": "Mo-Su 08:00-20:00",
        "cuisine": null,
        "wikidata": null,
        "website": null,
        "ele": null,
        "lat": 22.203838,
        "lng": 113.547788,
        "source": "osm"
      }
    },
    {
      "type": "Feature",
      "geometry": {
        "type": "Point",
        "coordinates": [
          113.550692,
          22.211767
        ]
      },
      "properties": {
        "osm_id": "node/13564439650",
        "name": "美心餅店 Maxim's Cake Shop",
        "name_zh": "美心餅店",
        "name_en": "Maxim's Cake Shop",
        "name_pt": null,
        "category": "food",
        "category_value": "shop=bakery",
        "category_label": "美食",
        "opening_hours": null,
        "cuisine": null,
        "wikidata": null,
        "website": null,
        "ele": null,
        "lat": 22.211767,
        "lng": 113.550692,
        "source": "osm"
      }
    },
    {
      "type": "Feature",
      "geometry": {
        "type": "Point",
        "coordinates": [
          113.53135,
          22.187291
        ]
      },
      "properties": {
        "osm_id": "node/13587088101",
        "name": "Choi Kei Noodle Shop",
        "name_zh": "Choi Kei Noodle Shop",
        "name_en": null,
        "name_pt": null,
        "category": "food",
        "category_value": "cafe",
        "category_label": "美食",
        "opening_hours": null,
        "cuisine": null,
        "wikidata": null,
        "website": null,
        "ele": null,
        "lat": 22.187291,
        "lng": 113.53135,
        "source": "osm"
      }
    },
    {
      "type": "Feature",
      "geometry": {
        "type": "Point",
        "coordinates": [
          113.556904,
          22.154105
        ]
      },
      "properties": {
        "osm_id": "node/13655226959",
        "name": "木偶葡國餐廳",
        "name_zh": "木偶葡國餐廳",
        "name_en": null,
        "name_pt": null,
        "category": "food",
        "category_value": "restaurant",
        "category_label": "美食",
        "opening_hours": null,
        "cuisine": null,
        "wikidata": null,
        "website": null,
        "ele": null,
        "lat": 22.154105,
        "lng": 113.556904,
        "source": "osm"
      }
    },
    {
      "type": "Feature",
      "geometry": {
        "type": "Point",
        "coordinates": [
          113.554915,
          22.151347
        ]
      },
      "properties": {
        "osm_id": "node/13655230107",
        "name": "唐吉柯德",
        "name_zh": "唐吉柯德",
        "name_en": null,
        "name_pt": null,
        "category": "food",
        "category_value": "restaurant",
        "category_label": "美食",
        "opening_hours": null,
        "cuisine": null,
        "wikidata": null,
        "website": null,
        "ele": null,
        "lat": 22.151347,
        "lng": 113.554915,
        "source": "osm"
      }
    },
    {
      "type": "Feature",
      "geometry": {
        "type": "Point",
        "coordinates": [
          113.555192,
          22.152998
        ]
      },
      "properties": {
        "osm_id": "node/13655256235",
        "name": "水晶宮海鮮火鍋",
        "name_zh": "水晶宮海鮮火鍋",
        "name_en": null,
        "name_pt": null,
        "category": "food",
        "category_value": "restaurant",
        "category_label": "美食",
        "opening_hours": null,
        "cuisine": null,
        "wikidata": null,
        "website": null,
        "ele": null,
        "lat": 22.152998,
        "lng": 113.555192,
        "source": "osm"
      }
    },
    {
      "type": "Feature",
      "geometry": {
        "type": "Point",
        "coordinates": [
          113.555301,
          22.153139
        ]
      },
      "properties": {
        "osm_id": "node/13655256236",
        "name": "好運軒",
        "name_zh": "好運軒",
        "name_en": null,
        "name_pt": null,
        "category": "food",
        "category_value": "restaurant",
        "category_label": "美食",
        "opening_hours": null,
        "cuisine": null,
        "wikidata": null,
        "website": null,
        "ele": null,
        "lat": 22.153139,
        "lng": 113.555301,
        "source": "osm"
      }
    },
    {
      "type": "Feature",
      "geometry": {
        "type": "Point",
        "coordinates": [
          113.555372,
          22.153217
        ]
      },
      "properties": {
        "osm_id": "node/13655256237",
        "name": "氹仔茶餐廳",
        "name_zh": "氹仔茶餐廳",
        "name_en": null,
        "name_pt": null,
        "category": "food",
        "category_value": "restaurant",
        "category_label": "美食",
        "opening_hours": null,
        "cuisine": null,
        "wikidata": null,
        "website": null,
        "ele": null,
        "lat": 22.153217,
        "lng": 113.555372,
        "source": "osm"
      }
    },
    {
      "type": "Feature",
      "geometry": {
        "type": "Point",
        "coordinates": [
          113.555434,
          22.153276
        ]
      },
      "properties": {
        "osm_id": "node/13655256238",
        "name": "伙記",
        "name_zh": "伙記",
        "name_en": null,
        "name_pt": null,
        "category": "food",
        "category_value": "restaurant",
        "category_label": "美食",
        "opening_hours": null,
        "cuisine": null,
        "wikidata": null,
        "website": null,
        "ele": null,
        "lat": 22.153276,
        "lng": 113.555434,
        "source": "osm"
      }
    },
    {
      "type": "Feature",
      "geometry": {
        "type": "Point",
        "coordinates": [
          113.555491,
          22.153339
        ]
      },
      "properties": {
        "osm_id": "node/13655256239",
        "name": "篤篤泰國菜",
        "name_zh": "篤篤泰國菜",
        "name_en": null,
        "name_pt": null,
        "category": "food",
        "category_value": "restaurant",
        "category_label": "美食",
        "opening_hours": null,
        "cuisine": null,
        "wikidata": null,
        "website": null,
        "ele": null,
        "lat": 22.153339,
        "lng": 113.555491,
        "source": "osm"
      }
    },
    {
      "type": "Feature",
      "geometry": {
        "type": "Point",
        "coordinates": [
          113.555634,
          22.153511
        ]
      },
      "properties": {
        "osm_id": "node/13655256240",
        "name": "綠茵冰室",
        "name_zh": "綠茵冰室",
        "name_en": null,
        "name_pt": null,
        "category": "food",
        "category_value": "restaurant",
        "category_label": "美食",
        "opening_hours": null,
        "cuisine": null,
        "wikidata": null,
        "website": null,
        "ele": null,
        "lat": 22.153511,
        "lng": 113.555634,
        "source": "osm"
      }
    },
    {
      "type": "Feature",
      "geometry": {
        "type": "Point",
        "coordinates": [
          113.555778,
          22.153713
        ]
      },
      "properties": {
        "osm_id": "node/13655256244",
        "name": "咖喱全",
        "name_zh": "咖喱全",
        "name_en": null,
        "name_pt": null,
        "category": "food",
        "category_value": "restaurant",
        "category_label": "美食",
        "opening_hours": null,
        "cuisine": null,
        "wikidata": null,
        "website": null,
        "ele": null,
        "lat": 22.153713,
        "lng": 113.555778,
        "source": "osm"
      }
    },
    {
      "type": "Feature",
      "geometry": {
        "type": "Point",
        "coordinates": [
          113.555838,
          22.153779
        ]
      },
      "properties": {
        "osm_id": "node/13655256245",
        "name": "地堡茶餐廳",
        "name_zh": "地堡茶餐廳",
        "name_en": null,
        "name_pt": null,
        "category": "food",
        "category_value": "restaurant",
        "category_label": "美食",
        "opening_hours": null,
        "cuisine": null,
        "wikidata": null,
        "website": null,
        "ele": null,
        "lat": 22.153779,
        "lng": 113.555838,
        "source": "osm"
      }
    },
    {
      "type": "Feature",
      "geometry": {
        "type": "Point",
        "coordinates": [
          113.556212,
          22.153746
        ]
      },
      "properties": {
        "osm_id": "node/13679900902",
        "name": "小飛象葡國餐廳",
        "name_zh": "小飛象葡國餐廳",
        "name_en": null,
        "name_pt": null,
        "category": "food",
        "category_value": "restaurant",
        "category_label": "美食",
        "opening_hours": null,
        "cuisine": null,
        "wikidata": null,
        "website": null,
        "ele": null,
        "lat": 22.153746,
        "lng": 113.556212,
        "source": "osm"
      }
    },
    {
      "type": "Feature",
      "geometry": {
        "type": "Point",
        "coordinates": [
          113.532123,
          22.187034
        ]
      },
      "properties": {
        "osm_id": "node/13687990704",
        "name": "Estabelecimento de comidas man lei cheong seng",
        "name_zh": null,
        "name_en": "Estabelecimento de comidas man lei cheong seng",
        "name_pt": null,
        "category": "food",
        "category_value": "restaurant",
        "category_label": "美食",
        "opening_hours": null,
        "cuisine": null,
        "wikidata": null,
        "website": null,
        "ele": null,
        "lat": 22.187034,
        "lng": 113.532123,
        "source": "osm"
      }
    },
    {
      "type": "Feature",
      "geometry": {
        "type": "Point",
        "coordinates": [
          113.540067,
          22.195806
        ]
      },
      "properties": {
        "osm_id": "node/13701647508",
        "name": "英記餅家",
        "name_zh": "英記餅家",
        "name_en": null,
        "name_pt": null,
        "category": "food",
        "category_value": "shop=bakery",
        "category_label": "美食",
        "opening_hours": null,
        "cuisine": null,
        "wikidata": null,
        "website": null,
        "ele": null,
        "lat": 22.195806,
        "lng": 113.540067,
        "source": "osm"
      }
    },
    {
      "type": "Feature",
      "geometry": {
        "type": "Point",
        "coordinates": [
          113.555,
          22.152753
        ]
      },
      "properties": {
        "osm_id": "node/13701662351",
        "name": "Cafe E.S. Kimo",
        "name_zh": "Cafe E.S. Kimo",
        "name_en": null,
        "name_pt": null,
        "category": "food",
        "category_value": "cafe",
        "category_label": "美食",
        "opening_hours": null,
        "cuisine": null,
        "wikidata": null,
        "website": null,
        "ele": null,
        "lat": 22.152753,
        "lng": 113.555,
        "source": "osm"
      }
    },
    {
      "type": "Feature",
      "geometry": {
        "type": "Point",
        "coordinates": [
          113.552088,
          22.198947
        ]
      },
      "properties": {
        "osm_id": "node/13703098573",
        "name": "松山綜合廣場",
        "name_zh": "松山綜合廣場",
        "name_en": null,
        "name_pt": null,
        "category": "place",
        "category_value": "square",
        "category_label": "廣場",
        "opening_hours": null,
        "cuisine": null,
        "wikidata": null,
        "website": null,
        "ele": null,
        "lat": 22.198947,
        "lng": 113.552088,
        "source": "osm"
      }
    },
    {
      "type": "Feature",
      "geometry": {
        "type": "Point",
        "coordinates": [
          113.554936,
          22.151906
        ]
      },
      "properties": {
        "osm_id": "node/13711965044",
        "name": "熹廚日韓料理",
        "name_zh": "熹廚日韓料理",
        "name_en": null,
        "name_pt": null,
        "category": "food",
        "category_value": "restaurant",
        "category_label": "美食",
        "opening_hours": null,
        "cuisine": null,
        "wikidata": null,
        "website": null,
        "ele": null,
        "lat": 22.151906,
        "lng": 113.554936,
        "source": "osm"
      }
    },
    {
      "type": "Feature",
      "geometry": {
        "type": "Point",
        "coordinates": [
          113.554953,
          22.152017
        ]
      },
      "properties": {
        "osm_id": "node/13712065819",
        "name": "中國名人海鮮酒家",
        "name_zh": "中國名人海鮮酒家",
        "name_en": null,
        "name_pt": null,
        "category": "food",
        "category_value": "restaurant",
        "category_label": "美食",
        "opening_hours": null,
        "cuisine": null,
        "wikidata": null,
        "website": null,
        "ele": null,
        "lat": 22.152017,
        "lng": 113.554953,
        "source": "osm"
      }
    },
    {
      "type": "Feature",
      "geometry": {
        "type": "Point",
        "coordinates": [
          113.554938,
          22.152216
        ]
      },
      "properties": {
        "osm_id": "node/13712297750",
        "name": "檸檬車露",
        "name_zh": "檸檬車露",
        "name_en": null,
        "name_pt": null,
        "category": "food",
        "category_value": "ice_cream",
        "category_label": "美食",
        "opening_hours": null,
        "cuisine": null,
        "wikidata": null,
        "website": null,
        "ele": null,
        "lat": 22.152216,
        "lng": 113.554938,
        "source": "osm"
      }
    },
    {
      "type": "Feature",
      "geometry": {
        "type": "Point",
        "coordinates": [
          113.556766,
          22.15403
        ]
      },
      "properties": {
        "osm_id": "node/13713922773",
        "name": "咀香園",
        "name_zh": "咀香園",
        "name_en": null,
        "name_pt": null,
        "category": "food",
        "category_value": "shop=bakery",
        "category_label": "美食",
        "opening_hours": null,
        "cuisine": null,
        "wikidata": null,
        "website": null,
        "ele": null,
        "lat": 22.15403,
        "lng": 113.556766,
        "source": "osm"
      }
    },
    {
      "type": "Feature",
      "geometry": {
        "type": "Point",
        "coordinates": [
          113.5567,
          22.153979
        ]
      },
      "properties": {
        "osm_id": "node/13713922774",
        "name": "鉅記手信",
        "name_zh": "鉅記手信",
        "name_en": null,
        "name_pt": null,
        "category": "food",
        "category_value": "shop=bakery",
        "category_label": "美食",
        "opening_hours": null,
        "cuisine": null,
        "wikidata": null,
        "website": null,
        "ele": null,
        "lat": 22.153979,
        "lng": 113.5567,
        "source": "osm"
      }
    },
    {
      "type": "Feature",
      "geometry": {
        "type": "Point",
        "coordinates": [
          113.556759,
          22.153886
        ]
      },
      "properties": {
        "osm_id": "node/13713922775",
        "name": "鳳城利來手信",
        "name_zh": "鳳城利來手信",
        "name_en": null,
        "name_pt": null,
        "category": "food",
        "category_value": "shop=bakery",
        "category_label": "美食",
        "opening_hours": null,
        "cuisine": null,
        "wikidata": null,
        "website": null,
        "ele": null,
        "lat": 22.153886,
        "lng": 113.556759,
        "source": "osm"
      }
    },
    {
      "type": "Feature",
      "geometry": {
        "type": "Point",
        "coordinates": [
          113.556794,
          22.153826
        ]
      },
      "properties": {
        "osm_id": "node/13713922776",
        "name": "誠昌飯店",
        "name_zh": "誠昌飯店",
        "name_en": null,
        "name_pt": null,
        "category": "food",
        "category_value": "restaurant",
        "category_label": "美食",
        "opening_hours": null,
        "cuisine": null,
        "wikidata": null,
        "website": null,
        "ele": null,
        "lat": 22.153826,
        "lng": 113.556794,
        "source": "osm"
      }
    },
    {
      "type": "Feature",
      "geometry": {
        "type": "Point",
        "coordinates": [
          113.557011,
          22.153605
        ]
      },
      "properties": {
        "osm_id": "node/13713938469",
        "name": "鉅記餅家",
        "name_zh": "鉅記餅家",
        "name_en": null,
        "name_pt": null,
        "category": "food",
        "category_value": "shop=bakery",
        "category_label": "美食",
        "opening_hours": null,
        "cuisine": null,
        "wikidata": null,
        "website": null,
        "ele": null,
        "lat": 22.153605,
        "lng": 113.557011,
        "source": "osm"
      }
    },
    {
      "type": "Feature",
      "geometry": {
        "type": "Point",
        "coordinates": [
          113.556878,
          22.15369
        ]
      },
      "properties": {
        "osm_id": "node/13713948255",
        "name": "文記餅家",
        "name_zh": "文記餅家",
        "name_en": null,
        "name_pt": null,
        "category": "food",
        "category_value": "shop=bakery",
        "category_label": "美食",
        "opening_hours": null,
        "cuisine": null,
        "wikidata": null,
        "website": null,
        "ele": null,
        "lat": 22.15369,
        "lng": 113.556878,
        "source": "osm"
      }
    },
    {
      "type": "Feature",
      "geometry": {
        "type": "Point",
        "coordinates": [
          113.556893,
          22.153652
        ]
      },
      "properties": {
        "osm_id": "node/13713948256",
        "name": "官也媽媽",
        "name_zh": "官也媽媽",
        "name_en": null,
        "name_pt": null,
        "category": "food",
        "category_value": "shop=bakery",
        "category_label": "美食",
        "opening_hours": null,
        "cuisine": null,
        "wikidata": null,
        "website": null,
        "ele": null,
        "lat": 22.153652,
        "lng": 113.556893,
        "source": "osm"
      }
    },
    {
      "type": "Feature",
      "geometry": {
        "type": "Point",
        "coordinates": [
          113.556907,
          22.153619
        ]
      },
      "properties": {
        "osm_id": "node/13713948259",
        "name": "山度士葡式餐廳",
        "name_zh": "山度士葡式餐廳",
        "name_en": null,
        "name_pt": null,
        "category": "food",
        "category_value": "restaurant",
        "category_label": "美食",
        "opening_hours": null,
        "cuisine": null,
        "wikidata": null,
        "website": null,
        "ele": null,
        "lat": 22.153619,
        "lng": 113.556907,
        "source": "osm"
      }
    },
    {
      "type": "Feature",
      "geometry": {
        "type": "Point",
        "coordinates": [
          113.556871,
          22.153844
        ]
      },
      "properties": {
        "osm_id": "node/13716284632",
        "name": "十月初五餅家",
        "name_zh": "十月初五餅家",
        "name_en": null,
        "name_pt": null,
        "category": "food",
        "category_value": "shop=bakery",
        "category_label": "美食",
        "opening_hours": null,
        "cuisine": null,
        "wikidata": null,
        "website": null,
        "ele": null,
        "lat": 22.153844,
        "lng": 113.556871,
        "source": "osm"
      }
    },
    {
      "type": "Feature",
      "geometry": {
        "type": "Point",
        "coordinates": [
          113.556789,
          22.153973
        ]
      },
      "properties": {
        "osm_id": "node/13716298108",
        "name": "老牌車厘哥夫",
        "name_zh": "老牌車厘哥夫",
        "name_en": null,
        "name_pt": null,
        "category": "food",
        "category_value": "shop=bakery",
        "category_label": "美食",
        "opening_hours": null,
        "cuisine": null,
        "wikidata": null,
        "website": null,
        "ele": null,
        "lat": 22.153973,
        "lng": 113.556789,
        "source": "osm"
      }
    },
    {
      "type": "Feature",
      "geometry": {
        "type": "Point",
        "coordinates": [
          113.554915,
          22.151539
        ]
      },
      "properties": {
        "osm_id": "node/13716306627",
        "name": "扒皇燒",
        "name_zh": "扒皇燒",
        "name_en": null,
        "name_pt": null,
        "category": "food",
        "category_value": "restaurant",
        "category_label": "美食",
        "opening_hours": null,
        "cuisine": null,
        "wikidata": null,
        "website": null,
        "ele": null,
        "lat": 22.151539,
        "lng": 113.554915,
        "source": "osm"
      }
    },
    {
      "type": "Feature",
      "geometry": {
        "type": "Point",
        "coordinates": [
          113.554926,
          22.151744
        ]
      },
      "properties": {
        "osm_id": "node/13716306629",
        "name": "利安咖啡屋",
        "name_zh": "利安咖啡屋",
        "name_en": null,
        "name_pt": null,
        "category": "food",
        "category_value": "restaurant",
        "category_label": "美食",
        "opening_hours": null,
        "cuisine": null,
        "wikidata": null,
        "website": null,
        "ele": null,
        "lat": 22.151744,
        "lng": 113.554926,
        "source": "osm"
      }
    },
    {
      "type": "Feature",
      "geometry": {
        "type": "Point",
        "coordinates": [
          113.544542,
          22.201298
        ]
      },
      "properties": {
        "osm_id": "node/13805753287",
        "name": "連勝風行咖啡美食",
        "name_zh": "連勝風行咖啡美食",
        "name_en": null,
        "name_pt": null,
        "category": "food",
        "category_value": "restaurant",
        "category_label": "美食",
        "opening_hours": null,
        "cuisine": null,
        "wikidata": null,
        "website": null,
        "ele": null,
        "lat": 22.201298,
        "lng": 113.544542,
        "source": "osm"
      }
    },
    {
      "type": "Feature",
      "geometry": {
        "type": "Point",
        "coordinates": [
          113.544363,
          22.200645
        ]
      },
      "properties": {
        "osm_id": "node/13805753288",
        "name": "愛素食",
        "name_zh": "愛素食",
        "name_en": null,
        "name_pt": null,
        "category": "food",
        "category_value": "restaurant",
        "category_label": "美食",
        "opening_hours": null,
        "cuisine": null,
        "wikidata": null,
        "website": null,
        "ele": null,
        "lat": 22.200645,
        "lng": 113.544363,
        "source": "osm"
      }
    },
    {
      "type": "Feature",
      "geometry": {
        "type": "Point",
        "coordinates": [
          113.544181,
          22.200495
        ]
      },
      "properties": {
        "osm_id": "node/13805753289",
        "name": "雍記甜品",
        "name_zh": "雍記甜品",
        "name_en": null,
        "name_pt": null,
        "category": "food",
        "category_value": "restaurant",
        "category_label": "美食",
        "opening_hours": null,
        "cuisine": "甜品;糖水",
        "wikidata": null,
        "website": null,
        "ele": null,
        "lat": 22.200495,
        "lng": 113.544181,
        "source": "osm"
      }
    },
    {
      "type": "Feature",
      "geometry": {
        "type": "Point",
        "coordinates": [
          113.544063,
          22.200485
        ]
      },
      "properties": {
        "osm_id": "node/13805753290",
        "name": "泉記馳名喳咋",
        "name_zh": "泉記馳名喳咋",
        "name_en": null,
        "name_pt": null,
        "category": "food",
        "category_value": "restaurant",
        "category_label": "美食",
        "opening_hours": null,
        "cuisine": "糖水;甜品",
        "wikidata": null,
        "website": null,
        "ele": null,
        "lat": 22.200485,
        "lng": 113.544063,
        "source": "osm"
      }
    },
    {
      "type": "Feature",
      "geometry": {
        "type": "Point",
        "coordinates": [
          113.545371,
          22.202098
        ]
      },
      "properties": {
        "osm_id": "node/13805753293",
        "name": "WooLee Chicken 屋裡炸雞",
        "name_zh": "WooLee Chicken 屋裡炸雞",
        "name_en": null,
        "name_pt": null,
        "category": "food",
        "category_value": "restaurant",
        "category_label": "美食",
        "opening_hours": null,
        "cuisine": null,
        "wikidata": null,
        "website": null,
        "ele": null,
        "lat": 22.202098,
        "lng": 113.545371,
        "source": "osm"
      }
    },
    {
      "type": "Feature",
      "geometry": {
        "type": "Point",
        "coordinates": [
          113.54518,
          22.201813
        ]
      },
      "properties": {
        "osm_id": "node/13805753295",
        "name": "四哥風味館 - 渡船街店",
        "name_zh": "四哥風味館 - 渡船街店",
        "name_en": null,
        "name_pt": null,
        "category": "food",
        "category_value": "restaurant",
        "category_label": "美食",
        "opening_hours": null,
        "cuisine": null,
        "wikidata": null,
        "website": null,
        "ele": null,
        "lat": 22.201813,
        "lng": 113.54518,
        "source": "osm"
      }
    },
    {
      "type": "Feature",
      "geometry": {
        "type": "Point",
        "coordinates": [
          113.545266,
          22.201782
        ]
      },
      "properties": {
        "osm_id": "node/13805753296",
        "name": "金海馬美食",
        "name_zh": "金海馬美食",
        "name_en": null,
        "name_pt": null,
        "category": "food",
        "category_value": "restaurant",
        "category_label": "美食",
        "opening_hours": null,
        "cuisine": null,
        "wikidata": null,
        "website": null,
        "ele": null,
        "lat": 22.201782,
        "lng": 113.545266,
        "source": "osm"
      }
    },
    {
      "type": "Feature",
      "geometry": {
        "type": "Point",
        "coordinates": [
          113.54518,
          22.20165
        ]
      },
      "properties": {
        "osm_id": "node/13805753297",
        "name": "翡翠軒咖啡美食",
        "name_zh": "翡翠軒咖啡美食",
        "name_en": null,
        "name_pt": null,
        "category": "food",
        "category_value": "restaurant",
        "category_label": "美食",
        "opening_hours": null,
        "cuisine": null,
        "wikidata": null,
        "website": null,
        "ele": null,
        "lat": 22.20165,
        "lng": 113.54518,
        "source": "osm"
      }
    },
    {
      "type": "Feature",
      "geometry": {
        "type": "Point",
        "coordinates": [
          113.545142,
          22.201571
        ]
      },
      "properties": {
        "osm_id": "node/13805753298",
        "name": "兆豐粉麵咖啡",
        "name_zh": "兆豐粉麵咖啡",
        "name_en": null,
        "name_pt": null,
        "category": "food",
        "category_value": "restaurant",
        "category_label": "美食",
        "opening_hours": null,
        "cuisine": null,
        "wikidata": null,
        "website": null,
        "ele": null,
        "lat": 22.201571,
        "lng": 113.545142,
        "source": "osm"
      }
    },
    {
      "type": "Feature",
      "geometry": {
        "type": "Point",
        "coordinates": [
          113.545084,
          22.201474
        ]
      },
      "properties": {
        "osm_id": "node/13805753299",
        "name": "粥記麵家",
        "name_zh": "粥記麵家",
        "name_en": null,
        "name_pt": null,
        "category": "food",
        "category_value": "restaurant",
        "category_label": "美食",
        "opening_hours": null,
        "cuisine": "noodle",
        "wikidata": null,
        "website": null,
        "ele": null,
        "lat": 22.201474,
        "lng": 113.545084,
        "source": "osm"
      }
    },
    {
      "type": "Feature",
      "geometry": {
        "type": "Point",
        "coordinates": [
          113.544686,
          22.201355
        ]
      },
      "properties": {
        "osm_id": "node/13805753300",
        "name": "堡密思咖啡 Map Cafe",
        "name_zh": "堡密思咖啡 Map Cafe",
        "name_en": null,
        "name_pt": null,
        "category": "food",
        "category_value": "restaurant",
        "category_label": "美食",
        "opening_hours": null,
        "cuisine": null,
        "wikidata": null,
        "website": null,
        "ele": null,
        "lat": 22.201355,
        "lng": 113.544686,
        "source": "osm"
      }
    },
    {
      "type": "Feature",
      "geometry": {
        "type": "Point",
        "coordinates": [
          113.544613,
          22.201145
        ]
      },
      "properties": {
        "osm_id": "node/13805777701",
        "name": "銀龍粉麵咖啡",
        "name_zh": "銀龍粉麵咖啡",
        "name_en": null,
        "name_pt": null,
        "category": "food",
        "category_value": "restaurant",
        "category_label": "美食",
        "opening_hours": null,
        "cuisine": null,
        "wikidata": null,
        "website": null,
        "ele": null,
        "lat": 22.201145,
        "lng": 113.544613,
        "source": "osm"
      }
    },
    {
      "type": "Feature",
      "geometry": {
        "type": "Point",
        "coordinates": [
          113.544357,
          22.200255
        ]
      },
      "properties": {
        "osm_id": "node/13805777702",
        "name": "002魚湯粉 (外賣店)",
        "name_zh": "002魚湯粉 (外賣店)",
        "name_en": null,
        "name_pt": null,
        "category": "food",
        "category_value": "restaurant",
        "category_label": "美食",
        "opening_hours": null,
        "cuisine": "noodle",
        "wikidata": null,
        "website": null,
        "ele": null,
        "lat": 22.200255,
        "lng": 113.544357,
        "source": "osm"
      }
    },
    {
      "type": "Feature",
      "geometry": {
        "type": "Point",
        "coordinates": [
          113.543999,
          22.200454
        ]
      },
      "properties": {
        "osm_id": "node/13805777703",
        "name": "良品美食",
        "name_zh": "良品美食",
        "name_en": null,
        "name_pt": null,
        "category": "food",
        "category_value": "restaurant",
        "category_label": "美食",
        "opening_hours": null,
        "cuisine": "chinese",
        "wikidata": null,
        "website": null,
        "ele": null,
        "lat": 22.200454,
        "lng": 113.543999,
        "source": "osm"
      }
    },
    {
      "type": "Feature",
      "geometry": {
        "type": "Point",
        "coordinates": [
          113.543939,
          22.200424
        ]
      },
      "properties": {
        "osm_id": "node/13805777704",
        "name": "師傅仔美食",
        "name_zh": "師傅仔美食",
        "name_en": null,
        "name_pt": null,
        "category": "food",
        "category_value": "restaurant",
        "category_label": "美食",
        "opening_hours": null,
        "cuisine": null,
        "wikidata": null,
        "website": null,
        "ele": null,
        "lat": 22.200424,
        "lng": 113.543939,
        "source": "osm"
      }
    },
    {
      "type": "Feature",
      "geometry": {
        "type": "Point",
        "coordinates": [
          113.544199,
          22.202171
        ]
      },
      "properties": {
        "osm_id": "node/13805777705",
        "name": "美心餅店",
        "name_zh": "美心餅店",
        "name_en": null,
        "name_pt": null,
        "category": "food",
        "category_value": "shop=bakery",
        "category_label": "美食",
        "opening_hours": null,
        "cuisine": null,
        "wikidata": null,
        "website": null,
        "ele": null,
        "lat": 22.202171,
        "lng": 113.544199,
        "source": "osm"
      }
    },
    {
      "type": "Feature",
      "geometry": {
        "type": "Point",
        "coordinates": [
          113.544359,
          22.20212
        ]
      },
      "properties": {
        "osm_id": "node/13805777706",
        "name": "馬利奧餅店",
        "name_zh": "馬利奧餅店",
        "name_en": null,
        "name_pt": null,
        "category": "food",
        "category_value": "shop=bakery",
        "category_label": "美食",
        "opening_hours": null,
        "cuisine": null,
        "wikidata": null,
        "website": null,
        "ele": null,
        "lat": 22.20212,
        "lng": 113.544359,
        "source": "osm"
      }
    },
    {
      "type": "Feature",
      "geometry": {
        "type": "Point",
        "coordinates": [
          113.543756,
          22.201359
        ]
      },
      "properties": {
        "osm_id": "node/13805777707",
        "name": "江記(雞佬)粥粉",
        "name_zh": "江記(雞佬)粥粉",
        "name_en": null,
        "name_pt": null,
        "category": "food",
        "category_value": "restaurant",
        "category_label": "美食",
        "opening_hours": null,
        "cuisine": "noodle",
        "wikidata": null,
        "website": null,
        "ele": null,
        "lat": 22.201359,
        "lng": 113.543756,
        "source": "osm"
      }
    },
    {
      "type": "Feature",
      "geometry": {
        "type": "Point",
        "coordinates": [
          113.544145,
          22.201113
        ]
      },
      "properties": {
        "osm_id": "node/13805777708",
        "name": "Best Moment Cafe Macau 美好時光",
        "name_zh": "Best Moment Cafe Macau 美好時光",
        "name_en": null,
        "name_pt": null,
        "category": "food",
        "category_value": "restaurant",
        "category_label": "美食",
        "opening_hours": null,
        "cuisine": null,
        "wikidata": null,
        "website": null,
        "ele": null,
        "lat": 22.201113,
        "lng": 113.544145,
        "source": "osm"
      }
    },
    {
      "type": "Feature",
      "geometry": {
        "type": "Point",
        "coordinates": [
          113.547775,
          22.213877
        ]
      },
      "properties": {
        "osm_id": "node/13811326302",
        "name": "Koi Kei pastry shop",
        "name_zh": null,
        "name_en": "Koi Kei pastry shop",
        "name_pt": null,
        "category": "food",
        "category_value": "shop=confectionery",
        "category_label": "美食",
        "opening_hours": null,
        "cuisine": null,
        "wikidata": null,
        "website": null,
        "ele": null,
        "lat": 22.213877,
        "lng": 113.547775,
        "source": "osm"
      }
    },
    {
      "type": "Feature",
      "geometry": {
        "type": "Point",
        "coordinates": [
          113.539445,
          22.197019
        ]
      },
      "properties": {
        "osm_id": "node/13811326304",
        "name": "Hong Kong waffles",
        "name_zh": null,
        "name_en": "Hong Kong waffles",
        "name_pt": null,
        "category": "food",
        "category_value": "shop=bakery",
        "category_label": "美食",
        "opening_hours": null,
        "cuisine": null,
        "wikidata": null,
        "website": null,
        "ele": null,
        "lat": 22.197019,
        "lng": 113.539445,
        "source": "osm"
      }
    },
    {
      "type": "Feature",
      "geometry": {
        "type": "Point",
        "coordinates": [
          113.54485,
          22.205462
        ]
      },
      "properties": {
        "osm_id": "node/13811332601",
        "name": "3-fl market of 1936 with clock tower",
        "name_zh": null,
        "name_en": "3-fl market of 1936 with clock tower",
        "name_pt": null,
        "category": "tourism",
        "category_value": "attraction",
        "category_label": "觀光",
        "opening_hours": null,
        "cuisine": null,
        "wikidata": null,
        "website": null,
        "ele": null,
        "lat": 22.205462,
        "lng": 113.54485,
        "source": "osm"
      }
    },
    {
      "type": "Feature",
      "geometry": {
        "type": "Point",
        "coordinates": [
          113.539025,
          22.198519
        ]
      },
      "properties": {
        "osm_id": "node/13811332604",
        "name": "Puffin",
        "name_zh": null,
        "name_en": "Puffin",
        "name_pt": null,
        "category": "food",
        "category_value": "cafe",
        "category_label": "美食",
        "opening_hours": null,
        "cuisine": null,
        "wikidata": null,
        "website": null,
        "ele": null,
        "lat": 22.198519,
        "lng": 113.539025,
        "source": "osm"
      }
    },
    {
      "type": "Feature",
      "geometry": {
        "type": "Point",
        "coordinates": [
          113.539649,
          22.197771
        ]
      },
      "properties": {
        "osm_id": "node/13811332901",
        "name": "seven tea",
        "name_zh": null,
        "name_en": "seven tea",
        "name_pt": null,
        "category": "food",
        "category_value": "shop=tea",
        "category_label": "美食",
        "opening_hours": null,
        "cuisine": null,
        "wikidata": null,
        "website": null,
        "ele": null,
        "lat": 22.197771,
        "lng": 113.539649,
        "source": "osm"
      }
    },
    {
      "type": "Feature",
      "geometry": {
        "type": "Point",
        "coordinates": [
          113.534163,
          22.190886
        ]
      },
      "properties": {
        "osm_id": "node/13832232501",
        "name": "Long Long Thai",
        "name_zh": "Long Long Thai",
        "name_en": null,
        "name_pt": null,
        "category": "food",
        "category_value": "restaurant",
        "category_label": "美食",
        "opening_hours": null,
        "cuisine": "thai",
        "wikidata": null,
        "website": null,
        "ele": null,
        "lat": 22.190886,
        "lng": 113.534163,
        "source": "osm"
      }
    },
    {
      "type": "Feature",
      "geometry": {
        "type": "Point",
        "coordinates": [
          113.54529,
          22.203371
        ]
      },
      "properties": {
        "osm_id": "node/13849962216",
        "name": "菓子喫茶",
        "name_zh": "菓子喫茶",
        "name_en": null,
        "name_pt": null,
        "category": "food",
        "category_value": "cafe",
        "category_label": "美食",
        "opening_hours": null,
        "cuisine": null,
        "wikidata": null,
        "website": "https://www.instagram.com/okashinomaid/",
        "ele": null,
        "lat": 22.203371,
        "lng": 113.54529,
        "source": "osm"
      }
    },
    {
      "type": "Feature",
      "geometry": {
        "type": "Point",
        "coordinates": [
          113.545041,
          22.196917
        ]
      },
      "properties": {
        "osm_id": "node/13871091601",
        "name": "3 Sardinas",
        "name_zh": "3 Sardinas",
        "name_en": null,
        "name_pt": null,
        "category": "food",
        "category_value": "restaurant",
        "category_label": "美食",
        "opening_hours": null,
        "cuisine": "portuguese",
        "wikidata": null,
        "website": "https://www.openrice.com/en/macau/r-3-sardines-restaurante-ferreira-de-almeida-portuguese-r683625",
        "ele": null,
        "lat": 22.196917,
        "lng": 113.545041,
        "source": "osm"
      }
    },
    {
      "type": "Feature",
      "geometry": {
        "type": "Point",
        "coordinates": [
          113.539168,
          22.196323
        ]
      },
      "properties": {
        "osm_id": "node/13955237801",
        "name": "翻撻冰室",
        "name_zh": "翻撻冰室",
        "name_en": "Cafe Fantart",
        "name_pt": null,
        "category": "food",
        "category_value": "cafe",
        "category_label": "美食",
        "opening_hours": "We-Mo 10:00-19:00",
        "cuisine": "chinese",
        "wikidata": null,
        "website": null,
        "ele": null,
        "lat": 22.196323,
        "lng": 113.539168,
        "source": "osm"
      }
    },
    {
      "type": "Feature",
      "geometry": {
        "type": "Point",
        "coordinates": [
          113.538274,
          22.192696
        ]
      },
      "properties": {
        "osm_id": "node/14111951001",
        "name": "山上咖啡",
        "name_zh": "山上咖啡",
        "name_en": null,
        "name_pt": null,
        "category": "food",
        "category_value": "cafe",
        "category_label": "美食",
        "opening_hours": null,
        "cuisine": "coffee_shop",
        "wikidata": null,
        "website": null,
        "ele": null,
        "lat": 22.192696,
        "lng": 113.538274,
        "source": "osm"
      }
    },
    {
      "type": "Feature",
      "geometry": {
        "type": "Point",
        "coordinates": [
          113.538156,
          22.192411
        ]
      },
      "properties": {
        "osm_id": "node/14111951101",
        "name": "樹下咖啡",
        "name_zh": "樹下咖啡",
        "name_en": null,
        "name_pt": null,
        "category": "food",
        "category_value": "shop=coffee",
        "category_label": "美食",
        "opening_hours": null,
        "cuisine": null,
        "wikidata": null,
        "website": null,
        "ele": null,
        "lat": 22.192411,
        "lng": 113.538156,
        "source": "osm"
      }
    },
    {
      "type": "Feature",
      "geometry": {
        "type": "Point",
        "coordinates": [
          113.538795,
          22.192833
        ]
      },
      "properties": {
        "osm_id": "node/14112200301",
        "name": "公雞葡國餐廳",
        "name_zh": "公雞葡國餐廳",
        "name_en": "Galo Portuguese Restaurant",
        "name_pt": null,
        "category": "food",
        "category_value": "restaurant",
        "category_label": "美食",
        "opening_hours": null,
        "cuisine": "portuguese",
        "wikidata": null,
        "website": "https://www.galomacau.com",
        "ele": null,
        "lat": 22.192833,
        "lng": 113.538795,
        "source": "osm"
      }
    },
    {
      "type": "Feature",
      "geometry": {
        "type": "Point",
        "coordinates": [
          113.544902,
          22.196315
        ]
      },
      "properties": {
        "osm_id": "node/14235522407",
        "name": "PAKU PAKU BAKERY",
        "name_zh": "百食堂",
        "name_en": null,
        "name_pt": null,
        "category": "food",
        "category_value": "shop=bakery",
        "category_label": "美食",
        "opening_hours": null,
        "cuisine": null,
        "wikidata": null,
        "website": null,
        "ele": null,
        "lat": 22.196315,
        "lng": 113.544902,
        "source": "osm"
      }
    },
    {
      "type": "Feature",
      "geometry": {
        "type": "Point",
        "coordinates": [
          113.543795,
          22.192641
        ]
      },
      "properties": {
        "osm_id": "node/14235522414",
        "name": "和麗女神噴泉",
        "name_zh": "和麗女神噴泉",
        "name_en": "Wallace Fountain",
        "name_pt": "Fonte Wallace",
        "category": "amenity",
        "category_value": "fountain",
        "category_label": "設施",
        "opening_hours": "24/7",
        "cuisine": null,
        "wikidata": "Q10921713",
        "website": null,
        "ele": null,
        "lat": 22.192641,
        "lng": 113.543795,
        "source": "osm"
      }
    },
    {
      "type": "Feature",
      "geometry": {
        "type": "Point",
        "coordinates": [
          113.538246,
          22.198334
        ]
      },
      "properties": {
        "osm_id": "node/14235522415",
        "name": "德豐咖啡美食",
        "name_zh": "德豐咖啡美食",
        "name_en": "De Feng Delicacy",
        "name_pt": "Est. De Com. (Sopa De Fitas E Cofe) Tak Fung",
        "category": "food",
        "category_value": "restaurant",
        "category_label": "美食",
        "opening_hours": "Mo-Su 09:00-20:30",
        "cuisine": "coffee_shop;chinese;noodle;bubble_tea;breakfast;fish;dessert;udon",
        "wikidata": null,
        "website": null,
        "ele": null,
        "lat": 22.198334,
        "lng": 113.538246,
        "source": "osm"
      }
    },
    {
      "type": "Feature",
      "geometry": {
        "type": "Point",
        "coordinates": [
          113.556485,
          22.186394
        ]
      },
      "properties": {
        "osm_id": "relation/2590433",
        "name": "澳門科學館 Centro de Ciência de Macau",
        "name_zh": "澳門科學館",
        "name_en": "Macau Science Centre",
        "name_pt": "Centro de Ciência de Macau",
        "category": "tourism",
        "category_value": "museum",
        "category_label": "觀光",
        "opening_hours": null,
        "cuisine": null,
        "wikidata": "Q3084238",
        "website": null,
        "ele": null,
        "lat": 22.186394,
        "lng": 113.556485,
        "source": "osm"
      }
    },
    {
      "type": "Feature",
      "geometry": {
        "type": "Point",
        "coordinates": [
          113.55603,
          22.192755
        ]
      },
      "properties": {
        "osm_id": "relation/4257072",
        "name": "澳門漁人碼頭 Doca dos Pescadores de Macau",
        "name_zh": "澳門漁人碼頭",
        "name_en": "Fisherman's Wharf of Macau",
        "name_pt": "Doca dos Pescadores de Macau",
        "category": "tourism",
        "category_value": "attraction",
        "category_label": "觀光",
        "opening_hours": null,
        "cuisine": null,
        "wikidata": "Q3274095",
        "website": null,
        "ele": null,
        "lat": 22.192755,
        "lng": 113.55603,
        "source": "osm"
      }
    },
    {
      "type": "Feature",
      "geometry": {
        "type": "Point",
        "coordinates": [
          113.537385,
          22.191757
        ]
      },
      "properties": {
        "osm_id": "relation/5828699",
        "name": "聖若瑟修院大樓及聖堂 Igreja e Seminário de São José",
        "name_zh": "聖若瑟修院及聖堂",
        "name_en": "St. Joseph's Seminary and Church",
        "name_pt": "Igreja e Seminário de São José",
        "category": "amenity",
        "category_value": "place_of_worship",
        "category_label": "設施",
        "opening_hours": null,
        "cuisine": null,
        "wikidata": "Q4579079",
        "website": null,
        "ele": null,
        "lat": 22.191757,
        "lng": 113.537385,
        "source": "osm"
      }
    },
    {
      "type": "Feature",
      "geometry": {
        "type": "Point",
        "coordinates": [
          113.548704,
          22.193372
        ]
      },
      "properties": {
        "osm_id": "relation/7214643",
        "name": "東方拱門 Arco Oriente",
        "name_zh": "東方拱門",
        "name_en": "The Oriental Arch",
        "name_pt": "Arco Oriente",
        "category": "historic",
        "category_value": "monument",
        "category_label": "歷史",
        "opening_hours": null,
        "cuisine": null,
        "wikidata": null,
        "website": null,
        "ele": null,
        "lat": 22.193372,
        "lng": 113.548704,
        "source": "osm"
      }
    },
    {
      "type": "Feature",
      "geometry": {
        "type": "Point",
        "coordinates": [
          113.539215,
          22.200755
        ]
      },
      "properties": {
        "osm_id": "relation/9905638",
        "name": "白鴿巢公園 Jardim Luís de Camões",
        "name_zh": "白鴿巢公園",
        "name_en": "Luis de Camoes Park",
        "name_pt": "Jardim Luís de Camões",
        "category": "leisure",
        "category_value": "park",
        "category_label": "休閒",
        "opening_hours": "06:00-24:00",
        "cuisine": null,
        "wikidata": "Q7217785",
        "website": null,
        "ele": null,
        "lat": 22.200755,
        "lng": 113.539215,
        "source": "osm"
      }
    },
    {
      "type": "Feature",
      "geometry": {
        "type": "Point",
        "coordinates": [
          113.561676,
          22.200989
        ]
      },
      "properties": {
        "osm_id": "relation/10266786",
        "name": "水塘公園 Parque do Reservatório",
        "name_zh": "水塘公園",
        "name_en": "Reservoir Park",
        "name_pt": "Parque do Reservatório",
        "category": "leisure",
        "category_value": "park",
        "category_label": "休閒",
        "opening_hours": "24/7",
        "cuisine": null,
        "wikidata": "Q124692198",
        "website": null,
        "ele": null,
        "lat": 22.200989,
        "lng": 113.561676,
        "source": "osm"
      }
    },
    {
      "type": "Feature",
      "geometry": {
        "type": "Point",
        "coordinates": [
          113.542015,
          22.190701
        ]
      },
      "properties": {
        "osm_id": "relation/10357035",
        "name": "友誼廣場 Praça da Amizade",
        "name_zh": "友誼廣場",
        "name_en": null,
        "name_pt": "Praça da Amizade",
        "category": "leisure",
        "category_value": "common",
        "category_label": "休閒",
        "opening_hours": null,
        "cuisine": null,
        "wikidata": null,
        "website": null,
        "ele": null,
        "lat": 22.190701,
        "lng": 113.542015,
        "source": "osm"
      }
    },
    {
      "type": "Feature",
      "geometry": {
        "type": "Point",
        "coordinates": [
          113.544965,
          22.209064
        ]
      },
      "properties": {
        "osm_id": "relation/10376330",
        "name": "白朗古將軍大馬路休憩區 Zona de Lazer da Avenida do General Castelo Branco",
        "name_zh": "白朗古將軍大馬路休憩區",
        "name_en": null,
        "name_pt": "Zona de Lazer da Avenida do General Castelo Branco",
        "category": "leisure",
        "category_value": "park",
        "category_label": "休閒",
        "opening_hours": null,
        "cuisine": null,
        "wikidata": null,
        "website": null,
        "ele": null,
        "lat": 22.209064,
        "lng": 113.544965,
        "source": "osm"
      }
    },
    {
      "type": "Feature",
      "geometry": {
        "type": "Point",
        "coordinates": [
          113.548657,
          22.190472
        ]
      },
      "properties": {
        "osm_id": "relation/10380270",
        "name": "藝園 Jardim das Artes",
        "name_zh": "藝園",
        "name_en": "Arts Park",
        "name_pt": "Jardim das Artes",
        "category": "leisure",
        "category_value": "park",
        "category_label": "休閒",
        "opening_hours": "06:00-24:00",
        "cuisine": null,
        "wikidata": null,
        "website": null,
        "ele": null,
        "lat": 22.190472,
        "lng": 113.548657,
        "source": "osm"
      }
    },
    {
      "type": "Feature",
      "geometry": {
        "type": "Point",
        "coordinates": [
          113.554598,
          22.18886
        ]
      },
      "properties": {
        "osm_id": "relation/10677169",
        "name": "澳門藝術博物館 Museu de Arte de Macau",
        "name_zh": "澳門藝術博物館",
        "name_en": "Macau Museum of Art",
        "name_pt": "Museu de Arte de Macau",
        "category": "tourism",
        "category_value": "museum",
        "category_label": "觀光",
        "opening_hours": "Tu-Su 10:00-19:00",
        "cuisine": null,
        "wikidata": "Q15913647",
        "website": "https://www.mam.gov.mo/",
        "ele": null,
        "lat": 22.18886,
        "lng": 113.554598,
        "source": "osm"
      }
    },
    {
      "type": "Feature",
      "geometry": {
        "type": "Point",
        "coordinates": [
          113.560539,
          22.141247
        ]
      },
      "properties": {
        "osm_id": "relation/10703770",
        "name": "新濠影滙 Studio City Macao",
        "name_zh": "新濠影滙",
        "name_en": "Studio City Macao",
        "name_pt": null,
        "category": "tourism",
        "category_value": "attraction",
        "category_label": "觀光",
        "opening_hours": "24/7",
        "cuisine": null,
        "wikidata": null,
        "website": "https://www.studiocity-macau.com/",
        "ele": null,
        "lat": 22.141247,
        "lng": 113.560539,
        "source": "osm"
      }
    },
    {
      "type": "Feature",
      "geometry": {
        "type": "Point",
        "coordinates": [
          113.551596,
          22.187088
        ]
      },
      "properties": {
        "osm_id": "relation/11551012",
        "name": "宋玉生公園 Parque Dr. Carlos D'Assumpção",
        "name_zh": "宋玉生公園",
        "name_en": "Dr. Carlos D'Assumpcao Park",
        "name_pt": "Parque Dr. Carlos D'Assumpção",
        "category": "leisure",
        "category_value": "park",
        "category_label": "休閒",
        "opening_hours": "24/7",
        "cuisine": null,
        "wikidata": "Q2595313",
        "website": null,
        "ele": null,
        "lat": 22.187088,
        "lng": 113.551596,
        "source": "osm"
      }
    },
    {
      "type": "Feature",
      "geometry": {
        "type": "Point",
        "coordinates": [
          113.549094,
          22.192727
        ]
      },
      "properties": {
        "osm_id": "relation/11551068",
        "name": "何賢公園 Jardim Comendador Ho Yin",
        "name_zh": "何賢公園",
        "name_en": "Commander Ho Yin Park;Ho Yin Park",
        "name_pt": "Jardim Comendador Ho Yin",
        "category": "leisure",
        "category_value": "park",
        "category_label": "休閒",
        "opening_hours": "24/7",
        "cuisine": null,
        "wikidata": "Q5151511",
        "website": null,
        "ele": null,
        "lat": 22.192727,
        "lng": 113.549094,
        "source": "osm"
      }
    },
    {
      "type": "Feature",
      "geometry": {
        "type": "Point",
        "coordinates": [
          113.539463,
          22.199427
        ]
      },
      "properties": {
        "osm_id": "relation/13052041",
        "name": "白鴿巢前地 Praça de Luís de Camões",
        "name_zh": "白鴿巢前地",
        "name_en": "Camoes Square",
        "name_pt": "Praça de Luís de Camões",
        "category": "leisure",
        "category_value": "park",
        "category_label": "休閒",
        "opening_hours": null,
        "cuisine": null,
        "wikidata": "Q15954168",
        "website": null,
        "ele": null,
        "lat": 22.199427,
        "lng": 113.539463,
        "source": "osm"
      }
    },
    {
      "type": "Feature",
      "geometry": {
        "type": "Point",
        "coordinates": [
          113.55585,
          22.209451
        ]
      },
      "properties": {
        "osm_id": "relation/19216078",
        "name": "黑沙環公園 Parque Urbano da Areia Preta",
        "name_zh": "黑沙環公園",
        "name_en": "Areia Preta Urban Park",
        "name_pt": "Parque Urbano da Areia Preta",
        "category": "leisure",
        "category_value": "park",
        "category_label": "休閒",
        "opening_hours": null,
        "cuisine": null,
        "wikidata": null,
        "website": null,
        "ele": null,
        "lat": 22.209451,
        "lng": 113.55585,
        "source": "osm"
      }
    },
    {
      "type": "Feature",
      "geometry": {
        "type": "Point",
        "coordinates": [
          113.551332,
          22.137803
        ]
      },
      "properties": {
        "osm_id": "relation/19584443",
        "name": "路氹城生態保護二區 Zona Ecológica II do Cotai",
        "name_zh": "路氹城生態保護二區",
        "name_en": "Cotai Ecological Conservation Zone II",
        "name_pt": "Zona Ecológica II do Cotai",
        "category": "leisure",
        "category_value": "nature_reserve",
        "category_label": "休閒",
        "opening_hours": null,
        "cuisine": null,
        "wikidata": null,
        "website": null,
        "ele": null,
        "lat": 22.137803,
        "lng": 113.551332,
        "source": "osm"
      }
    },
    {
      "type": "Feature",
      "geometry": {
        "type": "Point",
        "coordinates": [
          113.536796,
          22.1798
        ]
      },
      "properties": {
        "osm_id": "relation/21176879",
        "name": "澳門旅遊塔 Macau Tower",
        "name_zh": "澳門旅遊塔",
        "name_en": "Macau Tower",
        "name_pt": null,
        "category": "tourism",
        "category_value": "viewpoint",
        "category_label": "觀光",
        "opening_hours": null,
        "cuisine": null,
        "wikidata": "Q1568304",
        "website": null,
        "ele": null,
        "lat": 22.1798,
        "lng": 113.536796,
        "source": "osm"
      }
    },
    {
      "type": "Feature",
      "geometry": {
        "type": "Point",
        "coordinates": [
          113.544641,
          22.192488
        ]
      },
      "properties": {
        "osm_id": "relation/21464243",
        "name": "加思欄花園 Jardim S. Francisco",
        "name_zh": "加思欄花園",
        "name_en": "S. Francisco Garden",
        "name_pt": "Jardim S. Francisco",
        "category": "leisure",
        "category_value": "park",
        "category_label": "休閒",
        "opening_hours": null,
        "cuisine": null,
        "wikidata": "Q7387477",
        "website": "https://www.iam.gov.mo/nature",
        "ele": null,
        "lat": 22.192488,
        "lng": 113.544641,
        "source": "osm"
      }
    },
    {
      "type": "Feature",
      "geometry": {
        "type": "Point",
        "coordinates": [
          113.570469,
          22.151783
        ]
      },
      "properties": {
        "osm_id": "relation/21505492",
        "name": "科大點綻 MUST LIKE",
        "name_zh": "科大點綻",
        "name_en": "MUST LIKE",
        "name_pt": null,
        "category": "food",
        "category_value": "food_court",
        "category_label": "美食",
        "opening_hours": null,
        "cuisine": null,
        "wikidata": null,
        "website": null,
        "ele": null,
        "lat": 22.151783,
        "lng": 113.570469,
        "source": "osm"
      }
    },
    {
      "type": "Feature",
      "geometry": {
        "type": "Point",
        "coordinates": [
          113.542243,
          22.197068
        ]
      },
      "properties": {
        "osm_id": "way/46510080",
        "name": "大炮台 Fortaleza do Monte",
        "name_zh": "大炮台",
        "name_en": "Fortaleza do Monte",
        "name_pt": "Fortaleza do Monte",
        "category": "tourism",
        "category_value": "attraction",
        "category_label": "觀光",
        "opening_hours": null,
        "cuisine": null,
        "wikidata": "Q838085",
        "website": null,
        "ele": null,
        "lat": 22.197068,
        "lng": 113.542243,
        "source": "osm"
      }
    },
    {
      "type": "Feature",
      "geometry": {
        "type": "Point",
        "coordinates": [
          113.535798,
          22.19363
        ]
      },
      "properties": {
        "osm_id": "way/168020944",
        "name": "柯邦迪前地 Praça de Ponte e Horta",
        "name_zh": "柯邦迪前地",
        "name_en": null,
        "name_pt": "Praça de Ponte e Horta",
        "category": "leisure",
        "category_value": "park",
        "category_label": "休閒",
        "opening_hours": null,
        "cuisine": null,
        "wikidata": "Q11109277",
        "website": null,
        "ele": null,
        "lat": 22.19363,
        "lng": 113.535798,
        "source": "osm"
      }
    },
    {
      "type": "Feature",
      "geometry": {
        "type": "Point",
        "coordinates": [
          113.549198,
          22.215941
        ]
      },
      "properties": {
        "osm_id": "way/173864406",
        "name": "關閘拱門 Portas do Cerco",
        "name_zh": "關閘拱門 Portas do Cerco",
        "name_en": null,
        "name_pt": null,
        "category": "historic",
        "category_value": "ruins",
        "category_label": "歷史",
        "opening_hours": null,
        "cuisine": null,
        "wikidata": null,
        "website": null,
        "ele": null,
        "lat": 22.215941,
        "lng": 113.549198,
        "source": "osm"
      }
    },
    {
      "type": "Feature",
      "geometry": {
        "type": "Point",
        "coordinates": [
          113.546501,
          22.196322
        ]
      },
      "properties": {
        "osm_id": "way/183840226",
        "name": "華士古達嘉馬花園 Jardim Vasco da Gama",
        "name_zh": "華士古達嘉馬花園",
        "name_en": null,
        "name_pt": "Jardim Vasco da Gama",
        "category": "leisure",
        "category_value": "park",
        "category_label": "休閒",
        "opening_hours": null,
        "cuisine": null,
        "wikidata": "Q28484333",
        "website": null,
        "ele": null,
        "lat": 22.196322,
        "lng": 113.546501,
        "source": "osm"
      }
    },
    {
      "type": "Feature",
      "geometry": {
        "type": "Point",
        "coordinates": [
          113.548727,
          22.198681
        ]
      },
      "properties": {
        "osm_id": "way/183972472",
        "name": "得勝花園 Jardim da Vitória",
        "name_zh": "得勝花園",
        "name_en": "Victory Garden",
        "name_pt": "Jardim da Vitória",
        "category": "leisure",
        "category_value": "park",
        "category_label": "休閒",
        "opening_hours": null,
        "cuisine": null,
        "wikidata": "Q11071061",
        "website": null,
        "ele": null,
        "lat": 22.198681,
        "lng": 113.548727,
        "source": "osm"
      }
    },
    {
      "type": "Feature",
      "geometry": {
        "type": "Point",
        "coordinates": [
          113.559014,
          22.147653
        ]
      },
      "properties": {
        "osm_id": "way/192095888",
        "name": "威尼斯人綜藝館 The Venetian Arena",
        "name_zh": "威尼斯人綜藝館",
        "name_en": "The Venetian Arena",
        "name_pt": null,
        "category": "amenity",
        "category_value": "theatre",
        "category_label": "設施",
        "opening_hours": null,
        "cuisine": null,
        "wikidata": "Q5175282",
        "website": null,
        "ele": null,
        "lat": 22.147653,
        "lng": 113.559014,
        "source": "osm"
      }
    },
    {
      "type": "Feature",
      "geometry": {
        "type": "Point",
        "coordinates": [
          113.571403,
          22.148099
        ]
      },
      "properties": {
        "osm_id": "way/192099759",
        "name": "永利皇宮 Palácio Wynn",
        "name_zh": "永利皇宮",
        "name_en": "Wynn Palace",
        "name_pt": "Palácio Wynn",
        "category": "tourism",
        "category_value": "attraction",
        "category_label": "觀光",
        "opening_hours": "24/7",
        "cuisine": null,
        "wikidata": "Q16925204",
        "website": null,
        "ele": null,
        "lat": 22.148099,
        "lng": 113.571403,
        "source": "osm"
      }
    },
    {
      "type": "Feature",
      "geometry": {
        "type": "Point",
        "coordinates": [
          113.553484,
          22.194391
        ]
      },
      "properties": {
        "osm_id": "way/192179907",
        "name": "金蓮花廣場 A Praça Flor de Lótus",
        "name_zh": "金蓮花廣場",
        "name_en": "Golden Lotus Square",
        "name_pt": "A Praça Flor de Lótus",
        "category": "leisure",
        "category_value": "park",
        "category_label": "休閒",
        "opening_hours": "24/7",
        "cuisine": null,
        "wikidata": "Q6685203",
        "website": null,
        "ele": null,
        "lat": 22.194391,
        "lng": 113.553484,
        "source": "osm"
      }
    },
    {
      "type": "Feature",
      "geometry": {
        "type": "Point",
        "coordinates": [
          113.554012,
          22.190219
        ]
      },
      "properties": {
        "osm_id": "way/192179909",
        "name": "澳門回歸賀禮陳列館 Museu das Ofertas sobre a Transferência de Soberania de Macau",
        "name_zh": "澳門回歸賀禮陳列館",
        "name_en": "Handover Gifts Museum of Macao",
        "name_pt": "Museu das Ofertas sobre a Transferência de Soberania de Macau",
        "category": "tourism",
        "category_value": "museum",
        "category_label": "觀光",
        "opening_hours": "Tu-Su 10:00-19:00",
        "cuisine": null,
        "wikidata": "Q15909554",
        "website": "http://handovermuseum.iacm.gov.mo/",
        "ele": null,
        "lat": 22.190219,
        "lng": 113.554012,
        "source": "osm"
      }
    },
    {
      "type": "Feature",
      "geometry": {
        "type": "Point",
        "coordinates": [
          113.553405,
          22.19443
        ]
      },
      "properties": {
        "osm_id": "way/192179914",
        "name": "盛世蓮花 Lotus Flower in Full Bloom",
        "name_zh": "盛世蓮花",
        "name_en": "Lotus Flower in Full Bloom",
        "name_pt": null,
        "category": "tourism",
        "category_value": "artwork",
        "category_label": "觀光",
        "opening_hours": null,
        "cuisine": null,
        "wikidata": null,
        "website": null,
        "ele": null,
        "lat": 22.19443,
        "lng": 113.553405,
        "source": "osm"
      }
    },
    {
      "type": "Feature",
      "geometry": {
        "type": "Point",
        "coordinates": [
          113.555374,
          22.188949
        ]
      },
      "properties": {
        "osm_id": "way/192179917",
        "name": "澳門文化中心 Centro Cultural de Macau",
        "name_zh": "澳門文化中心",
        "name_en": "Macau Cultural Centre",
        "name_pt": "Centro Cultural de Macau",
        "category": "amenity",
        "category_value": "theatre",
        "category_label": "設施",
        "opening_hours": null,
        "cuisine": null,
        "wikidata": "Q15921899",
        "website": "https://www.ccm.gov.mo/",
        "ele": null,
        "lat": 22.188949,
        "lng": 113.555374,
        "source": "osm"
      }
    },
    {
      "type": "Feature",
      "geometry": {
        "type": "Point",
        "coordinates": [
          113.549976,
          22.190319
        ]
      },
      "properties": {
        "osm_id": "way/192179987",
        "name": "澳門教科文中心 Centro Unesco de Macau",
        "name_zh": "澳門教科文中心",
        "name_en": null,
        "name_pt": "Centro Unesco de Macau",
        "category": "tourism",
        "category_value": "gallery",
        "category_label": "觀光",
        "opening_hours": null,
        "cuisine": null,
        "wikidata": "Q15908786",
        "website": "www.unesco.org.mo",
        "ele": null,
        "lat": 22.190319,
        "lng": 113.549976,
        "source": "osm"
      }
    },
    {
      "type": "Feature",
      "geometry": {
        "type": "Point",
        "coordinates": [
          113.55596,
          22.19343
        ]
      },
      "properties": {
        "osm_id": "way/192180012",
        "name": "古羅馬表演場 Anfiteatro Romano",
        "name_zh": "古羅馬表演場",
        "name_en": "Roman Amphitheatre",
        "name_pt": "Anfiteatro Romano",
        "category": "amenity",
        "category_value": "theatre",
        "category_label": "設施",
        "opening_hours": null,
        "cuisine": null,
        "wikidata": null,
        "website": null,
        "ele": null,
        "lat": 22.19343,
        "lng": 113.55596,
        "source": "osm"
      }
    },
    {
      "type": "Feature",
      "geometry": {
        "type": "Point",
        "coordinates": [
          113.554,
          22.187279
        ]
      },
      "properties": {
        "osm_id": "way/192180025",
        "name": "觀音像海濱休憩區 Zona de Lazer da Marginal da Estátua de Kun Iam",
        "name_zh": "觀音像海濱休憩區",
        "name_en": null,
        "name_pt": "Zona de Lazer da Marginal da Estátua de Kun Iam",
        "category": "leisure",
        "category_value": "park",
        "category_label": "休閒",
        "opening_hours": null,
        "cuisine": null,
        "wikidata": null,
        "website": null,
        "ele": null,
        "lat": 22.187279,
        "lng": 113.554,
        "source": "osm"
      }
    },
    {
      "type": "Feature",
      "geometry": {
        "type": "Point",
        "coordinates": [
          113.54086,
          22.197457
        ]
      },
      "properties": {
        "osm_id": "way/192183185",
        "name": "大三巴牌坊 Ruínas de São Paulo",
        "name_zh": "大三巴牌坊",
        "name_en": "Ruins of St. Paul",
        "name_pt": "Ruínas de São Paulo",
        "category": "tourism",
        "category_value": "attraction",
        "category_label": "觀光",
        "opening_hours": null,
        "cuisine": null,
        "wikidata": "Q1551411",
        "website": null,
        "ele": null,
        "lat": 22.197457,
        "lng": 113.54086,
        "source": "osm"
      }
    },
    {
      "type": "Feature",
      "geometry": {
        "type": "Point",
        "coordinates": [
          113.531267,
          22.186109
        ]
      },
      "properties": {
        "osm_id": "way/192187333",
        "name": "媽閣廟 Templo de A-Ma",
        "name_zh": "媽閣廟",
        "name_en": "A-Ma Temple",
        "name_pt": "Templo de A-Má",
        "category": "tourism",
        "category_value": "attraction",
        "category_label": "觀光",
        "opening_hours": null,
        "cuisine": null,
        "wikidata": "Q2149114",
        "website": null,
        "ele": null,
        "lat": 22.186109,
        "lng": 113.531267,
        "source": "osm"
      }
    },
    {
      "type": "Feature",
      "geometry": {
        "type": "Point",
        "coordinates": [
          113.532632,
          22.187374
        ]
      },
      "properties": {
        "osm_id": "way/192187335",
        "name": "港務局大樓 Quartel dos Mouros",
        "name_zh": "港務局大樓",
        "name_en": "Moorish Barracks",
        "name_pt": "Quartel dos Mouros",
        "category": "tourism",
        "category_value": "attraction",
        "category_label": "觀光",
        "opening_hours": null,
        "cuisine": null,
        "wikidata": "Q6759727",
        "website": null,
        "ele": null,
        "lat": 22.187374,
        "lng": 113.532632,
        "source": "osm"
      }
    },
    {
      "type": "Feature",
      "geometry": {
        "type": "Point",
        "coordinates": [
          113.541235,
          22.19424
        ]
      },
      "properties": {
        "osm_id": "way/192573681",
        "name": "盧家大屋 Casa de Lou Kau",
        "name_zh": "盧家大屋",
        "name_en": "Lou Kau Mansion",
        "name_pt": "Casa de Lou Kau",
        "category": "historic",
        "category_value": "heritage",
        "category_label": "歷史",
        "opening_hours": null,
        "cuisine": null,
        "wikidata": "Q15926456",
        "website": null,
        "ele": null,
        "lat": 22.19424,
        "lng": 113.541235,
        "source": "osm"
      }
    },
    {
      "type": "Feature",
      "geometry": {
        "type": "Point",
        "coordinates": [
          113.540364,
          22.194842
        ]
      },
      "properties": {
        "osm_id": "way/192573688",
        "name": "玫瑰聖母堂",
        "name_zh": "玫瑰聖母堂",
        "name_en": "St. Dominic's Church",
        "name_pt": "Igreja de São Domingos",
        "category": "amenity",
        "category_value": "place_of_worship",
        "category_label": "設施",
        "opening_hours": null,
        "cuisine": null,
        "wikidata": "Q4130614",
        "website": null,
        "ele": null,
        "lat": 22.194842,
        "lng": 113.540364,
        "source": "osm"
      }
    },
    {
      "type": "Feature",
      "geometry": {
        "type": "Point",
        "coordinates": [
          113.540671,
          22.197926
        ]
      },
      "properties": {
        "osm_id": "way/192573692",
        "name": "天主教藝術博物館 Museu de Arte Sacra e Cripta",
        "name_zh": "天主教藝術博物館",
        "name_en": "Museum of Sacred Art and Crypt, St. Paul",
        "name_pt": "Museu de Arte Sacra e Cripta",
        "category": "tourism",
        "category_value": "museum",
        "category_label": "觀光",
        "opening_hours": null,
        "cuisine": null,
        "wikidata": "Q10938995",
        "website": null,
        "ele": null,
        "lat": 22.197926,
        "lng": 113.540671,
        "source": "osm"
      }
    },
    {
      "type": "Feature",
      "geometry": {
        "type": "Point",
        "coordinates": [
          113.540823,
          22.197099
        ]
      },
      "properties": {
        "osm_id": "way/192573697",
        "name": "耶穌會紀念廣場",
        "name_zh": "耶穌會紀念廣場",
        "name_en": "Company of Jesus Square",
        "name_pt": null,
        "category": "leisure",
        "category_value": "park",
        "category_label": "休閒",
        "opening_hours": null,
        "cuisine": null,
        "wikidata": "Q15935384",
        "website": null,
        "ele": null,
        "lat": 22.197099,
        "lng": 113.540823,
        "source": "osm"
      }
    },
    {
      "type": "Feature",
      "geometry": {
        "type": "Point",
        "coordinates": [
          113.539776,
          22.194423
        ]
      },
      "properties": {
        "osm_id": "way/205784462",
        "name": "營地街市市政綜合大樓 Complexo Municipal de Sao Domingos",
        "name_zh": "營地街市市政綜合大樓",
        "name_en": "Mercado de S. Domingos Municipal Complex",
        "name_pt": "Complexo Municipal de Sao Domingos",
        "category": "amenity",
        "category_value": "marketplace",
        "category_label": "設施",
        "opening_hours": "07:00-20:00",
        "cuisine": null,
        "wikidata": "Q15912747",
        "website": null,
        "ele": null,
        "lat": 22.194423,
        "lng": 113.539776,
        "source": "osm"
      }
    },
    {
      "type": "Feature",
      "geometry": {
        "type": "Point",
        "coordinates": [
          113.560388,
          22.154299
        ]
      },
      "properties": {
        "osm_id": "way/206105227",
        "name": "迎賓館 Casa de Recepções",
        "name_zh": "迎賓館",
        "name_en": null,
        "name_pt": "Casa de Recepções",
        "category": "historic",
        "category_value": "building",
        "category_label": "歷史",
        "opening_hours": null,
        "cuisine": null,
        "wikidata": null,
        "website": null,
        "ele": null,
        "lat": 22.154299,
        "lng": 113.560388,
        "source": "osm"
      }
    },
    {
      "type": "Feature",
      "geometry": {
        "type": "Point",
        "coordinates": [
          113.555685,
          22.152379
        ]
      },
      "properties": {
        "osm_id": "way/206105236",
        "name": "路氹歷史館 Museu da História da Taipa e Coloane",
        "name_zh": "路氹歷史館",
        "name_en": "Museum of Taipa and Coloane History",
        "name_pt": "Museu da História da Taipa e Coloane",
        "category": "tourism",
        "category_value": "museum",
        "category_label": "觀光",
        "opening_hours": "Tu-Su 10:00-18:00",
        "cuisine": null,
        "wikidata": "Q11315732",
        "website": "https://www.iacm.gov.mo/cotaimuseum/",
        "ele": null,
        "lat": 22.152379,
        "lng": 113.555685,
        "source": "osm"
      }
    },
    {
      "type": "Feature",
      "geometry": {
        "type": "Point",
        "coordinates": [
          113.559611,
          22.153895
        ]
      },
      "properties": {
        "osm_id": "way/206105251",
        "name": "海島之家 Casa das Ilhas",
        "name_zh": "海島之家",
        "name_en": null,
        "name_pt": "Casa das Ilhas",
        "category": "historic",
        "category_value": "building",
        "category_label": "歷史",
        "opening_hours": null,
        "cuisine": null,
        "wikidata": null,
        "website": null,
        "ele": null,
        "lat": 22.153895,
        "lng": 113.559611,
        "source": "osm"
      }
    },
    {
      "type": "Feature",
      "geometry": {
        "type": "Point",
        "coordinates": [
          113.560126,
          22.154176
        ]
      },
      "properties": {
        "osm_id": "way/206105277",
        "name": "展覽館 Casa de Exposições",
        "name_zh": "展覽館",
        "name_en": null,
        "name_pt": "Casa de Exposições",
        "category": "historic",
        "category_value": "building",
        "category_label": "歷史",
        "opening_hours": null,
        "cuisine": null,
        "wikidata": null,
        "website": null,
        "ele": null,
        "lat": 22.154176,
        "lng": 113.560126,
        "source": "osm"
      }
    },
    {
      "type": "Feature",
      "geometry": {
        "type": "Point",
        "coordinates": [
          113.559397,
          22.153747
        ]
      },
      "properties": {
        "osm_id": "way/206105299",
        "name": "土生葡人之家 Casa Macaense",
        "name_zh": "土生葡人之家",
        "name_en": null,
        "name_pt": "Casa Macaense",
        "category": "historic",
        "category_value": "building",
        "category_label": "歷史",
        "opening_hours": null,
        "cuisine": null,
        "wikidata": null,
        "website": null,
        "ele": null,
        "lat": 22.153747,
        "lng": 113.559397,
        "source": "osm"
      }
    },
    {
      "type": "Feature",
      "geometry": {
        "type": "Point",
        "coordinates": [
          113.555682,
          22.152663
        ]
      },
      "properties": {
        "osm_id": "way/206105309",
        "name": "北帝廟 Templo Pak Tai",
        "name_zh": "北帝廟",
        "name_en": "Pak Tai Temple",
        "name_pt": "Templo de Pak Tai",
        "category": "tourism",
        "category_value": "attraction",
        "category_label": "觀光",
        "opening_hours": null,
        "cuisine": null,
        "wikidata": "Q122956441",
        "website": null,
        "ele": null,
        "lat": 22.152663,
        "lng": 113.555682,
        "source": "osm"
      }
    },
    {
      "type": "Feature",
      "geometry": {
        "type": "Point",
        "coordinates": [
          113.559841,
          22.154025
        ]
      },
      "properties": {
        "osm_id": "way/206105332",
        "name": "葡萄牙地區之家 Casa das Regiões de Portugal",
        "name_zh": "葡萄牙地區之家",
        "name_en": null,
        "name_pt": "Casa das Regiões de Portugal",
        "category": "historic",
        "category_value": "building",
        "category_label": "歷史",
        "opening_hours": null,
        "cuisine": null,
        "wikidata": null,
        "website": null,
        "ele": null,
        "lat": 22.154025,
        "lng": 113.559841,
        "source": "osm"
      }
    },
    {
      "type": "Feature",
      "geometry": {
        "type": "Point",
        "coordinates": [
          113.558752,
          22.151123
        ]
      },
      "properties": {
        "osm_id": "way/206105531",
        "name": "望德聖母灣濕地生態觀賞區 Zona de Observação Ecológica de Terras Húmidas da Baía de Nossa Senhora da Esperança",
        "name_zh": "望德聖母灣濕地生態觀賞區",
        "name_en": null,
        "name_pt": "Zona de Observação Ecológica de Terras Húmidas da Baía de Nossa Senhora da Esperança",
        "category": "leisure",
        "category_value": "nature_reserve",
        "category_label": "休閒",
        "opening_hours": null,
        "cuisine": null,
        "wikidata": null,
        "website": null,
        "ele": null,
        "lat": 22.151123,
        "lng": 113.558752,
        "source": "osm"
      }
    },
    {
      "type": "Feature",
      "geometry": {
        "type": "Point",
        "coordinates": [
          113.559212,
          22.152688
        ]
      },
      "properties": {
        "osm_id": "way/206105533",
        "name": "龍環葡韻花展場地 Local da Exposição de Flores da Avenida da Praia",
        "name_zh": "龍環葡韻花展場地",
        "name_en": null,
        "name_pt": "Local da Exposição de Flores da Avenida da Praia",
        "category": "leisure",
        "category_value": "park",
        "category_label": "休閒",
        "opening_hours": null,
        "cuisine": null,
        "wikidata": null,
        "website": null,
        "ele": null,
        "lat": 22.152688,
        "lng": 113.559212,
        "source": "osm"
      }
    },
    {
      "type": "Feature",
      "geometry": {
        "type": "Point",
        "coordinates": [
          113.530576,
          22.186427
        ]
      },
      "properties": {
        "osm_id": "way/206823679",
        "name": "1號碼頭 (皇家碼頭)",
        "name_zh": "1號碼頭 (皇家碼頭)",
        "name_en": null,
        "name_pt": "Ponte No. 1",
        "category": "historic",
        "category_value": "building",
        "category_label": "歷史",
        "opening_hours": null,
        "cuisine": null,
        "wikidata": null,
        "website": null,
        "ele": null,
        "lat": 22.186427,
        "lng": 113.530576,
        "source": "osm"
      }
    },
    {
      "type": "Feature",
      "geometry": {
        "type": "Point",
        "coordinates": [
          113.537222,
          22.202596
        ]
      },
      "properties": {
        "osm_id": "way/206823798",
        "name": "沙梨頭街市  Mercado Municipal do Patane",
        "name_zh": "沙梨頭街巿巿政綜合大樓",
        "name_en": null,
        "name_pt": "Mercado Municipal do Patane",
        "category": "amenity",
        "category_value": "marketplace",
        "category_label": "設施",
        "opening_hours": "07:00-19:00",
        "cuisine": null,
        "wikidata": "Q11129447",
        "website": null,
        "ele": null,
        "lat": 22.202596,
        "lng": 113.537222,
        "source": "osm"
      }
    },
    {
      "type": "Feature",
      "geometry": {
        "type": "Point",
        "coordinates": [
          113.54498,
          22.195097
        ]
      },
      "properties": {
        "osm_id": "way/206823834",
        "name": "雀仔園街市 Mercado da Horta da Mitra",
        "name_zh": "雀仔園街市",
        "name_en": null,
        "name_pt": "Mercado da Horta da Mitra",
        "category": "amenity",
        "category_value": "marketplace",
        "category_label": "設施",
        "opening_hours": null,
        "cuisine": null,
        "wikidata": "Q16926896",
        "website": null,
        "ele": null,
        "lat": 22.195097,
        "lng": 113.54498,
        "source": "osm"
      }
    },
    {
      "type": "Feature",
      "geometry": {
        "type": "Point",
        "coordinates": [
          113.547096,
          22.198945
        ]
      },
      "properties": {
        "osm_id": "way/206823905",
        "name": "塔石藝文館 A Galeria Tap Seac",
        "name_zh": "塔石藝文館",
        "name_en": "Tap Seac Gallery",
        "name_pt": "A Galeria Tap Seac",
        "category": "tourism",
        "category_value": "gallery",
        "category_label": "觀光",
        "opening_hours": null,
        "cuisine": null,
        "wikidata": "Q106898914",
        "website": null,
        "ele": null,
        "lat": 22.198945,
        "lng": 113.547096,
        "source": "osm"
      }
    },
    {
      "type": "Feature",
      "geometry": {
        "type": "Point",
        "coordinates": [
          113.531278,
          22.184492
        ]
      },
      "properties": {
        "osm_id": "way/206823918",
        "name": "澳門當代藝術中心．海事工房1號 Centro de Arte Contemporânea de Macau - Oficinas Navais N.º 1",
        "name_zh": "澳門當代藝術中心．海事工房1號",
        "name_en": "Macao Contemporary Art Center - Navy Yard No.1",
        "name_pt": "Centro de Arte Contemporânea de Macau - Oficinas Navais N.º 1",
        "category": "amenity",
        "category_value": "arts_centre",
        "category_label": "設施",
        "opening_hours": null,
        "cuisine": null,
        "wikidata": null,
        "website": null,
        "ele": null,
        "lat": 22.184492,
        "lng": 113.531278,
        "source": "osm"
      }
    },
    {
      "type": "Feature",
      "geometry": {
        "type": "Point",
        "coordinates": [
          113.54675,
          22.197606
        ]
      },
      "properties": {
        "osm_id": "way/206823977",
        "name": "青少年展藝館 Pavilhão de Exposições e Espectáculos Artísticos para Jovens",
        "name_zh": "青少年展藝館",
        "name_en": null,
        "name_pt": "Pavilhão de Exposições e Espectáculos Artísticos para Jovens",
        "category": "tourism",
        "category_value": "gallery",
        "category_label": "觀光",
        "opening_hours": null,
        "cuisine": null,
        "wikidata": null,
        "website": null,
        "ele": null,
        "lat": 22.197606,
        "lng": 113.54675,
        "source": "osm"
      }
    },
    {
      "type": "Feature",
      "geometry": {
        "type": "Point",
        "coordinates": [
          113.530624,
          22.18594
        ]
      },
      "properties": {
        "osm_id": "way/206824050",
        "name": "海事博物館 Museu Marítimo",
        "name_zh": "海事博物館",
        "name_en": "Macau Maritime Museum",
        "name_pt": "Museu Marítimo",
        "category": "tourism",
        "category_value": "museum",
        "category_label": "觀光",
        "opening_hours": "Mo-Su 10:00-18:00; Tu off",
        "cuisine": null,
        "wikidata": "Q11149600",
        "website": null,
        "ele": null,
        "lat": 22.18594,
        "lng": 113.530624,
        "source": "osm"
      }
    },
    {
      "type": "Feature",
      "geometry": {
        "type": "Point",
        "coordinates": [
          113.56284,
          22.122928
        ]
      },
      "properties": {
        "osm_id": "way/229191940",
        "name": "媽祖文化村 Aldeia Cultural de A-Ma",
        "name_zh": "媽祖文化村",
        "name_en": "A-Ma Cultural Village",
        "name_pt": "Aldeia Cultural de A-Ma de Coloane",
        "category": "amenity",
        "category_value": "place_of_worship",
        "category_label": "設施",
        "opening_hours": null,
        "cuisine": null,
        "wikidata": "Q123035683",
        "website": null,
        "ele": null,
        "lat": 22.122928,
        "lng": 113.56284,
        "source": "osm"
      }
    },
    {
      "type": "Feature",
      "geometry": {
        "type": "Point",
        "coordinates": [
          113.564088,
          22.123687
        ]
      },
      "properties": {
        "osm_id": "way/229196841",
        "name": "媽祖塑像 Estátua da Deusa A-Ma",
        "name_zh": "媽祖塑像",
        "name_en": "Goddess Statue of A-Ma",
        "name_pt": "Estátua da Deusa A-Ma",
        "category": "tourism",
        "category_value": "artwork",
        "category_label": "觀光",
        "opening_hours": null,
        "cuisine": null,
        "wikidata": "Q123586973",
        "website": null,
        "ele": null,
        "lat": 22.123687,
        "lng": 113.564088,
        "source": "osm"
      }
    },
    {
      "type": "Feature",
      "geometry": {
        "type": "Point",
        "coordinates": [
          113.562829,
          22.113129
        ]
      },
      "properties": {
        "osm_id": "way/229205163",
        "name": "竹灣聖若瑟靜院",
        "name_zh": "竹灣聖若瑟靜院",
        "name_en": "Vila São José",
        "name_pt": null,
        "category": "amenity",
        "category_value": "place_of_worship",
        "category_label": "設施",
        "opening_hours": null,
        "cuisine": null,
        "wikidata": null,
        "website": null,
        "ele": null,
        "lat": 22.113129,
        "lng": 113.562829,
        "source": "osm"
      }
    },
    {
      "type": "Feature",
      "geometry": {
        "type": "Point",
        "coordinates": [
          113.558842,
          22.126785
        ]
      },
      "properties": {
        "osm_id": "way/229205164",
        "name": "石排灣郊野公園 Parque de Seac Pai Van",
        "name_zh": "石排灣郊野公園",
        "name_en": "Seac Pai Van Park",
        "name_pt": "Parque de Seac Pai Van",
        "category": "leisure",
        "category_value": "park",
        "category_label": "休閒",
        "opening_hours": "06:00-22:00",
        "cuisine": null,
        "wikidata": "Q15912207",
        "website": null,
        "ele": null,
        "lat": 22.126785,
        "lng": 113.558842,
        "source": "osm"
      }
    },
    {
      "type": "Feature",
      "geometry": {
        "type": "Point",
        "coordinates": [
          113.57099,
          22.12127
        ]
      },
      "properties": {
        "osm_id": "way/229205167",
        "name": "黑沙海灘 Praia de Hác Sá",
        "name_zh": "黑沙海灘",
        "name_en": "Hác Sá Beach",
        "name_pt": "Praia de Hác Sá",
        "category": "natural",
        "category_value": "beach",
        "category_label": "自然",
        "opening_hours": null,
        "cuisine": null,
        "wikidata": "Q838881",
        "website": null,
        "ele": null,
        "lat": 22.12127,
        "lng": 113.57099,
        "source": "osm"
      }
    },
    {
      "type": "Feature",
      "geometry": {
        "type": "Point",
        "coordinates": [
          113.559241,
          22.112945
        ]
      },
      "properties": {
        "osm_id": "way/229205172",
        "name": "竹灣海灘 Baia de Cheoc Van",
        "name_zh": "竹灣海灘",
        "name_en": "Cheoc Van Beach",
        "name_pt": "Baia de Cheoc Van",
        "category": "natural",
        "category_value": "beach",
        "category_label": "自然",
        "opening_hours": null,
        "cuisine": null,
        "wikidata": "Q105635902",
        "website": null,
        "ele": null,
        "lat": 22.112945,
        "lng": 113.559241,
        "source": "osm"
      }
    },
    {
      "type": "Feature",
      "geometry": {
        "type": "Point",
        "coordinates": [
          113.589319,
          22.13248
        ]
      },
      "properties": {
        "osm_id": "way/229290411",
        "name": "九澳七苦聖母小堂 Igreja de Nossa Senhora das Dores",
        "name_zh": "九澳七苦聖母小堂",
        "name_en": "Church of Our Lady of Sorrows",
        "name_pt": "Igreja de Nossa Senhora das Dores",
        "category": "amenity",
        "category_value": "place_of_worship",
        "category_label": "設施",
        "opening_hours": null,
        "cuisine": null,
        "wikidata": "Q10300450",
        "website": null,
        "ele": null,
        "lat": 22.13248,
        "lng": 113.589319,
        "source": "osm"
      }
    },
    {
      "type": "Feature",
      "geometry": {
        "type": "Point",
        "coordinates": [
          113.559043,
          22.1266
        ]
      },
      "properties": {
        "osm_id": "way/229293747",
        "name": "澳門大熊貓館 Pavilhão do Panda Gigante de Macau",
        "name_zh": "澳門大熊貓館",
        "name_en": "Macao Giant Panda Pavilion",
        "name_pt": "Pavilhão do Panda Gigante de Macau",
        "category": "tourism",
        "category_value": "attraction",
        "category_label": "觀光",
        "opening_hours": "Tu-Su 10:00-13:00,14:00-17:00",
        "cuisine": null,
        "wikidata": "Q27966790",
        "website": null,
        "ele": null,
        "lat": 22.1266,
        "lng": 113.559043,
        "source": "osm"
      }
    },
    {
      "type": "Feature",
      "geometry": {
        "type": "Point",
        "coordinates": [
          113.549706,
          22.196436
        ]
      },
      "properties": {
        "osm_id": "way/230576208",
        "name": "東望洋燈塔 Farol da Guia",
        "name_zh": "東望洋燈塔",
        "name_en": "Guia Lighthouse",
        "name_pt": "Farol da Guia",
        "category": "man_made",
        "category_value": "lighthouse",
        "category_label": "地標",
        "opening_hours": null,
        "cuisine": null,
        "wikidata": "Q3313058",
        "website": null,
        "ele": null,
        "lat": 22.196436,
        "lng": 113.549706,
        "source": "osm"
      }
    },
    {
      "type": "Feature",
      "geometry": {
        "type": "Point",
        "coordinates": [
          113.549658,
          22.196643
        ]
      },
      "properties": {
        "osm_id": "way/230576209",
        "name": "聖母雪地殿教堂 Capela de Nossa Senhora da Guia",
        "name_zh": "聖母雪地殿教堂",
        "name_en": "Chapel of Guia",
        "name_pt": "Capela de Nossa Senhora da Guia",
        "category": "amenity",
        "category_value": "place_of_worship",
        "category_label": "設施",
        "opening_hours": null,
        "cuisine": null,
        "wikidata": "Q6730067",
        "website": null,
        "ele": null,
        "lat": 22.196643,
        "lng": 113.549658,
        "source": "osm"
      }
    },
    {
      "type": "Feature",
      "geometry": {
        "type": "Point",
        "coordinates": [
          113.552141,
          22.185781
        ]
      },
      "properties": {
        "osm_id": "way/231068755",
        "name": "觀音蓮花苑 Centro de Ecuménico Kun Iam",
        "name_zh": "觀音蓮花苑",
        "name_en": "Kun Iam Ecumenical Centre",
        "name_pt": "Centro de Ecuménico Kun Iam",
        "category": "tourism",
        "category_value": "artwork",
        "category_label": "觀光",
        "opening_hours": null,
        "cuisine": null,
        "wikidata": null,
        "website": null,
        "ele": null,
        "lat": 22.185781,
        "lng": 113.552141,
        "source": "osm"
      }
    },
    {
      "type": "Feature",
      "geometry": {
        "type": "Point",
        "coordinates": [
          113.535016,
          22.188395
        ]
      },
      "properties": {
        "osm_id": "way/231345560",
        "name": "亞婆井前地 Largo do Lilau",
        "name_zh": "亞婆井前地",
        "name_en": "Lilau Square",
        "name_pt": "Largo do Lilau",
        "category": "leisure",
        "category_value": "garden",
        "category_label": "休閒",
        "opening_hours": null,
        "cuisine": null,
        "wikidata": null,
        "website": null,
        "ele": null,
        "lat": 22.188395,
        "lng": 113.535016,
        "source": "osm"
      }
    },
    {
      "type": "Feature",
      "geometry": {
        "type": "Point",
        "coordinates": [
          113.554576,
          22.15902
        ]
      },
      "properties": {
        "osm_id": "way/240650346",
        "name": "氹仔中央公園 Parque Central da Taipa",
        "name_zh": "氹仔中央公園",
        "name_en": "Taipa Central Park",
        "name_pt": "Parque Central da Taipa",
        "category": "leisure",
        "category_value": "park",
        "category_label": "休閒",
        "opening_hours": "06:00-24:00",
        "cuisine": null,
        "wikidata": "Q11132886",
        "website": null,
        "ele": null,
        "lat": 22.15902,
        "lng": 113.554576,
        "source": "osm"
      }
    },
    {
      "type": "Feature",
      "geometry": {
        "type": "Point",
        "coordinates": [
          113.547134,
          22.198116
        ]
      },
      "properties": {
        "osm_id": "way/240650375",
        "name": "塔石廣場 Praça do Tap Siac",
        "name_zh": "塔石廣場",
        "name_en": "Tap Seac Square",
        "name_pt": "Praça do Tap Siac",
        "category": "place",
        "category_value": "square",
        "category_label": "廣場",
        "opening_hours": null,
        "cuisine": null,
        "wikidata": "Q25101646",
        "website": null,
        "ele": null,
        "lat": 22.198116,
        "lng": 113.547134,
        "source": "osm"
      }
    },
    {
      "type": "Feature",
      "geometry": {
        "type": "Point",
        "coordinates": [
          113.548449,
          22.210483
        ]
      },
      "properties": {
        "osm_id": "way/240650377",
        "name": "三角花園 Jardim Triangular",
        "name_zh": "三角花園",
        "name_en": "Triangular Garden",
        "name_pt": "Jardim Triangular",
        "category": "leisure",
        "category_value": "park",
        "category_label": "休閒",
        "opening_hours": "24/7",
        "cuisine": null,
        "wikidata": "Q10866880",
        "website": null,
        "ele": null,
        "lat": 22.210483,
        "lng": 113.548449,
        "source": "osm"
      }
    },
    {
      "type": "Feature",
      "geometry": {
        "type": "Point",
        "coordinates": [
          113.557134,
          22.156418
        ]
      },
      "properties": {
        "osm_id": "way/240896376",
        "name": "花城公園 Jardim da Cidade das Flores",
        "name_zh": "花城公園",
        "name_en": "Garden of Flower City",
        "name_pt": "Jardim da Cidade das Flores",
        "category": "leisure",
        "category_value": "park",
        "category_label": "休閒",
        "opening_hours": "06:00-24:00",
        "cuisine": null,
        "wikidata": "Q16868518",
        "website": null,
        "ele": null,
        "lat": 22.156418,
        "lng": 113.557134,
        "source": "osm"
      }
    },
    {
      "type": "Feature",
      "geometry": {
        "type": "Point",
        "coordinates": [
          113.556392,
          22.153947
        ]
      },
      "properties": {
        "osm_id": "way/240933842",
        "name": "氹仔市政街市 Mercado Municipal da Taipa",
        "name_zh": "氹仔市政街市",
        "name_en": "Taipa Market",
        "name_pt": "Mercado Municipal da Taipa",
        "category": "amenity",
        "category_value": "marketplace",
        "category_label": "設施",
        "opening_hours": "Mo-Su 07:00-19:00",
        "cuisine": null,
        "wikidata": null,
        "website": null,
        "ele": null,
        "lat": 22.153947,
        "lng": 113.556392,
        "source": "osm"
      }
    },
    {
      "type": "Feature",
      "geometry": {
        "type": "Point",
        "coordinates": [
          113.546887,
          22.208469
        ]
      },
      "properties": {
        "osm_id": "way/241618689",
        "name": "思親園",
        "name_zh": "思親園",
        "name_en": null,
        "name_pt": null,
        "category": "historic",
        "category_value": "tomb",
        "category_label": "歷史",
        "opening_hours": null,
        "cuisine": null,
        "wikidata": null,
        "website": null,
        "ele": null,
        "lat": 22.208469,
        "lng": 113.546887,
        "source": "osm"
      }
    },
    {
      "type": "Feature",
      "geometry": {
        "type": "Point",
        "coordinates": [
          113.547308,
          22.209645
        ]
      },
      "properties": {
        "osm_id": "way/241618691",
        "name": "澳門林則徐紀念館 Museu Memorial Lin Zexu de Macau",
        "name_zh": "澳門林則徐紀念館",
        "name_en": "Lin Zexu Memorial Museum of Macao",
        "name_pt": "Museu Memorial Lin Zexu de Macau",
        "category": "tourism",
        "category_value": "museum",
        "category_label": "觀光",
        "opening_hours": null,
        "cuisine": null,
        "wikidata": "Q15914955",
        "website": null,
        "ele": null,
        "lat": 22.209645,
        "lng": 113.547308,
        "source": "osm"
      }
    },
    {
      "type": "Feature",
      "geometry": {
        "type": "Point",
        "coordinates": [
          113.543506,
          22.188424
        ]
      },
      "properties": {
        "osm_id": "way/244524327",
        "name": "亞馬喇前地 Praça de Ferreira do Amaral",
        "name_zh": "亞馬喇前地",
        "name_en": null,
        "name_pt": "Praça de Ferreira do Amaral",
        "category": "leisure",
        "category_value": "park",
        "category_label": "休閒",
        "opening_hours": "24/7",
        "cuisine": null,
        "wikidata": "Q10882914",
        "website": null,
        "ele": null,
        "lat": 22.188424,
        "lng": 113.543506,
        "source": "osm"
      }
    },
    {
      "type": "Feature",
      "geometry": {
        "type": "Point",
        "coordinates": [
          113.551718,
          22.118002
        ]
      },
      "properties": {
        "osm_id": "way/244930722",
        "name": "恩尼斯花園 Jardim Ramalho Eanes",
        "name_zh": "恩尼斯花園",
        "name_en": "Ramalho Eanes Garden",
        "name_pt": "Jardim Ramalho Eanes",
        "category": "leisure",
        "category_value": "park",
        "category_label": "休閒",
        "opening_hours": null,
        "cuisine": null,
        "wikidata": "Q11073004",
        "website": null,
        "ele": null,
        "lat": 22.118002,
        "lng": 113.551718,
        "source": "osm"
      }
    },
    {
      "type": "Feature",
      "geometry": {
        "type": "Point",
        "coordinates": [
          113.55253,
          22.204295
        ]
      },
      "properties": {
        "osm_id": "way/265393199",
        "name": "螺絲山公園 Jardim Municpal da Mantanha Russa",
        "name_zh": "螺絲山公園",
        "name_en": "Montanha Russa Municpal Park",
        "name_pt": "Jardim Municpal da Mantanha Russa",
        "category": "leisure",
        "category_value": "park",
        "category_label": "休閒",
        "opening_hours": "06:00-24:00",
        "cuisine": null,
        "wikidata": "Q5522397",
        "website": null,
        "ele": null,
        "lat": 22.204295,
        "lng": 113.55253,
        "source": "osm"
      }
    },
    {
      "type": "Feature",
      "geometry": {
        "type": "Point",
        "coordinates": [
          113.550434,
          22.204399
        ]
      },
      "properties": {
        "osm_id": "way/265429440",
        "name": "普濟禪院 (觀音堂) Templo Kun Iam",
        "name_zh": "普濟禪院 (觀音堂)",
        "name_en": "Kun-Iam Temple",
        "name_pt": "Templo Kun Iam",
        "category": "amenity",
        "category_value": "place_of_worship",
        "category_label": "設施",
        "opening_hours": null,
        "cuisine": null,
        "wikidata": "Q281550",
        "website": null,
        "ele": null,
        "lat": 22.204399,
        "lng": 113.550434,
        "source": "osm"
      }
    },
    {
      "type": "Feature",
      "geometry": {
        "type": "Point",
        "coordinates": [
          113.54016,
          22.193732
        ]
      },
      "properties": {
        "osm_id": "way/265433529",
        "name": "仁慈堂大樓 Santa Casa da Misericórdia",
        "name_zh": "仁慈堂大樓",
        "name_en": "Holy House of Mercy",
        "name_pt": "Santa Casa da Misericórdia",
        "category": "historic",
        "category_value": "building",
        "category_label": "歷史",
        "opening_hours": null,
        "cuisine": null,
        "wikidata": "Q4310094",
        "website": null,
        "ele": null,
        "lat": 22.193732,
        "lng": 113.54016,
        "source": "osm"
      }
    },
    {
      "type": "Feature",
      "geometry": {
        "type": "Point",
        "coordinates": [
          113.547948,
          22.200487
        ]
      },
      "properties": {
        "osm_id": "way/265433531",
        "name": "盧廉若公園 Jardim Lou Lim Ioc",
        "name_zh": "盧廉若公園",
        "name_en": "Lou Lim Ioc Park",
        "name_pt": "Jardim Lou Lim Ioc",
        "category": "leisure",
        "category_value": "park",
        "category_label": "休閒",
        "opening_hours": "06:00-24:00",
        "cuisine": null,
        "wikidata": "Q4569614",
        "website": null,
        "ele": null,
        "lat": 22.200487,
        "lng": 113.547948,
        "source": "osm"
      }
    },
    {
      "type": "Feature",
      "geometry": {
        "type": "Point",
        "coordinates": [
          113.54868,
          22.197428
        ]
      },
      "properties": {
        "osm_id": "way/265436730",
        "name": "小賣部",
        "name_zh": "小賣部",
        "name_en": null,
        "name_pt": null,
        "category": "food",
        "category_value": "restaurant",
        "category_label": "美食",
        "opening_hours": null,
        "cuisine": null,
        "wikidata": null,
        "website": null,
        "ele": null,
        "lat": 22.197428,
        "lng": 113.54868,
        "source": "osm"
      }
    },
    {
      "type": "Feature",
      "geometry": {
        "type": "Point",
        "coordinates": [
          113.529957,
          22.184149
        ]
      },
      "properties": {
        "osm_id": "way/275266747",
        "name": "媽閣交通樞紐 Centro Modal de Transportes da Barra",
        "name_zh": "媽閣交通樞紐",
        "name_en": "Public Transport Interchange at Barra",
        "name_pt": "Centro Modal de Transportes da Barra",
        "category": "leisure",
        "category_value": "park",
        "category_label": "休閒",
        "opening_hours": null,
        "cuisine": null,
        "wikidata": null,
        "website": null,
        "ele": null,
        "lat": 22.184149,
        "lng": 113.529957,
        "source": "osm"
      }
    },
    {
      "type": "Feature",
      "geometry": {
        "type": "Point",
        "coordinates": [
          113.536764,
          22.190671
        ]
      },
      "properties": {
        "osm_id": "way/279952093",
        "name": "聖老楞佐堂 Igreja de S. Lourenço",
        "name_zh": "聖老楞佐堂",
        "name_en": "St. Lawrence Church",
        "name_pt": "Igreja de São Lourenço",
        "category": "amenity",
        "category_value": "place_of_worship",
        "category_label": "設施",
        "opening_hours": null,
        "cuisine": null,
        "wikidata": "Q3271236",
        "website": "http://www.stlawrencechurchmacau.com/",
        "ele": null,
        "lat": 22.190671,
        "lng": 113.536764,
        "source": "osm"
      }
    },
    {
      "type": "Feature",
      "geometry": {
        "type": "Point",
        "coordinates": [
          113.578101,
          22.155607
        ]
      },
      "properties": {
        "osm_id": "way/289161784",
        "name": "空中交通控制塔 Air Traffic Control Tower",
        "name_zh": "空中交通控制塔",
        "name_en": "Air Traffic Control Tower",
        "name_pt": null,
        "category": "man_made",
        "category_value": "tower",
        "category_label": "地標",
        "opening_hours": null,
        "cuisine": null,
        "wikidata": null,
        "website": null,
        "ele": null,
        "lat": 22.155607,
        "lng": 113.578101,
        "source": "osm"
      }
    },
    {
      "type": "Feature",
      "geometry": {
        "type": "Point",
        "coordinates": [
          113.545523,
          22.134242
        ]
      },
      "properties": {
        "osm_id": "way/289598378",
        "name": "大學會堂 Aula Magna da Universidade (N2)",
        "name_zh": "大學會堂(N2)",
        "name_en": "University of Macau Grand Hall (N2)",
        "name_pt": "Aula Magna da Universidade de Macau (N2)",
        "category": "amenity",
        "category_value": "theatre",
        "category_label": "設施",
        "opening_hours": null,
        "cuisine": null,
        "wikidata": null,
        "website": null,
        "ele": null,
        "lat": 22.134242,
        "lng": 113.545523,
        "source": "osm"
      }
    },
    {
      "type": "Feature",
      "geometry": {
        "type": "Point",
        "coordinates": [
          113.564425,
          22.130098
        ]
      },
      "properties": {
        "osm_id": "way/291592992",
        "name": "業興休憩區 Zona de Lazer do Edif. Ip Heng",
        "name_zh": "業興休憩區",
        "name_en": "Leisure Area of Edif. Ip Heng",
        "name_pt": "Zona de Lazer do Edif. Ip Heng",
        "category": "leisure",
        "category_value": "park",
        "category_label": "休閒",
        "opening_hours": "24/7",
        "cuisine": null,
        "wikidata": null,
        "website": null,
        "ele": null,
        "lat": 22.130098,
        "lng": 113.564425,
        "source": "osm"
      }
    },
    {
      "type": "Feature",
      "geometry": {
        "type": "Point",
        "coordinates": [
          113.574201,
          22.144088
        ]
      },
      "properties": {
        "osm_id": "way/295506987",
        "name": "澳門上葡京 Grand Lisboa Palace",
        "name_zh": "澳門上葡京",
        "name_en": "Grand Lisboa Palace Macau",
        "name_pt": "Palácio Grande Lisboa de Macau",
        "category": "tourism",
        "category_value": "attraction",
        "category_label": "觀光",
        "opening_hours": "24/7",
        "cuisine": null,
        "wikidata": "Q61056117",
        "website": null,
        "ele": null,
        "lat": 22.144088,
        "lng": 113.574201,
        "source": "osm"
      }
    },
    {
      "type": "Feature",
      "geometry": {
        "type": "Point",
        "coordinates": [
          113.544898,
          22.135314
        ]
      },
      "properties": {
        "osm_id": "way/296744857",
        "name": "修簧花園 Jardim Mola",
        "name_zh": "修簧花園",
        "name_en": "Spring Garden",
        "name_pt": "Jardim Mola",
        "category": "leisure",
        "category_value": "garden",
        "category_label": "休閒",
        "opening_hours": null,
        "cuisine": null,
        "wikidata": null,
        "website": null,
        "ele": null,
        "lat": 22.135314,
        "lng": 113.544898,
        "source": "osm"
      }
    },
    {
      "type": "Feature",
      "geometry": {
        "type": "Point",
        "coordinates": [
          113.544246,
          22.135067
        ]
      },
      "properties": {
        "osm_id": "way/296744879",
        "name": "哲學花園 Jardim da Filosofia",
        "name_zh": "哲學花園",
        "name_en": "Philosophical Garden",
        "name_pt": "Jardim da Filosofia",
        "category": "leisure",
        "category_value": "garden",
        "category_label": "休閒",
        "opening_hours": null,
        "cuisine": null,
        "wikidata": null,
        "website": null,
        "ele": null,
        "lat": 22.135067,
        "lng": 113.544246,
        "source": "osm"
      }
    },
    {
      "type": "Feature",
      "geometry": {
        "type": "Point",
        "coordinates": [
          113.541477,
          22.131858
        ]
      },
      "properties": {
        "osm_id": "way/296744887",
        "name": "哲思花園 Jardim da Filosofia",
        "name_zh": "哲思花園",
        "name_en": "Philosophical Garden",
        "name_pt": "Jardim da Filosofia",
        "category": "leisure",
        "category_value": "garden",
        "category_label": "休閒",
        "opening_hours": null,
        "cuisine": null,
        "wikidata": null,
        "website": null,
        "ele": null,
        "lat": 22.131858,
        "lng": 113.541477,
        "source": "osm"
      }
    },
    {
      "type": "Feature",
      "geometry": {
        "type": "Point",
        "coordinates": [
          113.544974,
          22.125844
        ]
      },
      "properties": {
        "osm_id": "way/296744889",
        "name": "啟航公園 Parque Náutico",
        "name_zh": "啟航公園",
        "name_en": "Sailing Park",
        "name_pt": "Parque Náutico",
        "category": "leisure",
        "category_value": "park",
        "category_label": "休閒",
        "opening_hours": null,
        "cuisine": null,
        "wikidata": null,
        "website": null,
        "ele": null,
        "lat": 22.125844,
        "lng": 113.544974,
        "source": "osm"
      }
    },
    {
      "type": "Feature",
      "geometry": {
        "type": "Point",
        "coordinates": [
          113.54343,
          22.131644
        ]
      },
      "properties": {
        "osm_id": "way/296744891",
        "name": "回憶花園 Jardim da Lembrança",
        "name_zh": "回憶花園",
        "name_en": "Memory Garden",
        "name_pt": "Jardim da Lembrança",
        "category": "leisure",
        "category_value": "garden",
        "category_label": "休閒",
        "opening_hours": null,
        "cuisine": null,
        "wikidata": null,
        "website": null,
        "ele": null,
        "lat": 22.131644,
        "lng": 113.54343,
        "source": "osm"
      }
    },
    {
      "type": "Feature",
      "geometry": {
        "type": "Point",
        "coordinates": [
          113.542367,
          22.125936
        ]
      },
      "properties": {
        "osm_id": "way/296744911",
        "name": "故新花園 Jardim do Estudioso Li Guxin",
        "name_zh": "故新花園",
        "name_en": "Old and New Garden",
        "name_pt": "Jardim do Estudioso Li Guxin",
        "category": "leisure",
        "category_value": "garden",
        "category_label": "休閒",
        "opening_hours": null,
        "cuisine": null,
        "wikidata": null,
        "website": null,
        "ele": null,
        "lat": 22.125936,
        "lng": 113.542367,
        "source": "osm"
      }
    },
    {
      "type": "Feature",
      "geometry": {
        "type": "Point",
        "coordinates": [
          113.553349,
          22.15626
        ]
      },
      "properties": {
        "osm_id": "way/305387603",
        "name": "運動場圓形地 Rotunda do Estádio",
        "name_zh": "運動場圓形地",
        "name_en": null,
        "name_pt": "Rotunda do Estádio",
        "category": "leisure",
        "category_value": "park",
        "category_label": "休閒",
        "opening_hours": null,
        "cuisine": null,
        "wikidata": null,
        "website": null,
        "ele": null,
        "lat": 22.15626,
        "lng": 113.553349,
        "source": "osm"
      }
    },
    {
      "type": "Feature",
      "geometry": {
        "type": "Point",
        "coordinates": [
          113.553312,
          22.196042
        ]
      },
      "properties": {
        "osm_id": "way/305387668",
        "name": "回歸公園 Jardim da Rua de Malaca",
        "name_zh": "回歸公園",
        "name_en": null,
        "name_pt": "Jardim da Rua de Malaca",
        "category": "leisure",
        "category_value": "park",
        "category_label": "休閒",
        "opening_hours": "24/7",
        "cuisine": null,
        "wikidata": null,
        "website": null,
        "ele": null,
        "lat": 22.196042,
        "lng": 113.553312,
        "source": "osm"
      }
    },
    {
      "type": "Feature",
      "geometry": {
        "type": "Point",
        "coordinates": [
          113.544768,
          22.205381
        ]
      },
      "properties": {
        "osm_id": "way/306158878",
        "name": "紅街市 Mercado Municipal Almirante Lacerda",
        "name_zh": "紅街市",
        "name_en": "Red Market",
        "name_pt": "Mercado Municipal Almirante Lacerda",
        "category": "amenity",
        "category_value": "marketplace",
        "category_label": "設施",
        "opening_hours": "07:30-19:30",
        "cuisine": null,
        "wikidata": "Q7304572",
        "website": null,
        "ele": null,
        "lat": 22.205381,
        "lng": 113.544768,
        "source": "osm"
      }
    },
    {
      "type": "Feature",
      "geometry": {
        "type": "Point",
        "coordinates": [
          113.554748,
          22.190157
        ]
      },
      "properties": {
        "osm_id": "way/307049831",
        "name": "文化中心廣場 Praça do Centro Cultural",
        "name_zh": "文化中心廣場",
        "name_en": "Cultural Centre Square",
        "name_pt": "Praça do Centro Cultural",
        "category": "leisure",
        "category_value": "park",
        "category_label": "休閒",
        "opening_hours": null,
        "cuisine": null,
        "wikidata": "Q16926503",
        "website": null,
        "ele": null,
        "lat": 22.190157,
        "lng": 113.554748,
        "source": "osm"
      }
    },
    {
      "type": "Feature",
      "geometry": {
        "type": "Point",
        "coordinates": [
          113.554381,
          22.193144
        ]
      },
      "properties": {
        "osm_id": "way/307049970",
        "name": "蒙地卡羅前地 Largo de Monte Carlo",
        "name_zh": "蒙地卡羅前地",
        "name_en": null,
        "name_pt": "Largo de Monte Carlo",
        "category": "leisure",
        "category_value": "park",
        "category_label": "休閒",
        "opening_hours": "24/7",
        "cuisine": null,
        "wikidata": "Q124051709",
        "website": null,
        "ele": null,
        "lat": 22.193144,
        "lng": 113.554381,
        "source": "osm"
      }
    },
    {
      "type": "Feature",
      "geometry": {
        "type": "Point",
        "coordinates": [
          113.545004,
          22.197103
        ]
      },
      "properties": {
        "osm_id": "way/307132359",
        "name": "聖母堂前地 Adro de S.Lázaro",
        "name_zh": "聖母堂前地 Adro de S.Lázaro",
        "name_en": null,
        "name_pt": null,
        "category": "place",
        "category_value": "square",
        "category_label": "廣場",
        "opening_hours": null,
        "cuisine": null,
        "wikidata": null,
        "website": null,
        "ele": null,
        "lat": 22.197103,
        "lng": 113.545004,
        "source": "osm"
      }
    },
    {
      "type": "Feature",
      "geometry": {
        "type": "Point",
        "coordinates": [
          113.537658,
          22.196853
        ]
      },
      "properties": {
        "osm_id": "way/307334636",
        "name": "康公廟前地 Largo do Pagode do Bazar",
        "name_zh": "康公廟前地",
        "name_en": null,
        "name_pt": "Largo do Pagode do Bazar",
        "category": "leisure",
        "category_value": "park",
        "category_label": "休閒",
        "opening_hours": null,
        "cuisine": null,
        "wikidata": "Q123123794",
        "website": null,
        "ele": null,
        "lat": 22.196853,
        "lng": 113.537658,
        "source": "osm"
      }
    },
    {
      "type": "Feature",
      "geometry": {
        "type": "Point",
        "coordinates": [
          113.55515,
          22.141528
        ]
      },
      "properties": {
        "osm_id": "way/314892593",
        "name": "路氹城生態保護一區 Zona Ecológica I do Cotai",
        "name_zh": "路氹城生態保護一區",
        "name_en": "Cotai Ecological Conservation Zone I",
        "name_pt": "Zona Ecológica I do Cotai",
        "category": "leisure",
        "category_value": "nature_reserve",
        "category_label": "休閒",
        "opening_hours": null,
        "cuisine": null,
        "wikidata": null,
        "website": null,
        "ele": null,
        "lat": 22.141528,
        "lng": 113.55515,
        "source": "osm"
      }
    },
    {
      "type": "Feature",
      "geometry": {
        "type": "Point",
        "coordinates": [
          113.563467,
          22.141037
        ]
      },
      "properties": {
        "osm_id": "way/317670571",
        "name": "十二生肖像-2 Esculturas do 12 Signos Chineses-2",
        "name_zh": "十二生肖像-2",
        "name_en": "Sculptures of the 12 Chinese Zodiac-2",
        "name_pt": "Esculturas do 12 Signos Chineses-2",
        "category": "tourism",
        "category_value": "artwork",
        "category_label": "觀光",
        "opening_hours": null,
        "cuisine": null,
        "wikidata": null,
        "website": null,
        "ele": null,
        "lat": 22.141037,
        "lng": 113.563467,
        "source": "osm"
      }
    },
    {
      "type": "Feature",
      "geometry": {
        "type": "Point",
        "coordinates": [
          113.539582,
          22.198934
        ]
      },
      "properties": {
        "osm_id": "way/319660137",
        "name": "聖安多尼堂 (花王堂) Igreja de Santo António",
        "name_zh": "聖安多尼堂",
        "name_en": "St. Anthony's Church",
        "name_pt": "Igreja de Santo António",
        "category": "amenity",
        "category_value": "place_of_worship",
        "category_label": "設施",
        "opening_hours": null,
        "cuisine": null,
        "wikidata": "Q6730196",
        "website": null,
        "ele": null,
        "lat": 22.198934,
        "lng": 113.539582,
        "source": "osm"
      }
    },
    {
      "type": "Feature",
      "geometry": {
        "type": "Point",
        "coordinates": [
          113.551438,
          22.211307
        ]
      },
      "properties": {
        "osm_id": "way/320028464",
        "name": "祐漢街市市政綜合大樓 Mercado Municipal do Bairro Iao Hon",
        "name_zh": "祐漢街市市政綜合大樓",
        "name_en": null,
        "name_pt": "Mercado Municipal do Bairro Iao Hon",
        "category": "amenity",
        "category_value": "marketplace",
        "category_label": "設施",
        "opening_hours": null,
        "cuisine": null,
        "wikidata": null,
        "website": null,
        "ele": null,
        "lat": 22.211307,
        "lng": 113.551438,
        "source": "osm"
      }
    },
    {
      "type": "Feature",
      "geometry": {
        "type": "Point",
        "coordinates": [
          113.551764,
          22.211017
        ]
      },
      "properties": {
        "osm_id": "way/320028465",
        "name": "祐漢小販大樓 Centro de Comidas do Complexo Iao Hon",
        "name_zh": "祐漢小販大樓",
        "name_en": null,
        "name_pt": "Centro de Comidas do Complexo Iao Hon",
        "category": "amenity",
        "category_value": "marketplace",
        "category_label": "設施",
        "opening_hours": null,
        "cuisine": null,
        "wikidata": "Q124224077",
        "website": null,
        "ele": null,
        "lat": 22.211017,
        "lng": 113.551764,
        "source": "osm"
      }
    },
    {
      "type": "Feature",
      "geometry": {
        "type": "Point",
        "coordinates": [
          113.559434,
          22.155535
        ]
      },
      "properties": {
        "osm_id": "way/322228650",
        "name": "三婆廟 Templo de Sam Po",
        "name_zh": "三婆廟",
        "name_en": "Sam Po Temple",
        "name_pt": "Templo de Sam Po",
        "category": "tourism",
        "category_value": "attraction",
        "category_label": "觀光",
        "opening_hours": null,
        "cuisine": null,
        "wikidata": "Q122956262",
        "website": null,
        "ele": null,
        "lat": 22.155535,
        "lng": 113.559434,
        "source": "osm"
      }
    },
    {
      "type": "Feature",
      "geometry": {
        "type": "Point",
        "coordinates": [
          113.557771,
          22.153295
        ]
      },
      "properties": {
        "osm_id": "way/322228684",
        "name": "觀音堂",
        "name_zh": "觀音堂",
        "name_en": null,
        "name_pt": null,
        "category": "tourism",
        "category_value": "attraction",
        "category_label": "觀光",
        "opening_hours": null,
        "cuisine": null,
        "wikidata": "Q123122487",
        "website": null,
        "ele": null,
        "lat": 22.153295,
        "lng": 113.557771,
        "source": "osm"
      }
    },
    {
      "type": "Feature",
      "geometry": {
        "type": "Point",
        "coordinates": [
          113.558596,
          22.153898
        ]
      },
      "properties": {
        "osm_id": "way/322228685",
        "name": "醫靈廟 Templo de I Leng",
        "name_zh": "醫靈廟",
        "name_en": null,
        "name_pt": "Templo de I Leng",
        "category": "tourism",
        "category_value": "attraction",
        "category_label": "觀光",
        "opening_hours": null,
        "cuisine": null,
        "wikidata": "Q123122532",
        "website": null,
        "ele": null,
        "lat": 22.153898,
        "lng": 113.558596,
        "source": "osm"
      }
    },
    {
      "type": "Feature",
      "geometry": {
        "type": "Point",
        "coordinates": [
          113.558518,
          22.162
        ]
      },
      "properties": {
        "osm_id": "way/322228686",
        "name": "關帝廟 Templo de Kuan Tai",
        "name_zh": "關帝廟",
        "name_en": null,
        "name_pt": "Templo de Kuan Tai",
        "category": "tourism",
        "category_value": "attraction",
        "category_label": "觀光",
        "opening_hours": null,
        "cuisine": null,
        "wikidata": null,
        "website": null,
        "ele": null,
        "lat": 22.162,
        "lng": 113.558518,
        "source": "osm"
      }
    },
    {
      "type": "Feature",
      "geometry": {
        "type": "Point",
        "coordinates": [
          113.568763,
          22.118209
        ]
      },
      "properties": {
        "osm_id": "way/322642517",
        "name": "黑沙公園 Parque de Hac-Sá",
        "name_zh": "黑沙公園",
        "name_en": "Hac Sa Park",
        "name_pt": "Parque de Hac-Sá",
        "category": "leisure",
        "category_value": "park",
        "category_label": "休閒",
        "opening_hours": "06:00-24:00",
        "cuisine": null,
        "wikidata": "Q5637016",
        "website": null,
        "ele": null,
        "lat": 22.118209,
        "lng": 113.568763,
        "source": "osm"
      }
    },
    {
      "type": "Feature",
      "geometry": {
        "type": "Point",
        "coordinates": [
          113.544694,
          22.215823
        ]
      },
      "properties": {
        "osm_id": "way/324146738",
        "name": "紀念孫中山市政公園 Parque Municipal Dr. Sun Yat Sen",
        "name_zh": "紀念孫中山市政公園",
        "name_en": "Dr. Sun Yat Sen Municipal Park",
        "name_pt": "Parque Municipal Dr. Sun Yat Sen",
        "category": "leisure",
        "category_value": "park",
        "category_label": "休閒",
        "opening_hours": "06:00-24:00",
        "cuisine": null,
        "wikidata": "Q3439056",
        "website": null,
        "ele": null,
        "lat": 22.215823,
        "lng": 113.544694,
        "source": "osm"
      }
    },
    {
      "type": "Feature",
      "geometry": {
        "type": "Point",
        "coordinates": [
          113.554913,
          22.203277
        ]
      },
      "properties": {
        "osm_id": "way/330083075",
        "name": "通訊博物館 Museu das Comunicações",
        "name_zh": "通訊博物館",
        "name_en": "Communications Museum",
        "name_pt": "Museu das Comunicações",
        "category": "tourism",
        "category_value": "museum",
        "category_label": "觀光",
        "opening_hours": "Tu-Su 09:30-17:30",
        "cuisine": null,
        "wikidata": "Q15905060",
        "website": "http://macao.communications.museum/",
        "ele": null,
        "lat": 22.203277,
        "lng": 113.554913,
        "source": "osm"
      }
    },
    {
      "type": "Feature",
      "geometry": {
        "type": "Point",
        "coordinates": [
          113.541542,
          22.19348
        ]
      },
      "properties": {
        "osm_id": "way/330368426",
        "name": "主教座堂 (大堂/聖母誕辰主教座堂) Igreja da Sé (Sé Catedral da Natividade de Nossa Senhora)",
        "name_zh": "澳門主教座堂(聖母誕辰主教座堂)",
        "name_en": "Sé Cathedral (Cathedral of the Nativity of Our Lady)",
        "name_pt": "Igreja da Sé (Sé Catedral da Natividade de Nossa Senhora)",
        "category": "amenity",
        "category_value": "place_of_worship",
        "category_label": "設施",
        "opening_hours": null,
        "cuisine": null,
        "wikidata": "Q1106554",
        "website": null,
        "ele": null,
        "lat": 22.19348,
        "lng": 113.541542,
        "source": "osm"
      }
    },
    {
      "type": "Feature",
      "geometry": {
        "type": "Point",
        "coordinates": [
          113.591036,
          22.129541
        ]
      },
      "properties": {
        "osm_id": "way/333975694",
        "name": "九澳燈塔 Faróis de Ká-Hó",
        "name_zh": "九澳燈塔",
        "name_en": null,
        "name_pt": "Faróis de Ká-Hó",
        "category": "man_made",
        "category_value": "lighthouse",
        "category_label": "地標",
        "opening_hours": null,
        "cuisine": null,
        "wikidata": "Q105192745",
        "website": null,
        "ele": null,
        "lat": 22.129541,
        "lng": 113.591036,
        "source": "osm"
      }
    },
    {
      "type": "Feature",
      "geometry": {
        "type": "Point",
        "coordinates": [
          113.551875,
          22.115276
        ]
      },
      "properties": {
        "osm_id": "way/333975736",
        "name": "天后古廟 Templo de Tin Hau",
        "name_zh": "天后古廟",
        "name_en": "Tin Hau Temple",
        "name_pt": "Templo de Tin Hau",
        "category": "amenity",
        "category_value": "place_of_worship",
        "category_label": "設施",
        "opening_hours": null,
        "cuisine": null,
        "wikidata": "Q113576494",
        "website": null,
        "ele": null,
        "lat": 22.115276,
        "lng": 113.551875,
        "source": "osm"
      }
    },
    {
      "type": "Feature",
      "geometry": {
        "type": "Point",
        "coordinates": [
          113.5893,
          22.130788
        ]
      },
      "properties": {
        "osm_id": "way/333975756",
        "name": "Hold On To Hope Cafe",
        "name_zh": "Hold On To Hope Cafe",
        "name_en": "Hold On To Hope Cafe",
        "name_pt": null,
        "category": "food",
        "category_value": "cafe",
        "category_label": "美食",
        "opening_hours": null,
        "cuisine": null,
        "wikidata": null,
        "website": null,
        "ele": null,
        "lat": 22.130788,
        "lng": 113.5893,
        "source": "osm"
      }
    },
    {
      "type": "Feature",
      "geometry": {
        "type": "Point",
        "coordinates": [
          113.550634,
          22.115035
        ]
      },
      "properties": {
        "osm_id": "way/333975811",
        "name": "路環兒童公園 Parque Infantil de Coloane",
        "name_zh": "路環兒童公園",
        "name_en": "Coloane Children's Park",
        "name_pt": "Parque Infantil de Coloane",
        "category": "leisure",
        "category_value": "park",
        "category_label": "休閒",
        "opening_hours": null,
        "cuisine": null,
        "wikidata": null,
        "website": null,
        "ele": null,
        "lat": 22.115035,
        "lng": 113.550634,
        "source": "osm"
      }
    },
    {
      "type": "Feature",
      "geometry": {
        "type": "Point",
        "coordinates": [
          113.545758,
          22.210794
        ]
      },
      "properties": {
        "osm_id": "way/334453286",
        "name": "台山街市市政綜合大樓 Complexo Municipal do Mercado de Tamagnini Barbosa",
        "name_zh": "台山街市市政綜合大樓",
        "name_en": null,
        "name_pt": "Complexo Municipal do Mercado de Tamagnini Barbosa",
        "category": "amenity",
        "category_value": "marketplace",
        "category_label": "設施",
        "opening_hours": null,
        "cuisine": null,
        "wikidata": "Q10914498",
        "website": null,
        "ele": null,
        "lat": 22.210794,
        "lng": 113.545758,
        "source": "osm"
      }
    },
    {
      "type": "Feature",
      "geometry": {
        "type": "Point",
        "coordinates": [
          113.573339,
          22.162668
        ]
      },
      "properties": {
        "osm_id": "way/334480581",
        "name": "乘風展翅 Asa dos Bons Ventos",
        "name_zh": "乘風展翅",
        "name_en": null,
        "name_pt": "Asa dos Bons Ventos",
        "category": "historic",
        "category_value": "monument",
        "category_label": "歷史",
        "opening_hours": null,
        "cuisine": null,
        "wikidata": "Q123586899",
        "website": null,
        "ele": null,
        "lat": 22.162668,
        "lng": 113.573339,
        "source": "osm"
      }
    },
    {
      "type": "Feature",
      "geometry": {
        "type": "Point",
        "coordinates": [
          113.551635,
          22.146675
        ]
      },
      "properties": {
        "osm_id": "way/346331627",
        "name": "澳門百老匯 Broadway Macau",
        "name_zh": "澳門百老匯",
        "name_en": "Broadway Macau",
        "name_pt": null,
        "category": "tourism",
        "category_value": "attraction",
        "category_label": "觀光",
        "opening_hours": "24/7",
        "cuisine": null,
        "wikidata": "Q15921371",
        "website": "https://www.broadwaymacau.com.mo/",
        "ele": null,
        "lat": 22.146675,
        "lng": 113.551635,
        "source": "osm"
      }
    },
    {
      "type": "Feature",
      "geometry": {
        "type": "Point",
        "coordinates": [
          113.539898,
          22.191259
        ]
      },
      "properties": {
        "osm_id": "way/346900281",
        "name": "區華利前地 Lazer de Praça de Jorge Álvares",
        "name_zh": "區華利前地",
        "name_en": null,
        "name_pt": "Lazer de Praça de Jorge Álvares",
        "category": "leisure",
        "category_value": "park",
        "category_label": "休閒",
        "opening_hours": null,
        "cuisine": null,
        "wikidata": "Q122260371",
        "website": null,
        "ele": null,
        "lat": 22.191259,
        "lng": 113.539898,
        "source": "osm"
      }
    },
    {
      "type": "Feature",
      "geometry": {
        "type": "Point",
        "coordinates": [
          113.547673,
          22.207965
        ]
      },
      "properties": {
        "osm_id": "way/347579898",
        "name": "望廈炮台 Fortaleza de Mong-Há",
        "name_zh": "望廈炮台",
        "name_en": null,
        "name_pt": "Fortaleza de Mong-Há",
        "category": "historic",
        "category_value": "fort",
        "category_label": "歷史",
        "opening_hours": null,
        "cuisine": null,
        "wikidata": "Q5472514",
        "website": null,
        "ele": null,
        "lat": 22.207965,
        "lng": 113.547673,
        "source": "osm"
      }
    },
    {
      "type": "Feature",
      "geometry": {
        "type": "Point",
        "coordinates": [
          113.552305,
          22.211104
        ]
      },
      "properties": {
        "osm_id": "way/354086808",
        "name": "祐漢街市公園 Jardim do Mercado do Iao Hon",
        "name_zh": "祐漢街市公園",
        "name_en": "Iao Hon Market Park",
        "name_pt": "Jardim do Mercado do Iao Hon",
        "category": "leisure",
        "category_value": "park",
        "category_label": "休閒",
        "opening_hours": null,
        "cuisine": null,
        "wikidata": null,
        "website": null,
        "ele": null,
        "lat": 22.211104,
        "lng": 113.552305,
        "source": "osm"
      }
    },
    {
      "type": "Feature",
      "geometry": {
        "type": "Point",
        "coordinates": [
          113.563645,
          22.144913
        ]
      },
      "properties": {
        "osm_id": "way/354089720",
        "name": "十二生肖像-1 Esculturas do 12 Signos Chineses-1",
        "name_zh": "十二生肖像-1",
        "name_en": "Sculptures of the 12 Chinese Zodiac-1",
        "name_pt": "Esculturas do 12 Signos Chineses-1",
        "category": "tourism",
        "category_value": "artwork",
        "category_label": "觀光",
        "opening_hours": null,
        "cuisine": null,
        "wikidata": null,
        "website": null,
        "ele": null,
        "lat": 22.144913,
        "lng": 113.563645,
        "source": "osm"
      }
    },
    {
      "type": "Feature",
      "geometry": {
        "type": "Point",
        "coordinates": [
          113.53697,
          22.188921
        ]
      },
      "properties": {
        "osm_id": "way/377726099",
        "name": "高樓斜巷臨時休憩區 Zona de Lazer provisória da Calçada do Bom Jesus",
        "name_zh": "高樓斜巷臨時休憩區",
        "name_en": null,
        "name_pt": "Zona de Lazer provisória da Calçada do Bom Jesus",
        "category": "leisure",
        "category_value": "park",
        "category_label": "休閒",
        "opening_hours": null,
        "cuisine": null,
        "wikidata": null,
        "website": "https://www.iam.gov.mo/showfile.ashx?p=nature/Form/%E8%A1%A8%E6%A0%BC%E4%B8%8B%E8%BC%89/637336283512487.pdf",
        "ele": null,
        "lat": 22.188921,
        "lng": 113.53697,
        "source": "osm"
      }
    },
    {
      "type": "Feature",
      "geometry": {
        "type": "Point",
        "coordinates": [
          113.537191,
          22.186773
        ]
      },
      "properties": {
        "osm_id": "way/377731896",
        "name": "燒灰爐公園 Parque do Chunambeiro",
        "name_zh": "燒灰爐公園",
        "name_en": "Chunambeiro Park",
        "name_pt": "Parque do Chunambeiro",
        "category": "leisure",
        "category_value": "park",
        "category_label": "休閒",
        "opening_hours": "06:00-24:00",
        "cuisine": null,
        "wikidata": "Q124691984",
        "website": null,
        "ele": null,
        "lat": 22.186773,
        "lng": 113.537191,
        "source": "osm"
      }
    },
    {
      "type": "Feature",
      "geometry": {
        "type": "Point",
        "coordinates": [
          113.538434,
          22.199764
        ]
      },
      "properties": {
        "osm_id": "way/377740839",
        "name": "何林圍休憩區",
        "name_zh": "何林圍休憩區",
        "name_en": null,
        "name_pt": null,
        "category": "leisure",
        "category_value": "park",
        "category_label": "休閒",
        "opening_hours": null,
        "cuisine": null,
        "wikidata": null,
        "website": null,
        "ele": null,
        "lat": 22.199764,
        "lng": 113.538434,
        "source": "osm"
      }
    },
    {
      "type": "Feature",
      "geometry": {
        "type": "Point",
        "coordinates": [
          113.565335,
          22.145812
        ]
      },
      "properties": {
        "osm_id": "way/378286621",
        "name": "澳門倫敦人 The Londoner Macao",
        "name_zh": "澳門倫敦人",
        "name_en": "The Londoner Macao",
        "name_pt": "The Londoner Macau",
        "category": "tourism",
        "category_value": "attraction",
        "category_label": "觀光",
        "opening_hours": "24/7",
        "cuisine": null,
        "wikidata": null,
        "website": "https://hk.londonermacao.com/",
        "ele": null,
        "lat": 22.145812,
        "lng": 113.565335,
        "source": "osm"
      }
    },
    {
      "type": "Feature",
      "geometry": {
        "type": "Point",
        "coordinates": [
          113.554569,
          22.147446
        ]
      },
      "properties": {
        "osm_id": "way/378848867",
        "name": "澳門銀河 Galaxy Macau",
        "name_zh": "澳門銀河",
        "name_en": "Galaxy Macau",
        "name_pt": "Galáxia Macau",
        "category": "tourism",
        "category_value": "attraction",
        "category_label": "觀光",
        "opening_hours": "24/7",
        "cuisine": null,
        "wikidata": null,
        "website": "https://www.galaxymacau.com/",
        "ele": null,
        "lat": 22.147446,
        "lng": 113.554569,
        "source": "osm"
      }
    },
    {
      "type": "Feature",
      "geometry": {
        "type": "Point",
        "coordinates": [
          113.549124,
          22.194762
        ]
      },
      "properties": {
        "osm_id": "way/380360765",
        "name": "山邊街周邊休憩區",
        "name_zh": "山邊街周邊休憩區",
        "name_en": null,
        "name_pt": null,
        "category": "leisure",
        "category_value": "park",
        "category_label": "休閒",
        "opening_hours": null,
        "cuisine": null,
        "wikidata": null,
        "website": null,
        "ele": null,
        "lat": 22.194762,
        "lng": 113.549124,
        "source": "osm"
      }
    },
    {
      "type": "Feature",
      "geometry": {
        "type": "Point",
        "coordinates": [
          113.538375,
          22.192274
        ]
      },
      "properties": {
        "osm_id": "way/389129453",
        "name": "聖奧斯定教堂 Igreja de Santo Agostinho",
        "name_zh": "聖奧斯定教堂",
        "name_en": "St. Augustine's Church",
        "name_pt": "Igreja de Santo Agostinho",
        "category": "amenity",
        "category_value": "place_of_worship",
        "category_label": "設施",
        "opening_hours": null,
        "cuisine": null,
        "wikidata": "Q4587786",
        "website": null,
        "ele": null,
        "lat": 22.192274,
        "lng": 113.538375,
        "source": "osm"
      }
    },
    {
      "type": "Feature",
      "geometry": {
        "type": "Point",
        "coordinates": [
          113.538206,
          22.191912
        ]
      },
      "properties": {
        "osm_id": "way/389129455",
        "name": "伯多祿五世劇院 Teatro Dom Pedro V",
        "name_zh": "伯多祿五世劇院",
        "name_en": "Dom Pedro V Theatre",
        "name_pt": "Teatro Dom Pedro V)",
        "category": "amenity",
        "category_value": "theatre",
        "category_label": "設施",
        "opening_hours": null,
        "cuisine": null,
        "wikidata": "Q3182054",
        "website": null,
        "ele": null,
        "lat": 22.191912,
        "lng": 113.538206,
        "source": "osm"
      }
    },
    {
      "type": "Feature",
      "geometry": {
        "type": "Point",
        "coordinates": [
          113.552098,
          22.118085
        ]
      },
      "properties": {
        "osm_id": "way/391312282",
        "name": "路環市政街市 Mercado Municipal de Coloane",
        "name_zh": "路環市政街市",
        "name_en": null,
        "name_pt": "Mercado Municipal de Coloane",
        "category": "amenity",
        "category_value": "marketplace",
        "category_label": "設施",
        "opening_hours": null,
        "cuisine": null,
        "wikidata": null,
        "website": null,
        "ele": null,
        "lat": 22.118085,
        "lng": 113.552098,
        "source": "osm"
      }
    },
    {
      "type": "Feature",
      "geometry": {
        "type": "Point",
        "coordinates": [
          113.556854,
          22.153933
        ]
      },
      "properties": {
        "osm_id": "way/400425540",
        "name": "中心咖啡美食",
        "name_zh": "中心咖啡美食",
        "name_en": null,
        "name_pt": null,
        "category": "food",
        "category_value": "restaurant",
        "category_label": "美食",
        "opening_hours": "Mo-Su 07:30-18:00",
        "cuisine": "chinese",
        "wikidata": null,
        "website": null,
        "ele": null,
        "lat": 22.153933,
        "lng": 113.556854,
        "source": "osm"
      }
    },
    {
      "type": "Feature",
      "geometry": {
        "type": "Point",
        "coordinates": [
          113.556876,
          22.153894
        ]
      },
      "properties": {
        "osm_id": "way/400425559",
        "name": "必達士 Bitter Sweet",
        "name_zh": "必達士",
        "name_en": "Bitter Sweet",
        "name_pt": null,
        "category": "food",
        "category_value": "restaurant",
        "category_label": "美食",
        "opening_hours": "Mo-Su 11:00-22:00",
        "cuisine": "coffee_shop",
        "wikidata": null,
        "website": null,
        "ele": null,
        "lat": 22.153894,
        "lng": 113.556876,
        "source": "osm"
      }
    },
    {
      "type": "Feature",
      "geometry": {
        "type": "Point",
        "coordinates": [
          113.556899,
          22.153854
        ]
      },
      "properties": {
        "osm_id": "way/400425560",
        "name": "沛記咖啡室 Elstabelecimento do Coimdas Pui Kei",
        "name_zh": "沛記咖啡室",
        "name_en": null,
        "name_pt": "Elstabelecimento do Coimdas Pui Kei",
        "category": "food",
        "category_value": "restaurant",
        "category_label": "美食",
        "opening_hours": "Mo-Su 08:00-18:00",
        "cuisine": "chinese",
        "wikidata": null,
        "website": null,
        "ele": null,
        "lat": 22.153854,
        "lng": 113.556899,
        "source": "osm"
      }
    },
    {
      "type": "Feature",
      "geometry": {
        "type": "Point",
        "coordinates": [
          113.556934,
          22.153778
        ]
      },
      "properties": {
        "osm_id": "way/400425561",
        "name": "福臨居海鮮菜館",
        "name_zh": "福臨居海鮮菜館",
        "name_en": null,
        "name_pt": null,
        "category": "food",
        "category_value": "restaurant",
        "category_label": "美食",
        "opening_hours": "Mo-Su 11:30-22:30",
        "cuisine": "chinese",
        "wikidata": null,
        "website": null,
        "ele": null,
        "lat": 22.153778,
        "lng": 113.556934,
        "source": "osm"
      }
    },
    {
      "type": "Feature",
      "geometry": {
        "type": "Point",
        "coordinates": [
          113.547814,
          22.199707
        ]
      },
      "properties": {
        "osm_id": "way/402081005",
        "name": "澳門茶文化館",
        "name_zh": "澳門茶文化館",
        "name_en": "Macao Tea Museum",
        "name_pt": "Casa Cultural de Chá de Macau",
        "category": "tourism",
        "category_value": "museum",
        "category_label": "觀光",
        "opening_hours": "Tu-Su 09:00-19:00",
        "cuisine": null,
        "wikidata": "Q15926251",
        "website": null,
        "ele": null,
        "lat": 22.199707,
        "lng": 113.547814,
        "source": "osm"
      }
    },
    {
      "type": "Feature",
      "geometry": {
        "type": "Point",
        "coordinates": [
          113.541882,
          22.205813
        ]
      },
      "properties": {
        "osm_id": "way/402108659",
        "name": "海擎天公園",
        "name_zh": "海擎天公園",
        "name_en": "The Praia Park",
        "name_pt": null,
        "category": "leisure",
        "category_value": "park",
        "category_label": "休閒",
        "opening_hours": "24/7",
        "cuisine": null,
        "wikidata": null,
        "website": null,
        "ele": null,
        "lat": 22.205813,
        "lng": 113.541882,
        "source": "osm"
      }
    },
    {
      "type": "Feature",
      "geometry": {
        "type": "Point",
        "coordinates": [
          113.547166,
          22.211213
        ]
      },
      "properties": {
        "osm_id": "way/402108661",
        "name": "台山中街休憩區 Zona de Lazer da Rua Central de T'oi Sán",
        "name_zh": "台山中街休憩區",
        "name_en": "Leisure Area in Rua Central de T'oi Sán",
        "name_pt": "Zona de Lazer da Rua Central de T'oi Sán",
        "category": "leisure",
        "category_value": "park",
        "category_label": "休閒",
        "opening_hours": "24/7",
        "cuisine": null,
        "wikidata": null,
        "website": null,
        "ele": null,
        "lat": 22.211213,
        "lng": 113.547166,
        "source": "osm"
      }
    },
    {
      "type": "Feature",
      "geometry": {
        "type": "Point",
        "coordinates": [
          113.549586,
          22.192211
        ]
      },
      "properties": {
        "osm_id": "way/402151736",
        "name": "中華民族雕塑園展覽館 Salão de Exposições do Parque de Esculturas Étnicas Chinesas",
        "name_zh": "中華民族雕塑園展覽館",
        "name_en": "Exhibition Center of the Sculpture Park of the Chinese Ethnics",
        "name_pt": "Salão de Exposições do Parque de Esculturas Étnicas Chinesas",
        "category": "tourism",
        "category_value": "museum",
        "category_label": "觀光",
        "opening_hours": null,
        "cuisine": null,
        "wikidata": null,
        "website": "https://www.iam.gov.mo/sculpturepark/zh_mo/introduction.html",
        "ele": null,
        "lat": 22.192211,
        "lng": 113.549586,
        "source": "osm"
      }
    },
    {
      "type": "Feature",
      "geometry": {
        "type": "Point",
        "coordinates": [
          113.560611,
          22.210535
        ]
      },
      "properties": {
        "osm_id": "way/402155652",
        "name": "黑沙環海濱公園 Parque Marginal da Areia Preta",
        "name_zh": "黑沙環海濱公園",
        "name_en": null,
        "name_pt": "Parque Marginal da Areia Preta",
        "category": "leisure",
        "category_value": "park",
        "category_label": "休閒",
        "opening_hours": null,
        "cuisine": null,
        "wikidata": "Q11179245",
        "website": null,
        "ele": null,
        "lat": 22.210535,
        "lng": 113.560611,
        "source": "osm"
      }
    },
    {
      "type": "Feature",
      "geometry": {
        "type": "Point",
        "coordinates": [
          113.545938,
          22.202867
        ]
      },
      "properties": {
        "osm_id": "way/402304874",
        "name": "嘉路米耶圓形地 (三盞燈) Rotunda de Carlos da Maia",
        "name_zh": "嘉路米耶圓形地 (三盞燈)",
        "name_en": null,
        "name_pt": "Rotunda de Carlos da Maia",
        "category": "leisure",
        "category_value": "park",
        "category_label": "休閒",
        "opening_hours": null,
        "cuisine": null,
        "wikidata": "Q10924194",
        "website": null,
        "ele": null,
        "lat": 22.202867,
        "lng": 113.545938,
        "source": "osm"
      }
    },
    {
      "type": "Feature",
      "geometry": {
        "type": "Point",
        "coordinates": [
          113.532788,
          22.179608
        ]
      },
      "properties": {
        "osm_id": "way/404021073",
        "name": "西灣湖休憩區 Zona de Lazer do Lago Sai Van",
        "name_zh": "西灣湖休憩區",
        "name_en": null,
        "name_pt": "Zona de Lazer do Lago Sai Van",
        "category": "leisure",
        "category_value": "park",
        "category_label": "休閒",
        "opening_hours": null,
        "cuisine": null,
        "wikidata": null,
        "website": null,
        "ele": null,
        "lat": 22.179608,
        "lng": 113.532788,
        "source": "osm"
      }
    },
    {
      "type": "Feature",
      "geometry": {
        "type": "Point",
        "coordinates": [
          113.534413,
          22.188587
        ]
      },
      "properties": {
        "osm_id": "way/404235920",
        "name": "鄭家大屋 Casa do Mandarim",
        "name_zh": "鄭家大屋",
        "name_en": "Mandarin's House",
        "name_pt": "Casa do Mandarim",
        "category": "tourism",
        "category_value": "museum",
        "category_label": "觀光",
        "opening_hours": null,
        "cuisine": null,
        "wikidata": "Q6757684",
        "website": null,
        "ele": null,
        "lat": 22.188587,
        "lng": 113.534413,
        "source": "osm"
      }
    },
    {
      "type": "Feature",
      "geometry": {
        "type": "Point",
        "coordinates": [
          113.558129,
          22.126151
        ]
      },
      "properties": {
        "osm_id": "way/404568306",
        "name": "動物園 Jardim Zoológico",
        "name_zh": "動物園",
        "name_en": "Macau Zoo",
        "name_pt": "Jardim Zoológico",
        "category": "tourism",
        "category_value": "zoo",
        "category_label": "觀光",
        "opening_hours": null,
        "cuisine": null,
        "wikidata": null,
        "website": null,
        "ele": null,
        "lat": 22.126151,
        "lng": 113.558129,
        "source": "osm"
      }
    },
    {
      "type": "Feature",
      "geometry": {
        "type": "Point",
        "coordinates": [
          113.549693,
          22.19654
        ]
      },
      "properties": {
        "osm_id": "way/404669396",
        "name": "東望洋炮台 Fortaleza da Guia",
        "name_zh": "東望洋炮台",
        "name_en": "Guia Fortress",
        "name_pt": "Fortaleza da Guia",
        "category": "historic",
        "category_value": "fort",
        "category_label": "歷史",
        "opening_hours": null,
        "cuisine": null,
        "wikidata": "Q3078465",
        "website": null,
        "ele": null,
        "lat": 22.19654,
        "lng": 113.549693,
        "source": "osm"
      }
    },
    {
      "type": "Feature",
      "geometry": {
        "type": "Point",
        "coordinates": [
          113.551427,
          22.200111
        ]
      },
      "properties": {
        "osm_id": "way/405237257",
        "name": "二龍喉公園 Jardim da Flora",
        "name_zh": "二龍喉公園",
        "name_en": "Flora Garden",
        "name_pt": "Jardim da Flora",
        "category": "leisure",
        "category_value": "park",
        "category_label": "休閒",
        "opening_hours": "24/7",
        "cuisine": null,
        "wikidata": "Q10880516",
        "website": null,
        "ele": null,
        "lat": 22.200111,
        "lng": 113.551427,
        "source": "osm"
      }
    },
    {
      "type": "Feature",
      "geometry": {
        "type": "Point",
        "coordinates": [
          113.552778,
          22.204146
        ]
      },
      "properties": {
        "osm_id": "way/405470900",
        "name": "奔墟小廚",
        "name_zh": "奔墟小廚",
        "name_en": null,
        "name_pt": null,
        "category": "food",
        "category_value": "restaurant",
        "category_label": "美食",
        "opening_hours": null,
        "cuisine": null,
        "wikidata": null,
        "website": null,
        "ele": null,
        "lat": 22.204146,
        "lng": 113.552778,
        "source": "osm"
      }
    },
    {
      "type": "Feature",
      "geometry": {
        "type": "Point",
        "coordinates": [
          113.540497,
          22.159258
        ]
      },
      "properties": {
        "osm_id": "way/405826614",
        "name": "氹仔海濱休憩區 Zona de Lazer da Marginal da Taipa",
        "name_zh": "氹仔海濱休憩區",
        "name_en": null,
        "name_pt": "Zona de Lazer da Marginal da Taipa",
        "category": "leisure",
        "category_value": "park",
        "category_label": "休閒",
        "opening_hours": null,
        "cuisine": null,
        "wikidata": "Q115639036",
        "website": null,
        "ele": null,
        "lat": 22.159258,
        "lng": 113.540497,
        "source": "osm"
      }
    },
    {
      "type": "Feature",
      "geometry": {
        "type": "Point",
        "coordinates": [
          113.5377,
          22.203161
        ]
      },
      "properties": {
        "osm_id": "way/406156044",
        "name": "爹美刁施拿地大馬路休憩區 Zona de Lazer da Avenida de Demétrio Cinatti",
        "name_zh": "爹美刁施拿地大馬路休憩區",
        "name_en": "Leisure Area in Avenida de Demétrio Cinatti",
        "name_pt": "Zona de Lazer da Avenida de Demétrio Cinatti",
        "category": "leisure",
        "category_value": "park",
        "category_label": "休閒",
        "opening_hours": "24/7",
        "cuisine": null,
        "wikidata": null,
        "website": null,
        "ele": null,
        "lat": 22.203161,
        "lng": 113.5377,
        "source": "osm"
      }
    },
    {
      "type": "Feature",
      "geometry": {
        "type": "Point",
        "coordinates": [
          113.553913,
          22.206543
        ]
      },
      "properties": {
        "osm_id": "way/406362578",
        "name": "慕拉士前地休憩區 Zona de Lazer da Praceta de Venceslau de Morais",
        "name_zh": "慕拉士前地休憩區",
        "name_en": "Leisure Area in Praceta de Venceslau de Morais",
        "name_pt": "Zona de Lazer da Praceta de Venceslau de Morais",
        "category": "leisure",
        "category_value": "park",
        "category_label": "休閒",
        "opening_hours": null,
        "cuisine": null,
        "wikidata": null,
        "website": null,
        "ele": null,
        "lat": 22.206543,
        "lng": 113.553913,
        "source": "osm"
      }
    },
    {
      "type": "Feature",
      "geometry": {
        "type": "Point",
        "coordinates": [
          113.543475,
          22.200145
        ]
      },
      "properties": {
        "osm_id": "way/407215057",
        "name": "消防博物館 Museu dos Bombeiros",
        "name_zh": "消防博物館",
        "name_en": null,
        "name_pt": "Museu dos Bombeiros",
        "category": "tourism",
        "category_value": "museum",
        "category_label": "觀光",
        "opening_hours": null,
        "cuisine": null,
        "wikidata": "Q11151730",
        "website": null,
        "ele": null,
        "lat": 22.200145,
        "lng": 113.543475,
        "source": "osm"
      }
    },
    {
      "type": "Feature",
      "geometry": {
        "type": "Point",
        "coordinates": [
          113.556399,
          22.207803
        ]
      },
      "properties": {
        "osm_id": "way/407603518",
        "name": "東北大馬路休憩區 Zona de Lazer da Avenida Nordeste",
        "name_zh": "東北大馬路休憩區",
        "name_en": "Leisure area at Northeast Avenue",
        "name_pt": "Zona de Lazer da Avenida Nordeste",
        "category": "leisure",
        "category_value": "park",
        "category_label": "休閒",
        "opening_hours": "24/7",
        "cuisine": null,
        "wikidata": null,
        "website": null,
        "ele": null,
        "lat": 22.207803,
        "lng": 113.556399,
        "source": "osm"
      }
    },
    {
      "type": "Feature",
      "geometry": {
        "type": "Point",
        "coordinates": [
          113.534708,
          22.190816
        ]
      },
      "properties": {
        "osm_id": "way/409539178",
        "name": "下環街市市政綜合大樓 Complexo Municipal do Mercado de S. Lourenço",
        "name_zh": "下環街市市政綜合大樓",
        "name_en": null,
        "name_pt": "Complexo Municipal do Mercado de S. Lourenço",
        "category": "amenity",
        "category_value": "marketplace",
        "category_label": "設施",
        "opening_hours": "07:00-19:30",
        "cuisine": null,
        "wikidata": null,
        "website": null,
        "ele": null,
        "lat": 22.190816,
        "lng": 113.534708,
        "source": "osm"
      }
    },
    {
      "type": "Feature",
      "geometry": {
        "type": "Point",
        "coordinates": [
          113.548903,
          22.199896
        ]
      },
      "properties": {
        "osm_id": "way/411044995",
        "name": "澳門國父紀念館 Casa Memorativa Sun Yat Sen",
        "name_zh": "澳門國父紀念館",
        "name_en": "Sun Yat Sen Memorial House",
        "name_pt": "Casa Memorativa Sun Yat Sen",
        "category": "tourism",
        "category_value": "museum",
        "category_label": "觀光",
        "opening_hours": "We-Mo 10:00-17:00",
        "cuisine": null,
        "wikidata": "Q7638630",
        "website": null,
        "ele": null,
        "lat": 22.199896,
        "lng": 113.548903,
        "source": "osm"
      }
    },
    {
      "type": "Feature",
      "geometry": {
        "type": "Point",
        "coordinates": [
          113.551337,
          22.200737
        ]
      },
      "properties": {
        "osm_id": "way/411045015",
        "name": "二龍喉茶座 Jardim Flora Café Shop",
        "name_zh": "二龍喉茶座",
        "name_en": "Jardim Flora Café Shop",
        "name_pt": null,
        "category": "food",
        "category_value": "restaurant",
        "category_label": "美食",
        "opening_hours": null,
        "cuisine": null,
        "wikidata": null,
        "website": null,
        "ele": null,
        "lat": 22.200737,
        "lng": 113.551337,
        "source": "osm"
      }
    },
    {
      "type": "Feature",
      "geometry": {
        "type": "Point",
        "coordinates": [
          113.548196,
          22.201205
        ]
      },
      "properties": {
        "osm_id": "way/411047587",
        "name": "A座 (行政樓) Bloco A (Edifício Administrativo)",
        "name_zh": "A座 (行政樓)",
        "name_en": "Block A (Administrative Building)",
        "name_pt": "Bloco A (Edifício Administrativo)",
        "category": "historic",
        "category_value": "building",
        "category_label": "歷史",
        "opening_hours": null,
        "cuisine": null,
        "wikidata": null,
        "website": null,
        "ele": null,
        "lat": 22.201205,
        "lng": 113.548196,
        "source": "osm"
      }
    },
    {
      "type": "Feature",
      "geometry": {
        "type": "Point",
        "coordinates": [
          113.539442,
          22.204634
        ]
      },
      "properties": {
        "osm_id": "way/411756716",
        "name": "林茂海邊馬路休憩區 Zona de Lazer da Avenida Marginal do Lam Mau",
        "name_zh": "林茂海邊馬路休憩區",
        "name_en": "Leisure Area in Avenida Marginal do Lam Mau",
        "name_pt": "Zona de Lazer da Avenida Marginal do Lam Mau",
        "category": "leisure",
        "category_value": "park",
        "category_label": "休閒",
        "opening_hours": "24/7",
        "cuisine": null,
        "wikidata": null,
        "website": null,
        "ele": null,
        "lat": 22.204634,
        "lng": 113.539442,
        "source": "osm"
      }
    },
    {
      "type": "Feature",
      "geometry": {
        "type": "Point",
        "coordinates": [
          113.544117,
          22.212607
        ]
      },
      "properties": {
        "osm_id": "way/413050733",
        "name": "李寶椿街休憩區 Zona de Lazer de Lei Pou Ch'ôn",
        "name_zh": "李寶椿街休憩區",
        "name_en": "Leisure Area in Rua de Lei Pou Ch'ôn",
        "name_pt": "Zona de Lazer de Lei Pou Ch'ôn",
        "category": "leisure",
        "category_value": "park",
        "category_label": "休閒",
        "opening_hours": "24/7",
        "cuisine": null,
        "wikidata": null,
        "website": null,
        "ele": null,
        "lat": 22.212607,
        "lng": 113.544117,
        "source": "osm"
      }
    },
    {
      "type": "Feature",
      "geometry": {
        "type": "Point",
        "coordinates": [
          113.54508,
          22.205728
        ]
      },
      "properties": {
        "osm_id": "way/421036569",
        "name": "龍華茶樓 Casa de Cha Long Wa",
        "name_zh": "龍華茶樓",
        "name_en": null,
        "name_pt": "Casa de Cha Long Wa",
        "category": "food",
        "category_value": "restaurant",
        "category_label": "美食",
        "opening_hours": "Mo-Su 07:00-14:00",
        "cuisine": "chinese",
        "wikidata": null,
        "website": null,
        "ele": null,
        "lat": 22.205728,
        "lng": 113.54508,
        "source": "osm"
      }
    },
    {
      "type": "Feature",
      "geometry": {
        "type": "Point",
        "coordinates": [
          113.544866,
          22.192623
        ]
      },
      "properties": {
        "osm_id": "way/422772531",
        "name": "歐戰紀念館",
        "name_zh": "歐戰紀念館",
        "name_en": "European War Museum",
        "name_pt": "Museu da Guerra Europeia",
        "category": "tourism",
        "category_value": "museum",
        "category_label": "觀光",
        "opening_hours": null,
        "cuisine": null,
        "wikidata": null,
        "website": null,
        "ele": null,
        "lat": 22.192623,
        "lng": 113.544866,
        "source": "osm"
      }
    },
    {
      "type": "Feature",
      "geometry": {
        "type": "Point",
        "coordinates": [
          113.560162,
          22.146785
        ]
      },
      "properties": {
        "osm_id": "way/424248207",
        "name": "威尼斯人劇場 The Venetian Theatre",
        "name_zh": "威尼斯人劇場",
        "name_en": "The Venetian Theatre",
        "name_pt": null,
        "category": "amenity",
        "category_value": "theatre",
        "category_label": "設施",
        "opening_hours": null,
        "cuisine": null,
        "wikidata": null,
        "website": null,
        "ele": null,
        "lat": 22.146785,
        "lng": 113.560162,
        "source": "osm"
      }
    },
    {
      "type": "Feature",
      "geometry": {
        "type": "Point",
        "coordinates": [
          113.563205,
          22.147724
        ]
      },
      "properties": {
        "osm_id": "way/424248221",
        "name": "St. Mark's Bell Tower",
        "name_zh": "St. Mark's Bell Tower",
        "name_en": null,
        "name_pt": null,
        "category": "man_made",
        "category_value": "tower",
        "category_label": "地標",
        "opening_hours": null,
        "cuisine": null,
        "wikidata": null,
        "website": null,
        "ele": null,
        "lat": 22.147724,
        "lng": 113.563205,
        "source": "osm"
      }
    },
    {
      "type": "Feature",
      "geometry": {
        "type": "Point",
        "coordinates": [
          113.545198,
          22.211989
        ]
      },
      "properties": {
        "osm_id": "way/427220571",
        "name": "花地瑪聖母堂 Paróquia de Fátima Macau",
        "name_zh": "花地瑪聖母堂",
        "name_en": "Our Lady of Fatima Church Macau",
        "name_pt": "Paróquia de Fátima Macau",
        "category": "amenity",
        "category_value": "place_of_worship",
        "category_label": "設施",
        "opening_hours": null,
        "cuisine": null,
        "wikidata": "Q22101553",
        "website": null,
        "ele": null,
        "lat": 22.211989,
        "lng": 113.545198,
        "source": "osm"
      }
    },
    {
      "type": "Feature",
      "geometry": {
        "type": "Point",
        "coordinates": [
          113.547923,
          22.20075
        ]
      },
      "properties": {
        "osm_id": "way/432827409",
        "name": "春草堂 Pavilhão de Relva Primaveril",
        "name_zh": "春草堂",
        "name_en": "Pavilion of Spring Grass (Chon Chou Tong)",
        "name_pt": "Pavilhão de Relva Primaveril",
        "category": "tourism",
        "category_value": "gallery",
        "category_label": "觀光",
        "opening_hours": null,
        "cuisine": null,
        "wikidata": null,
        "website": null,
        "ele": null,
        "lat": 22.20075,
        "lng": 113.547923,
        "source": "osm"
      }
    },
    {
      "type": "Feature",
      "geometry": {
        "type": "Point",
        "coordinates": [
          113.561681,
          22.143632
        ]
      },
      "properties": {
        "osm_id": "way/442462675",
        "name": "澳門巴黎人 The Parisian Macau",
        "name_zh": "澳門巴黎人",
        "name_en": "The Parisian Macau",
        "name_pt": "O Parisiense Macau",
        "category": "tourism",
        "category_value": "attraction",
        "category_label": "觀光",
        "opening_hours": "24/7",
        "cuisine": null,
        "wikidata": "Q18207985",
        "website": "https://www.parisianmacao.com/",
        "ele": null,
        "lat": 22.143632,
        "lng": 113.561681,
        "source": "osm"
      }
    },
    {
      "type": "Feature",
      "geometry": {
        "type": "Point",
        "coordinates": [
          113.56283,
          22.143569
        ]
      },
      "properties": {
        "osm_id": "way/442462677",
        "name": "澳門巴黎鐵塔 Macau Eiffel Tower",
        "name_zh": "澳門巴黎鐵塔",
        "name_en": "Macau Eiffel Tower",
        "name_pt": "Torre Eiffel em Macau",
        "category": "tourism",
        "category_value": "attraction",
        "category_label": "觀光",
        "opening_hours": null,
        "cuisine": null,
        "wikidata": null,
        "website": null,
        "ele": null,
        "lat": 22.143569,
        "lng": 113.56283,
        "source": "osm"
      }
    },
    {
      "type": "Feature",
      "geometry": {
        "type": "Point",
        "coordinates": [
          113.542797,
          22.208591
        ]
      },
      "properties": {
        "osm_id": "way/445896931",
        "name": "宏開宏建休憩區 Zona de Lazer contígua ao Ed. Wang Hoi e Wang Kin",
        "name_zh": "宏開宏建休憩區",
        "name_en": "Leisure Area of Edif. Wang Hoi & Wang Kin",
        "name_pt": "Zona de Lazer contígua ao Ed. Wang Hoi e Wang Kin",
        "category": "leisure",
        "category_value": "park",
        "category_label": "休閒",
        "opening_hours": "24/7",
        "cuisine": null,
        "wikidata": null,
        "website": null,
        "ele": null,
        "lat": 22.208591,
        "lng": 113.542797,
        "source": "osm"
      }
    },
    {
      "type": "Feature",
      "geometry": {
        "type": "Point",
        "coordinates": [
          113.546708,
          22.210478
        ]
      },
      "properties": {
        "osm_id": "way/456076862",
        "name": "花地瑪教會街休憩區 Zona de Lazer da Rua da Missão de Fátima",
        "name_zh": "花地瑪教會街休憩區",
        "name_en": "Leisure Area in Rua da Missão de Fátima",
        "name_pt": "Zona de Lazer da Rua da Missão de Fátima",
        "category": "leisure",
        "category_value": "park",
        "category_label": "休閒",
        "opening_hours": null,
        "cuisine": null,
        "wikidata": null,
        "website": null,
        "ele": null,
        "lat": 22.210478,
        "lng": 113.546708,
        "source": "osm"
      }
    },
    {
      "type": "Feature",
      "geometry": {
        "type": "Point",
        "coordinates": [
          113.556045,
          22.211565
        ]
      },
      "properties": {
        "osm_id": "way/457467683",
        "name": "黑沙環中街臨時休憩區 Zona de Lazer da Rua Central da Areia Preta",
        "name_zh": "黑沙環中街臨時休憩區",
        "name_en": null,
        "name_pt": "Zona de Lazer da Rua Central da Areia Preta",
        "category": "leisure",
        "category_value": "park",
        "category_label": "休閒",
        "opening_hours": null,
        "cuisine": null,
        "wikidata": null,
        "website": null,
        "ele": null,
        "lat": 22.211565,
        "lng": 113.556045,
        "source": "osm"
      }
    },
    {
      "type": "Feature",
      "geometry": {
        "type": "Point",
        "coordinates": [
          113.54506,
          22.203061
        ]
      },
      "properties": {
        "osm_id": "way/461192545",
        "name": "竹林寺",
        "name_zh": "竹林寺",
        "name_en": "Zhulin Temple",
        "name_pt": null,
        "category": "amenity",
        "category_value": "place_of_worship",
        "category_label": "設施",
        "opening_hours": null,
        "cuisine": null,
        "wikidata": null,
        "website": null,
        "ele": null,
        "lat": 22.203061,
        "lng": 113.54506,
        "source": "osm"
      }
    },
    {
      "type": "Feature",
      "geometry": {
        "type": "Point",
        "coordinates": [
          113.547737,
          22.206139
        ]
      },
      "properties": {
        "osm_id": "way/461365084",
        "name": "觀音古廟",
        "name_zh": "觀音古廟",
        "name_en": null,
        "name_pt": null,
        "category": "amenity",
        "category_value": "place_of_worship",
        "category_label": "設施",
        "opening_hours": null,
        "cuisine": null,
        "wikidata": null,
        "website": null,
        "ele": null,
        "lat": 22.206139,
        "lng": 113.547737,
        "source": "osm"
      }
    },
    {
      "type": "Feature",
      "geometry": {
        "type": "Point",
        "coordinates": [
          113.547313,
          22.205993
        ]
      },
      "properties": {
        "osm_id": "way/461365086",
        "name": "望廈山房 Vivendas de Mong-Há",
        "name_zh": "望廈山房",
        "name_en": "Mong-Ha Villas",
        "name_pt": "Vivendas de Mong-Há",
        "category": "tourism",
        "category_value": "gallery",
        "category_label": "觀光",
        "opening_hours": null,
        "cuisine": null,
        "wikidata": null,
        "website": null,
        "ele": null,
        "lat": 22.205993,
        "lng": 113.547313,
        "source": "osm"
      }
    },
    {
      "type": "Feature",
      "geometry": {
        "type": "Point",
        "coordinates": [
          113.538822,
          22.212215
        ]
      },
      "properties": {
        "osm_id": "way/466625938",
        "name": "海棠巷休憩區 Zona de Lazer da Travessa da Begónia",
        "name_zh": "海棠巷休憩區",
        "name_en": "Leisure Area in Travessa da Begónia",
        "name_pt": "Zona de Lazer da Travessa da Begónia",
        "category": "leisure",
        "category_value": "park",
        "category_label": "休閒",
        "opening_hours": "24/7",
        "cuisine": null,
        "wikidata": null,
        "website": null,
        "ele": null,
        "lat": 22.212215,
        "lng": 113.538822,
        "source": "osm"
      }
    },
    {
      "type": "Feature",
      "geometry": {
        "type": "Point",
        "coordinates": [
          113.541849,
          22.204494
        ]
      },
      "properties": {
        "osm_id": "way/466962367",
        "name": "林茂塘臨時休憩區 Zona de Lazer Provisória do Lam Mau",
        "name_zh": "林茂塘臨時休憩區",
        "name_en": null,
        "name_pt": "Zona de Lazer Provisória do Lam Mau",
        "category": "leisure",
        "category_value": "park",
        "category_label": "休閒",
        "opening_hours": null,
        "cuisine": null,
        "wikidata": null,
        "website": null,
        "ele": null,
        "lat": 22.204494,
        "lng": 113.541849,
        "source": "osm"
      }
    },
    {
      "type": "Feature",
      "geometry": {
        "type": "Point",
        "coordinates": [
          113.543064,
          22.196956
        ]
      },
      "properties": {
        "osm_id": "way/488185718",
        "name": "大炮台迴廊 Acesso à Fortaleza do Monte",
        "name_zh": "大炮台迴廊",
        "name_en": "Mount Fortress Corridor",
        "name_pt": "Acesso à Fortaleza do Monte",
        "category": "tourism",
        "category_value": "gallery",
        "category_label": "觀光",
        "opening_hours": "Mo-Su 07:00-19:00",
        "cuisine": null,
        "wikidata": null,
        "website": null,
        "ele": null,
        "lat": 22.196956,
        "lng": 113.543064,
        "source": "osm"
      }
    },
    {
      "type": "Feature",
      "geometry": {
        "type": "Point",
        "coordinates": [
          113.541965,
          22.19699
        ]
      },
      "properties": {
        "osm_id": "way/488185729",
        "name": "大炮台公園 Parque da Fortaleza do Monte",
        "name_zh": "大炮台公園",
        "name_en": null,
        "name_pt": "Parque da Fortaleza do Monte",
        "category": "leisure",
        "category_value": "park",
        "category_label": "休閒",
        "opening_hours": null,
        "cuisine": null,
        "wikidata": null,
        "website": null,
        "ele": null,
        "lat": 22.19699,
        "lng": 113.541965,
        "source": "osm"
      }
    },
    {
      "type": "Feature",
      "geometry": {
        "type": "Point",
        "coordinates": [
          113.549746,
          22.200862
        ]
      },
      "properties": {
        "osm_id": "way/490954721",
        "name": "二龍喉浸信會 Igreja Baptista Ye Lung Hau",
        "name_zh": "二龍喉浸信會",
        "name_en": "Ye Lung Hau Baptist Church",
        "name_pt": null,
        "category": "amenity",
        "category_value": "place_of_worship",
        "category_label": "設施",
        "opening_hours": null,
        "cuisine": null,
        "wikidata": null,
        "website": null,
        "ele": null,
        "lat": 22.200862,
        "lng": 113.549746,
        "source": "osm"
      }
    },
    {
      "type": "Feature",
      "geometry": {
        "type": "Point",
        "coordinates": [
          113.547849,
          22.211683
        ]
      },
      "properties": {
        "osm_id": "way/497374154",
        "name": "台山平民新邨休憩區 Zona de Lazer do Bairro Social de Tamagnini Barbosa",
        "name_zh": "台山平民新邨休憩區",
        "name_en": null,
        "name_pt": "Zona de Lazer do Bairro Social de Tamagnini Barbosa",
        "category": "leisure",
        "category_value": "park",
        "category_label": "休閒",
        "opening_hours": null,
        "cuisine": null,
        "wikidata": null,
        "website": null,
        "ele": null,
        "lat": 22.211683,
        "lng": 113.547849,
        "source": "osm"
      }
    },
    {
      "type": "Feature",
      "geometry": {
        "type": "Point",
        "coordinates": [
          113.541575,
          22.208955
        ]
      },
      "properties": {
        "osm_id": "way/499896077",
        "name": "筷子基北灣休憩區 Zona de Lazer de Baícia Norte do Patane",
        "name_zh": "筷子基北灣休憩區",
        "name_en": "Leisure Area in Baía Norte do Fai Chi Kei",
        "name_pt": "Zona de Lazer de Baícia Norte do Patane",
        "category": "leisure",
        "category_value": "park",
        "category_label": "休閒",
        "opening_hours": "24/7",
        "cuisine": null,
        "wikidata": null,
        "website": null,
        "ele": null,
        "lat": 22.208955,
        "lng": 113.541575,
        "source": "osm"
      }
    },
    {
      "type": "Feature",
      "geometry": {
        "type": "Point",
        "coordinates": [
          113.557109,
          22.203601
        ]
      },
      "properties": {
        "osm_id": "way/524982815",
        "name": "瑪利二世皇后眺望台 Miradouro de D.Maria II",
        "name_zh": "瑪利二世皇后眺望台",
        "name_en": null,
        "name_pt": "Miradouro de D.Maria II",
        "category": "leisure",
        "category_value": "park",
        "category_label": "休閒",
        "opening_hours": null,
        "cuisine": null,
        "wikidata": null,
        "website": null,
        "ele": null,
        "lat": 22.203601,
        "lng": 113.557109,
        "source": "osm"
      }
    },
    {
      "type": "Feature",
      "geometry": {
        "type": "Point",
        "coordinates": [
          113.555753,
          22.15222
        ]
      },
      "properties": {
        "osm_id": "way/542809864",
        "name": "天后宮 Templo de Tin Hau",
        "name_zh": "天后宮",
        "name_en": "Tin Hau Temple",
        "name_pt": "Templo de Tin Hau",
        "category": "amenity",
        "category_value": "place_of_worship",
        "category_label": "設施",
        "opening_hours": null,
        "cuisine": null,
        "wikidata": "Q123124455",
        "website": null,
        "ele": null,
        "lat": 22.15222,
        "lng": 113.555753,
        "source": "osm"
      }
    },
    {
      "type": "Feature",
      "geometry": {
        "type": "Point",
        "coordinates": [
          113.547368,
          22.199292
        ]
      },
      "properties": {
        "osm_id": "way/543908490",
        "name": "饒宗頤學藝館 Academia Jao Tsung-I",
        "name_zh": "饒宗頤學藝館",
        "name_en": "Jao Tsung-I Academy",
        "name_pt": "Academia Jao Tsung-I",
        "category": "amenity",
        "category_value": "arts_centre",
        "category_label": "設施",
        "opening_hours": "Tu-Su 10:00-18:00",
        "cuisine": null,
        "wikidata": "Q123330373",
        "website": "https://www.ajti.gov.mo/",
        "ele": null,
        "lat": 22.199292,
        "lng": 113.547368,
        "source": "osm"
      }
    },
    {
      "type": "Feature",
      "geometry": {
        "type": "Point",
        "coordinates": [
          113.549134,
          22.200318
        ]
      },
      "properties": {
        "osm_id": "way/544062672",
        "name": "澳門佛學社 Escola Budista Macau",
        "name_zh": "澳門佛學社",
        "name_en": null,
        "name_pt": "Escola Budista Macau",
        "category": "amenity",
        "category_value": "place_of_worship",
        "category_label": "設施",
        "opening_hours": null,
        "cuisine": null,
        "wikidata": null,
        "website": null,
        "ele": null,
        "lat": 22.200318,
        "lng": 113.549134,
        "source": "osm"
      }
    },
    {
      "type": "Feature",
      "geometry": {
        "type": "Point",
        "coordinates": [
          113.558314,
          22.204418
        ]
      },
      "properties": {
        "osm_id": "way/544082912",
        "name": "天后廟",
        "name_zh": "天后廟",
        "name_en": null,
        "name_pt": null,
        "category": "amenity",
        "category_value": "place_of_worship",
        "category_label": "設施",
        "opening_hours": null,
        "cuisine": null,
        "wikidata": null,
        "website": null,
        "ele": null,
        "lat": 22.204418,
        "lng": 113.558314,
        "source": "osm"
      }
    },
    {
      "type": "Feature",
      "geometry": {
        "type": "Point",
        "coordinates": [
          113.550601,
          22.201953
        ]
      },
      "properties": {
        "osm_id": "way/544093058",
        "name": "菩提堂",
        "name_zh": "菩提堂",
        "name_en": null,
        "name_pt": null,
        "category": "amenity",
        "category_value": "place_of_worship",
        "category_label": "設施",
        "opening_hours": null,
        "cuisine": null,
        "wikidata": null,
        "website": null,
        "ele": null,
        "lat": 22.201953,
        "lng": 113.550601,
        "source": "osm"
      }
    },
    {
      "type": "Feature",
      "geometry": {
        "type": "Point",
        "coordinates": [
          113.581895,
          22.131093
        ]
      },
      "properties": {
        "osm_id": "way/544331876",
        "name": "觀音廟（九澳）Templo de Kun Iam (Ká-Hó)",
        "name_zh": "觀音廟（九澳）",
        "name_en": null,
        "name_pt": "Templo de Kun Iam (Ká-Hó)",
        "category": "amenity",
        "category_value": "place_of_worship",
        "category_label": "設施",
        "opening_hours": null,
        "cuisine": null,
        "wikidata": null,
        "website": null,
        "ele": null,
        "lat": 22.131093,
        "lng": 113.581895,
        "source": "osm"
      }
    },
    {
      "type": "Feature",
      "geometry": {
        "type": "Point",
        "coordinates": [
          113.549757,
          22.198941
        ]
      },
      "properties": {
        "osm_id": "way/544343368",
        "name": "善牧會 Sisters of The Good Shepherd",
        "name_zh": "善牧會",
        "name_en": "Sisters of The Good Shepherd",
        "name_pt": null,
        "category": "amenity",
        "category_value": "place_of_worship",
        "category_label": "設施",
        "opening_hours": null,
        "cuisine": null,
        "wikidata": null,
        "website": null,
        "ele": null,
        "lat": 22.198941,
        "lng": 113.549757,
        "source": "osm"
      }
    },
    {
      "type": "Feature",
      "geometry": {
        "type": "Point",
        "coordinates": [
          113.549804,
          22.20441
        ]
      },
      "properties": {
        "osm_id": "way/544588485",
        "name": "康真君廟, 望廈坊眾互助會 Associação de Mútuo Auxílio dos Moradores de Mong-Há",
        "name_zh": "康真君廟, 望廈坊眾互助會",
        "name_en": null,
        "name_pt": null,
        "category": "amenity",
        "category_value": "place_of_worship",
        "category_label": "設施",
        "opening_hours": null,
        "cuisine": null,
        "wikidata": null,
        "website": null,
        "ele": null,
        "lat": 22.20441,
        "lng": 113.549804,
        "source": "osm"
      }
    },
    {
      "type": "Feature",
      "geometry": {
        "type": "Point",
        "coordinates": [
          113.547714,
          22.200176
        ]
      },
      "properties": {
        "osm_id": "way/546745017",
        "name": "養心堂 Pavilhão Iong Sam Tong",
        "name_zh": "養心堂",
        "name_en": "Iong Sam Tong Pavilion",
        "name_pt": "Pavilhão Iong Sam Tong",
        "category": "tourism",
        "category_value": "gallery",
        "category_label": "觀光",
        "opening_hours": null,
        "cuisine": null,
        "wikidata": null,
        "website": null,
        "ele": null,
        "lat": 22.200176,
        "lng": 113.547714,
        "source": "osm"
      }
    },
    {
      "type": "Feature",
      "geometry": {
        "type": "Point",
        "coordinates": [
          113.539925,
          22.191998
        ]
      },
      "properties": {
        "osm_id": "way/546996918",
        "name": "終審法院大樓 Tribunal de Última Instância",
        "name_zh": "終審法院大樓",
        "name_en": null,
        "name_pt": "Tribunal de Última Instância",
        "category": "historic",
        "category_value": "building",
        "category_label": "歷史",
        "opening_hours": null,
        "cuisine": null,
        "wikidata": null,
        "website": null,
        "ele": null,
        "lat": 22.191998,
        "lng": 113.539925,
        "source": "osm"
      }
    },
    {
      "type": "Feature",
      "geometry": {
        "type": "Point",
        "coordinates": [
          113.580217,
          22.199293
        ]
      },
      "properties": {
        "osm_id": "way/548115202",
        "name": "港珠澳大橋珠澳口岸人工島澳門口岸管理區-14號單體 Edifício N.º 14 - Zona de Administração de Macau na Ilha Fronteiriça Artificial da Ponte Hong Kong-Zhuhai-Macau",
        "name_zh": "港珠澳大橋珠澳口岸人工島澳門口岸管理區-14號單體",
        "name_en": null,
        "name_pt": "Edifício N.º 14 - Zona de Administração de Macau na Ilha Fronteiriça Artificial da Ponte Hong Kong-Zhuhai-Macau",
        "category": "man_made",
        "category_value": "tower",
        "category_label": "地標",
        "opening_hours": null,
        "cuisine": null,
        "wikidata": null,
        "website": null,
        "ele": null,
        "lat": 22.199293,
        "lng": 113.580217,
        "source": "osm"
      }
    },
    {
      "type": "Feature",
      "geometry": {
        "type": "Point",
        "coordinates": [
          113.566224,
          22.143479
        ]
      },
      "properties": {
        "osm_id": "way/548518735",
        "name": "巴黎人花園 Le Jardin",
        "name_zh": "巴黎人花園",
        "name_en": null,
        "name_pt": "Le Jardin",
        "category": "leisure",
        "category_value": "park",
        "category_label": "休閒",
        "opening_hours": null,
        "cuisine": null,
        "wikidata": null,
        "website": null,
        "ele": null,
        "lat": 22.143479,
        "lng": 113.566224,
        "source": "osm"
      }
    },
    {
      "type": "Feature",
      "geometry": {
        "type": "Point",
        "coordinates": [
          113.567801,
          22.145599
        ]
      },
      "properties": {
        "osm_id": "way/562031016",
        "name": "視博廣場",
        "name_zh": "視博廣場",
        "name_en": null,
        "name_pt": null,
        "category": "place",
        "category_value": "square",
        "category_label": "廣場",
        "opening_hours": null,
        "cuisine": null,
        "wikidata": null,
        "website": null,
        "ele": null,
        "lat": 22.145599,
        "lng": 113.567801,
        "source": "osm"
      }
    },
    {
      "type": "Feature",
      "geometry": {
        "type": "Point",
        "coordinates": [
          113.543788,
          22.206928
        ]
      },
      "properties": {
        "osm_id": "way/605315663",
        "name": "沙梨頭新街休憩區 Zona de lazer da Rua Nova do Patane",
        "name_zh": "沙梨頭新街休憩區",
        "name_en": "Leisure Area in Rua Nova do Patane",
        "name_pt": "Zona de lazer da Rua Nova do Patane",
        "category": "leisure",
        "category_value": "park",
        "category_label": "休閒",
        "opening_hours": "24/7",
        "cuisine": null,
        "wikidata": null,
        "website": null,
        "ele": null,
        "lat": 22.206928,
        "lng": 113.543788,
        "source": "osm"
      }
    },
    {
      "type": "Feature",
      "geometry": {
        "type": "Point",
        "coordinates": [
          113.550256,
          22.209524
        ]
      },
      "properties": {
        "osm_id": "way/605320814",
        "name": "黑沙環第四街休憩區 Zona de Lazer da Rua Quatro do bairro da Areia Preta",
        "name_zh": "黑沙環第四街休憩區",
        "name_en": null,
        "name_pt": "Zona de Lazer da Rua Quatro do bairro da Areia Preta",
        "category": "leisure",
        "category_value": "park",
        "category_label": "休閒",
        "opening_hours": null,
        "cuisine": null,
        "wikidata": null,
        "website": null,
        "ele": null,
        "lat": 22.209524,
        "lng": 113.550256,
        "source": "osm"
      }
    },
    {
      "type": "Feature",
      "geometry": {
        "type": "Point",
        "coordinates": [
          113.576008,
          22.141688
        ]
      },
      "properties": {
        "osm_id": "way/606758380",
        "name": "澳門戶外表演區 Local de Espetáculos ao Ar Livre de Macau",
        "name_zh": "澳門戶外表演區",
        "name_en": "Macao Outdoor Performance Venue",
        "name_pt": "Local de Espetáculos ao Ar Livre de Macau",
        "category": "amenity",
        "category_value": "arts_centre",
        "category_label": "設施",
        "opening_hours": null,
        "cuisine": null,
        "wikidata": null,
        "website": "http://www.icm.gov.mo/outdoorvenue",
        "ele": null,
        "lat": 22.141688,
        "lng": 113.576008,
        "source": "osm"
      }
    },
    {
      "type": "Feature",
      "geometry": {
        "type": "Point",
        "coordinates": [
          113.556834,
          22.12755
        ]
      },
      "properties": {
        "osm_id": "way/608088617",
        "name": "棕櫚公園 Parque das Palmeiras",
        "name_zh": "棕櫚公園",
        "name_en": "Palmeiras Park",
        "name_pt": "Parque das Palmeiras",
        "category": "leisure",
        "category_value": "park",
        "category_label": "休閒",
        "opening_hours": "06:00-24:00",
        "cuisine": null,
        "wikidata": "Q124692056",
        "website": null,
        "ele": null,
        "lat": 22.12755,
        "lng": 113.556834,
        "source": "osm"
      }
    },
    {
      "type": "Feature",
      "geometry": {
        "type": "Point",
        "coordinates": [
          113.559524,
          22.154209
        ]
      },
      "properties": {
        "osm_id": "way/615634799",
        "name": "氹仔市政花園 Jardim Municipal da Taipa",
        "name_zh": "氹仔市政花園",
        "name_en": null,
        "name_pt": "Jardim Municipal da Taipa",
        "category": "leisure",
        "category_value": "park",
        "category_label": "休閒",
        "opening_hours": null,
        "cuisine": null,
        "wikidata": "Q11132887",
        "website": null,
        "ele": null,
        "lat": 22.154209,
        "lng": 113.559524,
        "source": "osm"
      }
    },
    {
      "type": "Feature",
      "geometry": {
        "type": "Point",
        "coordinates": [
          113.562333,
          22.158754
        ]
      },
      "properties": {
        "osm_id": "way/622713981",
        "name": "湖畔公園 Jardim do Lago",
        "name_zh": "湖畔公園",
        "name_en": null,
        "name_pt": "Jardim do Lago",
        "category": "leisure",
        "category_value": "park",
        "category_label": "休閒",
        "opening_hours": null,
        "cuisine": null,
        "wikidata": "Q16868485",
        "website": null,
        "ele": null,
        "lat": 22.158754,
        "lng": 113.562333,
        "source": "osm"
      }
    },
    {
      "type": "Feature",
      "geometry": {
        "type": "Point",
        "coordinates": [
          113.542505,
          22.161795
        ]
      },
      "properties": {
        "osm_id": "way/630864695",
        "name": "海濱公園 Parque de Oceâno",
        "name_zh": "海濱公園",
        "name_en": "Ocean Park",
        "name_pt": "Parque de Oceâno",
        "category": "leisure",
        "category_value": "park",
        "category_label": "休閒",
        "opening_hours": "24/7",
        "cuisine": null,
        "wikidata": null,
        "website": null,
        "ele": null,
        "lat": 22.161795,
        "lng": 113.542505,
        "source": "osm"
      }
    },
    {
      "type": "Feature",
      "geometry": {
        "type": "Point",
        "coordinates": [
          113.543159,
          22.20745
        ]
      },
      "properties": {
        "osm_id": "way/639869042",
        "name": "飛喇士街休憩二區 Zona de Lazer 2 da Rua do General Ivens Ferraz",
        "name_zh": "飛喇士街休憩二區",
        "name_en": "Leisure Area 2 in Rua do General Ivens Ferraz",
        "name_pt": "Zona de Lazer 2 da Rua do General Ivens Ferraz",
        "category": "leisure",
        "category_value": "park",
        "category_label": "休閒",
        "opening_hours": "24/7",
        "cuisine": null,
        "wikidata": null,
        "website": null,
        "ele": null,
        "lat": 22.20745,
        "lng": 113.543159,
        "source": "osm"
      }
    },
    {
      "type": "Feature",
      "geometry": {
        "type": "Point",
        "coordinates": [
          113.541322,
          22.207008
        ]
      },
      "properties": {
        "osm_id": "way/639869043",
        "name": "綠楊花園休憩區 Zona de Lazer do Edf. Lok Yeong Fa Yuen",
        "name_zh": "綠楊花園休憩區",
        "name_en": null,
        "name_pt": "Zona de Lazer do Edf. Lok Yeong Fa Yuen",
        "category": "leisure",
        "category_value": "park",
        "category_label": "休閒",
        "opening_hours": "24/7",
        "cuisine": null,
        "wikidata": null,
        "website": null,
        "ele": null,
        "lat": 22.207008,
        "lng": 113.541322,
        "source": "osm"
      }
    },
    {
      "type": "Feature",
      "geometry": {
        "type": "Point",
        "coordinates": [
          113.544603,
          22.206009
        ]
      },
      "properties": {
        "osm_id": "way/639880756",
        "name": "船廠街休憩區 Zona de Lazer da Rua dos Estaleiros",
        "name_zh": "船廠街休憩區",
        "name_en": null,
        "name_pt": "Zona de Lazer da Rua dos Estaleiros",
        "category": "leisure",
        "category_value": "park",
        "category_label": "休閒",
        "opening_hours": null,
        "cuisine": null,
        "wikidata": null,
        "website": null,
        "ele": null,
        "lat": 22.206009,
        "lng": 113.544603,
        "source": "osm"
      }
    },
    {
      "type": "Feature",
      "geometry": {
        "type": "Point",
        "coordinates": [
          113.558125,
          22.211772
        ]
      },
      "properties": {
        "osm_id": "way/639900475",
        "name": "東方明珠街休憩區 Zona de Lazer da Rua da Pérola Oriental",
        "name_zh": "東方明珠街休憩區",
        "name_en": null,
        "name_pt": "Zona de Lazer da Rua da Pérola Oriental",
        "category": "leisure",
        "category_value": "park",
        "category_label": "休閒",
        "opening_hours": null,
        "cuisine": null,
        "wikidata": null,
        "website": null,
        "ele": null,
        "lat": 22.211772,
        "lng": 113.558125,
        "source": "osm"
      }
    },
    {
      "type": "Feature",
      "geometry": {
        "type": "Point",
        "coordinates": [
          113.549815,
          22.210965
        ]
      },
      "properties": {
        "osm_id": "way/639900477",
        "name": "祐漢第四街休憩區 Zona de Lazer da Rua Quatro do Bairro Iao Hon",
        "name_zh": "祐漢第四街休憩區",
        "name_en": null,
        "name_pt": "Zona de Lazer da Rua Quatro do Bairro Iao Hon",
        "category": "leisure",
        "category_value": "park",
        "category_label": "休閒",
        "opening_hours": null,
        "cuisine": null,
        "wikidata": null,
        "website": null,
        "ele": null,
        "lat": 22.210965,
        "lng": 113.549815,
        "source": "osm"
      }
    },
    {
      "type": "Feature",
      "geometry": {
        "type": "Point",
        "coordinates": [
          113.541484,
          22.161649
        ]
      },
      "properties": {
        "osm_id": "way/640030873",
        "name": "海洋大馬路休憩區 Zona de Lazer da Avenida do Oceano",
        "name_zh": "海洋大馬路休憩區",
        "name_en": null,
        "name_pt": "Zona de Lazer da Avenida do Oceano",
        "category": "leisure",
        "category_value": "park",
        "category_label": "休閒",
        "opening_hours": null,
        "cuisine": null,
        "wikidata": null,
        "website": null,
        "ele": null,
        "lat": 22.161649,
        "lng": 113.541484,
        "source": "osm"
      }
    },
    {
      "type": "Feature",
      "geometry": {
        "type": "Point",
        "coordinates": [
          113.542145,
          22.156832
        ]
      },
      "properties": {
        "osm_id": "way/640030874",
        "name": "碼頭花園 Jardim do Cais",
        "name_zh": "碼頭花園",
        "name_en": null,
        "name_pt": "Jardim do Cais",
        "category": "leisure",
        "category_value": "park",
        "category_label": "休閒",
        "opening_hours": "24/7",
        "cuisine": null,
        "wikidata": "Q15937896",
        "website": null,
        "ele": null,
        "lat": 22.156832,
        "lng": 113.542145,
        "source": "osm"
      }
    },
    {
      "type": "Feature",
      "geometry": {
        "type": "Point",
        "coordinates": [
          113.555189,
          22.155058
        ]
      },
      "properties": {
        "osm_id": "way/640030875",
        "name": "奧林匹克大馬路休憩區 Zona de Lazer da Avenida Olímpica",
        "name_zh": "奧林匹克大馬路休憩區",
        "name_en": null,
        "name_pt": "Zona de Lazer da Avenida Olímpica",
        "category": "leisure",
        "category_value": "park",
        "category_label": "休閒",
        "opening_hours": null,
        "cuisine": null,
        "wikidata": null,
        "website": null,
        "ele": null,
        "lat": 22.155058,
        "lng": 113.555189,
        "source": "osm"
      }
    },
    {
      "type": "Feature",
      "geometry": {
        "type": "Point",
        "coordinates": [
          113.551487,
          22.152691
        ]
      },
      "properties": {
        "osm_id": "way/640030876",
        "name": "排角路休憩區 Zona de Lazer da Rua do Pai Kok",
        "name_zh": "排角路休憩區",
        "name_en": null,
        "name_pt": "Zona de Lazer da Rua do Pai Kok",
        "category": "leisure",
        "category_value": "park",
        "category_label": "休閒",
        "opening_hours": null,
        "cuisine": null,
        "wikidata": null,
        "website": null,
        "ele": null,
        "lat": 22.152691,
        "lng": 113.551487,
        "source": "osm"
      }
    },
    {
      "type": "Feature",
      "geometry": {
        "type": "Point",
        "coordinates": [
          113.529802,
          22.186376
        ]
      },
      "properties": {
        "osm_id": "way/640036846",
        "name": "媽閣休憩區 Zona de Lazer da Barra",
        "name_zh": "媽閣休憩區",
        "name_en": null,
        "name_pt": "Zona de Lazer da Barra",
        "category": "leisure",
        "category_value": "park",
        "category_label": "休閒",
        "opening_hours": null,
        "cuisine": null,
        "wikidata": null,
        "website": null,
        "ele": null,
        "lat": 22.186376,
        "lng": 113.529802,
        "source": "osm"
      }
    },
    {
      "type": "Feature",
      "geometry": {
        "type": "Point",
        "coordinates": [
          113.552293,
          22.192511
        ]
      },
      "properties": {
        "osm_id": "way/640169193",
        "name": "海景花園休憩區 Zona de Lazer da Praceta de Miramar",
        "name_zh": "海景花園休憩區",
        "name_en": null,
        "name_pt": "Zona de Lazer da Praceta de Miramar",
        "category": "leisure",
        "category_value": "park",
        "category_label": "休閒",
        "opening_hours": null,
        "cuisine": null,
        "wikidata": null,
        "website": null,
        "ele": null,
        "lat": 22.192511,
        "lng": 113.552293,
        "source": "osm"
      }
    },
    {
      "type": "Feature",
      "geometry": {
        "type": "Point",
        "coordinates": [
          113.549951,
          22.193235
        ]
      },
      "properties": {
        "osm_id": "way/640169194",
        "name": "昆明街休憩區 Zona de Lazer da Rua de Kunming",
        "name_zh": "昆明街休憩區",
        "name_en": null,
        "name_pt": "Zona de Lazer da Rua de Kunming",
        "category": "leisure",
        "category_value": "park",
        "category_label": "休閒",
        "opening_hours": null,
        "cuisine": null,
        "wikidata": null,
        "website": null,
        "ele": null,
        "lat": 22.193235,
        "lng": 113.549951,
        "source": "osm"
      }
    },
    {
      "type": "Feature",
      "geometry": {
        "type": "Point",
        "coordinates": [
          113.542492,
          22.157636
        ]
      },
      "properties": {
        "osm_id": "way/641072652",
        "name": "紀念碑花園 Jardim do Monumento",
        "name_zh": "紀念碑花園",
        "name_en": "Monument Garden",
        "name_pt": "Jardim do Monumento",
        "category": "leisure",
        "category_value": "park",
        "category_label": "休閒",
        "opening_hours": null,
        "cuisine": null,
        "wikidata": "Q15954961",
        "website": null,
        "ele": null,
        "lat": 22.157636,
        "lng": 113.542492,
        "source": "osm"
      }
    },
    {
      "type": "Feature",
      "geometry": {
        "type": "Point",
        "coordinates": [
          113.558974,
          22.153391
        ]
      },
      "properties": {
        "osm_id": "way/641079262",
        "name": "十字花園 Jardim da Dra. Laurinda Marques Esparteiro",
        "name_zh": "十字花園",
        "name_en": null,
        "name_pt": "Jardim da Dra. Laurinda Marques Esparteiro",
        "category": "leisure",
        "category_value": "park",
        "category_label": "休閒",
        "opening_hours": null,
        "cuisine": null,
        "wikidata": "Q10904587",
        "website": null,
        "ele": null,
        "lat": 22.153391,
        "lng": 113.558974,
        "source": "osm"
      }
    },
    {
      "type": "Feature",
      "geometry": {
        "type": "Point",
        "coordinates": [
          113.53334,
          22.184867
        ]
      },
      "properties": {
        "osm_id": "way/641246291",
        "name": "西望洋花園 Jardim da Penha",
        "name_zh": "西望洋花園",
        "name_en": "Penha Garden",
        "name_pt": "Jardim da Penha",
        "category": "leisure",
        "category_value": "park",
        "category_label": "休閒",
        "opening_hours": null,
        "cuisine": null,
        "wikidata": "Q124692041",
        "website": null,
        "ele": null,
        "lat": 22.184867,
        "lng": 113.53334,
        "source": "osm"
      }
    },
    {
      "type": "Feature",
      "geometry": {
        "type": "Point",
        "coordinates": [
          113.555594,
          22.204781
        ]
      },
      "properties": {
        "osm_id": "way/641454818",
        "name": "電廠巷休憩區 Zona de Lazer da Travessa da Central Térmica",
        "name_zh": "電廠巷休憩區",
        "name_en": null,
        "name_pt": "Zona de Lazer da Travessa da Central Térmica",
        "category": "leisure",
        "category_value": "park",
        "category_label": "休閒",
        "opening_hours": null,
        "cuisine": null,
        "wikidata": null,
        "website": null,
        "ele": null,
        "lat": 22.204781,
        "lng": 113.555594,
        "source": "osm"
      }
    },
    {
      "type": "Feature",
      "geometry": {
        "type": "Point",
        "coordinates": [
          113.559118,
          22.205401
        ]
      },
      "properties": {
        "osm_id": "way/641454820",
        "name": "勞動節巷休憩區 Zona de Lazer da Travessa de 1.º de Maio",
        "name_zh": "勞動節巷休憩區",
        "name_en": null,
        "name_pt": "Zona de Lazer da Travessa de 1.º de Maio",
        "category": "leisure",
        "category_value": "park",
        "category_label": "休閒",
        "opening_hours": null,
        "cuisine": null,
        "wikidata": null,
        "website": null,
        "ele": null,
        "lat": 22.205401,
        "lng": 113.559118,
        "source": "osm"
      }
    },
    {
      "type": "Feature",
      "geometry": {
        "type": "Point",
        "coordinates": [
          113.545492,
          22.213495
        ]
      },
      "properties": {
        "osm_id": "way/641455258",
        "name": "菜園涌邊街明愛側休憩區 Zona de Lazer da Rua Marginal do Canal das Hortas (ao lado das Cáritas)",
        "name_zh": "菜園涌邊街明愛側休憩區",
        "name_en": "Leisure Area at Rua Marginal do Canal das Hortas (next to Cáritas)",
        "name_pt": "Zona de Lazer da Rua Marginal do Canal das Hortas (ao lado das Cáritas)",
        "category": "leisure",
        "category_value": "park",
        "category_label": "休閒",
        "opening_hours": "24/7",
        "cuisine": null,
        "wikidata": null,
        "website": null,
        "ele": null,
        "lat": 22.213495,
        "lng": 113.545492,
        "source": "osm"
      }
    },
    {
      "type": "Feature",
      "geometry": {
        "type": "Point",
        "coordinates": [
          113.550407,
          22.214279
        ]
      },
      "properties": {
        "osm_id": "way/641455556",
        "name": "菜園路休憩區 Zona de Lazer da Rua dos Hortelãos",
        "name_zh": "菜園路休憩區",
        "name_en": null,
        "name_pt": "Zona de Lazer da Rua dos Hortelãos",
        "category": "leisure",
        "category_value": "park",
        "category_label": "休閒",
        "opening_hours": null,
        "cuisine": null,
        "wikidata": null,
        "website": null,
        "ele": null,
        "lat": 22.214279,
        "lng": 113.550407,
        "source": "osm"
      }
    },
    {
      "type": "Feature",
      "geometry": {
        "type": "Point",
        "coordinates": [
          113.549816,
          22.20891
        ]
      },
      "properties": {
        "osm_id": "way/641456076",
        "name": "黑沙環新巷休憩區 Zona de Lazer provisória da Travessa Nova da Areia Preta",
        "name_zh": "黑沙環新巷休憩區",
        "name_en": null,
        "name_pt": "Zona de Lazer provisória da Travessa Nova da Areia Preta",
        "category": "leisure",
        "category_value": "park",
        "category_label": "休閒",
        "opening_hours": null,
        "cuisine": null,
        "wikidata": null,
        "website": null,
        "ele": null,
        "lat": 22.20891,
        "lng": 113.549816,
        "source": "osm"
      }
    },
    {
      "type": "Feature",
      "geometry": {
        "type": "Point",
        "coordinates": [
          113.552673,
          22.208993
        ]
      },
      "properties": {
        "osm_id": "way/641556726",
        "name": "馬場海邊馬路休憩區 Zona de Lazer da Estrada Marginal do Hipódromo",
        "name_zh": "馬場海邊馬路休憩區",
        "name_en": "Leisure Area at Estrada Marginal do Hipódromo",
        "name_pt": "Zona de Lazer da Estrada Marginal do Hipódromo",
        "category": "leisure",
        "category_value": "park",
        "category_label": "休閒",
        "opening_hours": "24/7",
        "cuisine": null,
        "wikidata": null,
        "website": null,
        "ele": null,
        "lat": 22.208993,
        "lng": 113.552673,
        "source": "osm"
      }
    },
    {
      "type": "Feature",
      "geometry": {
        "type": "Point",
        "coordinates": [
          113.535018,
          22.1866
        ]
      },
      "properties": {
        "osm_id": "way/643633778",
        "name": "西望洋聖母眺望台 Miradouro de Nossa Senhora da Penha",
        "name_zh": "西望洋聖母眺望台",
        "name_en": null,
        "name_pt": "Miradouro de Nossa Senhora da Penha",
        "category": "leisure",
        "category_value": "park",
        "category_label": "休閒",
        "opening_hours": "24/7",
        "cuisine": null,
        "wikidata": null,
        "website": null,
        "ele": null,
        "lat": 22.1866,
        "lng": 113.535018,
        "source": "osm"
      }
    },
    {
      "type": "Feature",
      "geometry": {
        "type": "Point",
        "coordinates": [
          113.534578,
          22.187063
        ]
      },
      "properties": {
        "osm_id": "way/643633782",
        "name": "主教山眺望台 Miradouro da Penha",
        "name_zh": "主教山眺望台",
        "name_en": "Observatory of the Penha Hill",
        "name_pt": "Miradouro da Penha",
        "category": "leisure",
        "category_value": "park",
        "category_label": "休閒",
        "opening_hours": "24/7",
        "cuisine": null,
        "wikidata": null,
        "website": null,
        "ele": null,
        "lat": 22.187063,
        "lng": 113.534578,
        "source": "osm"
      }
    },
    {
      "type": "Feature",
      "geometry": {
        "type": "Point",
        "coordinates": [
          113.546148,
          22.207509
        ]
      },
      "properties": {
        "osm_id": "way/644421217",
        "name": "巿政狗房花園 Jardim do Canil Municipal",
        "name_zh": "巿政狗房花園",
        "name_en": "Municipal Kennel Garden",
        "name_pt": "Jardim do Canil Municipal",
        "category": "leisure",
        "category_value": "park",
        "category_label": "休閒",
        "opening_hours": "24/7",
        "cuisine": null,
        "wikidata": null,
        "website": null,
        "ele": null,
        "lat": 22.207509,
        "lng": 113.546148,
        "source": "osm"
      }
    },
    {
      "type": "Feature",
      "geometry": {
        "type": "Point",
        "coordinates": [
          113.547265,
          22.199127
        ]
      },
      "properties": {
        "osm_id": "way/644442867",
        "name": "澳門文學館 Casa da Literatura de Macau",
        "name_zh": "澳門文學館",
        "name_en": "The House of Macao Literature",
        "name_pt": "Casa da Literatura de Macau",
        "category": "amenity",
        "category_value": "arts_centre",
        "category_label": "設施",
        "opening_hours": null,
        "cuisine": null,
        "wikidata": "Q123582691",
        "website": "https://www.clm.gov.mo/",
        "ele": null,
        "lat": 22.199127,
        "lng": 113.547265,
        "source": "osm"
      }
    },
    {
      "type": "Feature",
      "geometry": {
        "type": "Point",
        "coordinates": [
          113.551928,
          22.199222
        ]
      },
      "properties": {
        "osm_id": "way/653296258",
        "name": "旅程 - 石刻壁畫 ''Viagem'' - Painel em Pedra Gravada",
        "name_zh": "旅程 - 石刻壁畫",
        "name_en": "''Journey'' - Stone Mural",
        "name_pt": "''Viagem'' - Painel em Pedra Gravada",
        "category": "tourism",
        "category_value": "artwork",
        "category_label": "觀光",
        "opening_hours": null,
        "cuisine": null,
        "wikidata": null,
        "website": null,
        "ele": null,
        "lat": 22.199222,
        "lng": 113.551928,
        "source": "osm"
      }
    },
    {
      "type": "Feature",
      "geometry": {
        "type": "Point",
        "coordinates": [
          113.540667,
          22.197709
        ]
      },
      "properties": {
        "osm_id": "way/655138584",
        "name": "大三巴哪吒廟 Templo de Na Tcha, junto às Ruínas de S. Paulo",
        "name_zh": "大三巴哪吒廟",
        "name_en": "Na Tcha Temple",
        "name_pt": "Templo de Na Tcha, junto às Ruínas de S. Paulo",
        "category": "amenity",
        "category_value": "place_of_worship",
        "category_label": "設施",
        "opening_hours": null,
        "cuisine": null,
        "wikidata": "Q709079",
        "website": null,
        "ele": null,
        "lat": 22.197709,
        "lng": 113.540667,
        "source": "osm"
      }
    },
    {
      "type": "Feature",
      "geometry": {
        "type": "Point",
        "coordinates": [
          113.535231,
          22.186833
        ]
      },
      "properties": {
        "osm_id": "way/655240802",
        "name": "主教山教堂 Ermida da Penha",
        "name_zh": "主教山教堂",
        "name_en": "Penha Church",
        "name_pt": "Ermida da Penha",
        "category": "amenity",
        "category_value": "place_of_worship",
        "category_label": "設施",
        "opening_hours": null,
        "cuisine": null,
        "wikidata": null,
        "website": null,
        "ele": null,
        "lat": 22.186833,
        "lng": 113.535231,
        "source": "osm"
      }
    },
    {
      "type": "Feature",
      "geometry": {
        "type": "Point",
        "coordinates": [
          113.538844,
          22.197131
        ]
      },
      "properties": {
        "osm_id": "way/658226444",
        "name": "爛鬼樓巷臨時休憩區",
        "name_zh": "爛鬼樓巷臨時休憩區",
        "name_en": null,
        "name_pt": null,
        "category": "leisure",
        "category_value": "park",
        "category_label": "休閒",
        "opening_hours": null,
        "cuisine": null,
        "wikidata": null,
        "website": null,
        "ele": null,
        "lat": 22.197131,
        "lng": 113.538844,
        "source": "osm"
      }
    },
    {
      "type": "Feature",
      "geometry": {
        "type": "Point",
        "coordinates": [
          113.538658,
          22.196856
        ]
      },
      "properties": {
        "osm_id": "way/658226448",
        "name": "玫瑰里臨時休憩區",
        "name_zh": "玫瑰里臨時休憩區",
        "name_en": null,
        "name_pt": null,
        "category": "leisure",
        "category_value": "park",
        "category_label": "休閒",
        "opening_hours": null,
        "cuisine": null,
        "wikidata": null,
        "website": null,
        "ele": null,
        "lat": 22.196856,
        "lng": 113.538658,
        "source": "osm"
      }
    },
    {
      "type": "Feature",
      "geometry": {
        "type": "Point",
        "coordinates": [
          113.540418,
          22.195431
        ]
      },
      "properties": {
        "osm_id": "way/659329439",
        "name": "悅城龍母 (女媧廟) Yui Seng Lonh Mou",
        "name_zh": "悅城龍母 (女媧廟)",
        "name_en": "Yui Seng Lonh Mou",
        "name_pt": null,
        "category": "amenity",
        "category_value": "place_of_worship",
        "category_label": "設施",
        "opening_hours": null,
        "cuisine": null,
        "wikidata": null,
        "website": null,
        "ele": null,
        "lat": 22.195431,
        "lng": 113.540418,
        "source": "osm"
      }
    },
    {
      "type": "Feature",
      "geometry": {
        "type": "Point",
        "coordinates": [
          113.551296,
          22.116166
        ]
      },
      "properties": {
        "osm_id": "way/659929154",
        "name": "觀音古廟 Templo Kun lam",
        "name_zh": "觀音古廟",
        "name_en": "Kun lam Temple",
        "name_pt": "Templo Kun lam",
        "category": "amenity",
        "category_value": "place_of_worship",
        "category_label": "設施",
        "opening_hours": null,
        "cuisine": null,
        "wikidata": null,
        "website": null,
        "ele": null,
        "lat": 22.116166,
        "lng": 113.551296,
        "source": "osm"
      }
    },
    {
      "type": "Feature",
      "geometry": {
        "type": "Point",
        "coordinates": [
          113.545989,
          22.206416
        ]
      },
      "properties": {
        "osm_id": "way/664699722",
        "name": "先鋒廟 Templo de Pioneiro",
        "name_zh": "先鋒廟",
        "name_en": "Pioneer Temple",
        "name_pt": "Pagode Sin Fong",
        "category": "amenity",
        "category_value": "place_of_worship",
        "category_label": "設施",
        "opening_hours": null,
        "cuisine": null,
        "wikidata": null,
        "website": null,
        "ele": null,
        "lat": 22.206416,
        "lng": 113.545989,
        "source": "osm"
      }
    },
    {
      "type": "Feature",
      "geometry": {
        "type": "Point",
        "coordinates": [
          113.570571,
          22.12131
        ]
      },
      "properties": {
        "osm_id": "way/665226934",
        "name": "黑沙海灘公園 Parque da Praia de Hác-Sá",
        "name_zh": "黑沙海灘公園",
        "name_en": "Hác-Sá Beach Park",
        "name_pt": "Parque da Praia de Hác-Sá",
        "category": "leisure",
        "category_value": "park",
        "category_label": "休閒",
        "opening_hours": null,
        "cuisine": null,
        "wikidata": null,
        "website": null,
        "ele": null,
        "lat": 22.12131,
        "lng": 113.570571,
        "source": "osm"
      }
    },
    {
      "type": "Feature",
      "geometry": {
        "type": "Point",
        "coordinates": [
          113.558969,
          22.113241
        ]
      },
      "properties": {
        "osm_id": "way/665229342",
        "name": "陸舟餐廳 Ristorante La Gondola",
        "name_zh": "陸舟餐廳",
        "name_en": null,
        "name_pt": null,
        "category": "food",
        "category_value": "restaurant",
        "category_label": "美食",
        "opening_hours": null,
        "cuisine": null,
        "wikidata": null,
        "website": null,
        "ele": null,
        "lat": 22.113241,
        "lng": 113.558969,
        "source": "osm"
      }
    },
    {
      "type": "Feature",
      "geometry": {
        "type": "Point",
        "coordinates": [
          113.531398,
          22.185165
        ]
      },
      "properties": {
        "osm_id": "way/667492614",
        "name": "澳門當代藝術中心．海事工房2號 Centro de Arte Contemporânea de Macau - Oficinas Navais N.º 2",
        "name_zh": "澳門當代藝術中心．海事工房2號",
        "name_en": "Macao Contemporary Art Center - Navy Yard No.2",
        "name_pt": "Centro de Arte Contemporânea de Macau - Oficinas Navais N.º 2",
        "category": "amenity",
        "category_value": "arts_centre",
        "category_label": "設施",
        "opening_hours": null,
        "cuisine": null,
        "wikidata": null,
        "website": null,
        "ele": null,
        "lat": 22.185165,
        "lng": 113.531398,
        "source": "osm"
      }
    },
    {
      "type": "Feature",
      "geometry": {
        "type": "Point",
        "coordinates": [
          113.552861,
          22.116972
        ]
      },
      "properties": {
        "osm_id": "way/673393030",
        "name": "澳門動物標本展示館 Pavilhão de Animais Embalsamados de Macau",
        "name_zh": "澳門動物標本展示館",
        "name_en": "Pavilion of Animal Specimens in Macao",
        "name_pt": "Pavilhão de Animais Embalsamados de Macau",
        "category": "tourism",
        "category_value": "museum",
        "category_label": "觀光",
        "opening_hours": null,
        "cuisine": null,
        "wikidata": null,
        "website": null,
        "ele": null,
        "lat": 22.116972,
        "lng": 113.552861,
        "source": "osm"
      }
    },
    {
      "type": "Feature",
      "geometry": {
        "type": "Point",
        "coordinates": [
          113.548228,
          22.205646
        ]
      },
      "properties": {
        "osm_id": "way/673644890",
        "name": "福和社",
        "name_zh": "福和社",
        "name_en": null,
        "name_pt": null,
        "category": "amenity",
        "category_value": "place_of_worship",
        "category_label": "設施",
        "opening_hours": null,
        "cuisine": null,
        "wikidata": null,
        "website": null,
        "ele": null,
        "lat": 22.205646,
        "lng": 113.548228,
        "source": "osm"
      }
    },
    {
      "type": "Feature",
      "geometry": {
        "type": "Point",
        "coordinates": [
          113.535833,
          22.187187
        ]
      },
      "properties": {
        "osm_id": "way/676844384",
        "name": "竹室正街休憩區 Zona de Lazer da Rua da Boa Vista",
        "name_zh": "竹室正街休憩區",
        "name_en": "Leisure Area in Rua da Boa Vista",
        "name_pt": "Zona de Lazer da Rua da Boa Vista",
        "category": "leisure",
        "category_value": "park",
        "category_label": "休閒",
        "opening_hours": null,
        "cuisine": null,
        "wikidata": null,
        "website": null,
        "ele": null,
        "lat": 22.187187,
        "lng": 113.535833,
        "source": "osm"
      }
    },
    {
      "type": "Feature",
      "geometry": {
        "type": "Point",
        "coordinates": [
          113.551684,
          22.1611
        ]
      },
      "properties": {
        "osm_id": "way/679973157",
        "name": "菩提園 Templo de Pou Tai Un",
        "name_zh": "菩提園",
        "name_en": null,
        "name_pt": "Templo de Pou Tai Un",
        "category": "amenity",
        "category_value": "place_of_worship",
        "category_label": "設施",
        "opening_hours": null,
        "cuisine": null,
        "wikidata": null,
        "website": null,
        "ele": null,
        "lat": 22.1611,
        "lng": 113.551684,
        "source": "osm"
      }
    },
    {
      "type": "Feature",
      "geometry": {
        "type": "Point",
        "coordinates": [
          113.550097,
          22.114183
        ]
      },
      "properties": {
        "osm_id": "way/680830775",
        "name": "譚僊聖廟 (譚公廟) Templo de Tam Kong",
        "name_zh": "譚僊聖廟 (譚公廟)",
        "name_en": "Tam Kong Tample",
        "name_pt": "Templo de Tam Kong",
        "category": "amenity",
        "category_value": "place_of_worship",
        "category_label": "設施",
        "opening_hours": null,
        "cuisine": null,
        "wikidata": null,
        "website": null,
        "ele": null,
        "lat": 22.114183,
        "lng": 113.550097,
        "source": "osm"
      }
    },
    {
      "type": "Feature",
      "geometry": {
        "type": "Point",
        "coordinates": [
          113.555997,
          22.164345
        ]
      },
      "properties": {
        "osm_id": "way/681663121",
        "name": "觀音岩 Pequeno Templo de Kun Iam",
        "name_zh": "觀音岩",
        "name_en": "Kun Iam Small Temple",
        "name_pt": "Pequeno Templo de Kun Iam",
        "category": "amenity",
        "category_value": "place_of_worship",
        "category_label": "設施",
        "opening_hours": null,
        "cuisine": null,
        "wikidata": null,
        "website": null,
        "ele": null,
        "lat": 22.164345,
        "lng": 113.555997,
        "source": "osm"
      }
    },
    {
      "type": "Feature",
      "geometry": {
        "type": "Point",
        "coordinates": [
          113.542355,
          22.195519
        ]
      },
      "properties": {
        "osm_id": "way/693561337",
        "name": "哪咤古廟",
        "name_zh": "哪咤古廟",
        "name_en": null,
        "name_pt": null,
        "category": "amenity",
        "category_value": "place_of_worship",
        "category_label": "設施",
        "opening_hours": null,
        "cuisine": null,
        "wikidata": null,
        "website": null,
        "ele": null,
        "lat": 22.195519,
        "lng": 113.542355,
        "source": "osm"
      }
    },
    {
      "type": "Feature",
      "geometry": {
        "type": "Point",
        "coordinates": [
          113.54114,
          22.202495
        ]
      },
      "properties": {
        "osm_id": "way/702056328",
        "name": "新橋宣道堂",
        "name_zh": "新橋宣道堂",
        "name_en": null,
        "name_pt": null,
        "category": "amenity",
        "category_value": "place_of_worship",
        "category_label": "設施",
        "opening_hours": null,
        "cuisine": null,
        "wikidata": null,
        "website": "https://macauccc.org",
        "ele": null,
        "lat": 22.202495,
        "lng": 113.54114,
        "source": "osm"
      }
    },
    {
      "type": "Feature",
      "geometry": {
        "type": "Point",
        "coordinates": [
          113.54186,
          22.198773
        ]
      },
      "properties": {
        "osm_id": "way/704605667",
        "name": "南山廟,包公廟,醫靈廟",
        "name_zh": "南山廟,包公廟,醫靈廟",
        "name_en": "Pao Kong Temple",
        "name_pt": null,
        "category": "amenity",
        "category_value": "place_of_worship",
        "category_label": "設施",
        "opening_hours": null,
        "cuisine": null,
        "wikidata": "Q123644483",
        "website": null,
        "ele": null,
        "lat": 22.198773,
        "lng": 113.54186,
        "source": "osm"
      }
    },
    {
      "type": "Feature",
      "geometry": {
        "type": "Point",
        "coordinates": [
          113.541689,
          22.198716
        ]
      },
      "properties": {
        "osm_id": "way/704605668",
        "name": "呂祖仙院 Templos de Loi Tsou",
        "name_zh": "呂祖仙院",
        "name_en": null,
        "name_pt": "Templos de Loi Tsou",
        "category": "amenity",
        "category_value": "place_of_worship",
        "category_label": "設施",
        "opening_hours": null,
        "cuisine": null,
        "wikidata": null,
        "website": null,
        "ele": null,
        "lat": 22.198716,
        "lng": 113.541689,
        "source": "osm"
      }
    },
    {
      "type": "Feature",
      "geometry": {
        "type": "Point",
        "coordinates": [
          113.540611,
          22.197766
        ]
      },
      "properties": {
        "osm_id": "way/712328298",
        "name": "大三巴哪咤展館 Sala de Exposição de Na Tcha",
        "name_zh": "大三巴哪咤展館",
        "name_en": "Na Tcha Exhibition Room",
        "name_pt": "Sala de Exposição de Na Tcha",
        "category": "tourism",
        "category_value": "museum",
        "category_label": "觀光",
        "opening_hours": null,
        "cuisine": null,
        "wikidata": null,
        "website": null,
        "ele": null,
        "lat": 22.197766,
        "lng": 113.540611,
        "source": "osm"
      }
    },
    {
      "type": "Feature",
      "geometry": {
        "type": "Point",
        "coordinates": [
          113.539624,
          22.204147
        ]
      },
      "properties": {
        "osm_id": "way/717601429",
        "name": "市政臨時休憩區 (林茂塘)  Zona de Lazer Municipal Temporária (Doca do Lam Mau)",
        "name_zh": "市政臨時休憩區 (林茂塘)",
        "name_en": "Temporary Municipal Leisure Area (Doca do Lam Mau)",
        "name_pt": "Zona de Lazer Municipal Temporária (Doca do Lam Mau)",
        "category": "leisure",
        "category_value": "park",
        "category_label": "休閒",
        "opening_hours": null,
        "cuisine": null,
        "wikidata": null,
        "website": null,
        "ele": null,
        "lat": 22.204147,
        "lng": 113.539624,
        "source": "osm"
      }
    },
    {
      "type": "Feature",
      "geometry": {
        "type": "Point",
        "coordinates": [
          113.541538,
          22.198842
        ]
      },
      "properties": {
        "osm_id": "way/718157866",
        "name": "黃曹二仙廟 Templo de Vong Chow Yi Sin",
        "name_zh": "黃曹二仙廟",
        "name_en": "Vong Chow Yi Sin Temple",
        "name_pt": "Templo de Vong Chow Yi Sin",
        "category": "amenity",
        "category_value": "place_of_worship",
        "category_label": "設施",
        "opening_hours": null,
        "cuisine": null,
        "wikidata": null,
        "website": null,
        "ele": null,
        "lat": 22.198842,
        "lng": 113.541538,
        "source": "osm"
      }
    },
    {
      "type": "Feature",
      "geometry": {
        "type": "Point",
        "coordinates": [
          113.544804,
          22.194785
        ]
      },
      "properties": {
        "osm_id": "way/740768095",
        "name": "雀仔園福德祠 Templo Foc Tac Chi do Bairro da Horta da Mitra",
        "name_zh": "雀仔園福德祠",
        "name_en": null,
        "name_pt": "Templo Foc Tac Chi do Bairro da Horta da Mitra",
        "category": "amenity",
        "category_value": "place_of_worship",
        "category_label": "設施",
        "opening_hours": null,
        "cuisine": null,
        "wikidata": "Q122509666",
        "website": null,
        "ele": null,
        "lat": 22.194785,
        "lng": 113.544804,
        "source": "osm"
      }
    },
    {
      "type": "Feature",
      "geometry": {
        "type": "Point",
        "coordinates": [
          113.568009,
          22.14588
        ]
      },
      "properties": {
        "osm_id": "way/747481242",
        "name": "美獅美高梅 MGM Cotai",
        "name_zh": "美獅美高梅",
        "name_en": "MGM Cotai",
        "name_pt": null,
        "category": "tourism",
        "category_value": "attraction",
        "category_label": "觀光",
        "opening_hours": "24/7",
        "cuisine": null,
        "wikidata": "Q19853330",
        "website": "https://www.mgm.mo/zh-hant/cotai",
        "ele": null,
        "lat": 22.14588,
        "lng": 113.568009,
        "source": "osm"
      }
    },
    {
      "type": "Feature",
      "geometry": {
        "type": "Point",
        "coordinates": [
          113.566413,
          22.149179
        ]
      },
      "properties": {
        "osm_id": "way/747494058",
        "name": "新濠天地 City of Dreams",
        "name_zh": "新濠天地",
        "name_en": "City of Dreams",
        "name_pt": "Cidade dos Sonhos",
        "category": "tourism",
        "category_value": "attraction",
        "category_label": "觀光",
        "opening_hours": "24/7",
        "cuisine": null,
        "wikidata": "Q5123666",
        "website": null,
        "ele": null,
        "lat": 22.149179,
        "lng": 113.566413,
        "source": "osm"
      }
    },
    {
      "type": "Feature",
      "geometry": {
        "type": "Point",
        "coordinates": [
          113.562662,
          22.123
        ]
      },
      "properties": {
        "osm_id": "way/778305617",
        "name": "天后宮 Palácio de Tin Hau",
        "name_zh": "天后宮",
        "name_en": "Tin Hau Temple",
        "name_pt": "Palácio de Tin Hau",
        "category": "amenity",
        "category_value": "place_of_worship",
        "category_label": "設施",
        "opening_hours": null,
        "cuisine": null,
        "wikidata": null,
        "website": null,
        "ele": null,
        "lat": 22.123,
        "lng": 113.562662,
        "source": "osm"
      }
    },
    {
      "type": "Feature",
      "geometry": {
        "type": "Point",
        "coordinates": [
          113.564181,
          22.122536
        ]
      },
      "properties": {
        "osm_id": "way/778305626",
        "name": "路環山頂公園 Parque de Merendas do Alto de Coloane",
        "name_zh": "路環山頂公園",
        "name_en": "Coloane Height Park",
        "name_pt": "Parque de Merendas do Alto de Coloane",
        "category": "leisure",
        "category_value": "park",
        "category_label": "休閒",
        "opening_hours": "24/7",
        "cuisine": null,
        "wikidata": "Q123261059",
        "website": null,
        "ele": null,
        "lat": 22.122536,
        "lng": 113.564181,
        "source": "osm"
      }
    },
    {
      "type": "Feature",
      "geometry": {
        "type": "Point",
        "coordinates": [
          113.571533,
          22.15867
        ]
      },
      "properties": {
        "osm_id": "way/783087990",
        "name": "大潭山郊野公園",
        "name_zh": "大潭山郊野公園",
        "name_en": null,
        "name_pt": "Parque Natural da Taipa Grande",
        "category": "leisure",
        "category_value": "park",
        "category_label": "休閒",
        "opening_hours": "24/7",
        "cuisine": null,
        "wikidata": null,
        "website": null,
        "ele": null,
        "lat": 22.15867,
        "lng": 113.571533,
        "source": "osm"
      }
    },
    {
      "type": "Feature",
      "geometry": {
        "type": "Point",
        "coordinates": [
          113.563041,
          22.123284
        ]
      },
      "properties": {
        "osm_id": "way/783094095",
        "name": "寶鼎廣場 Praça de Pou Teng",
        "name_zh": "寶鼎廣場",
        "name_en": "Pou Teng Square",
        "name_pt": "Praça de Pou Teng",
        "category": "leisure",
        "category_value": "park",
        "category_label": "休閒",
        "opening_hours": null,
        "cuisine": null,
        "wikidata": null,
        "website": null,
        "ele": null,
        "lat": 22.123284,
        "lng": 113.563041,
        "source": "osm"
      }
    },
    {
      "type": "Feature",
      "geometry": {
        "type": "Point",
        "coordinates": [
          113.561463,
          22.155527
        ]
      },
      "properties": {
        "osm_id": "way/783094097",
        "name": "大潭山觀景台 Miradouro da Taipa Grande",
        "name_zh": "大潭山觀景台",
        "name_en": "Taipa Grande Viewing Platform",
        "name_pt": "Miradouro da Taipa Grande",
        "category": "leisure",
        "category_value": "park",
        "category_label": "休閒",
        "opening_hours": "24/7",
        "cuisine": null,
        "wikidata": null,
        "website": null,
        "ele": null,
        "lat": 22.155527,
        "lng": 113.561463,
        "source": "osm"
      }
    },
    {
      "type": "Feature",
      "geometry": {
        "type": "Point",
        "coordinates": [
          113.545998,
          22.159448
        ]
      },
      "properties": {
        "osm_id": "way/783103738",
        "name": "小潭山2000環山徑兒童遊戲區 Trilho da Taipa Pequena 2000 Zona Recreativa Infantil",
        "name_zh": "小潭山2000環山徑兒童遊戲區",
        "name_en": null,
        "name_pt": "Trilho da Taipa Pequena 2000 Zona Recreativa Infantil",
        "category": "leisure",
        "category_value": "park",
        "category_label": "休閒",
        "opening_hours": "24/7",
        "cuisine": null,
        "wikidata": null,
        "website": null,
        "ele": null,
        "lat": 22.159448,
        "lng": 113.545998,
        "source": "osm"
      }
    },
    {
      "type": "Feature",
      "geometry": {
        "type": "Point",
        "coordinates": [
          113.539292,
          22.204196
        ]
      },
      "properties": {
        "osm_id": "way/796236003",
        "name": "市政臨時休憩區 (林茂塘) Zona de Lazer Municipal Temporária (Doca do Lam Mau)",
        "name_zh": "市政臨時休憩區 (林茂塘)",
        "name_en": "Temporary Municipal Leisure Area (Doca do Lam Mau)",
        "name_pt": "Zona de Lazer Municipal Temporária (Doca do Lam Mau)",
        "category": "leisure",
        "category_value": "park",
        "category_label": "休閒",
        "opening_hours": "24/7",
        "cuisine": null,
        "wikidata": null,
        "website": null,
        "ele": null,
        "lat": 22.204196,
        "lng": 113.539292,
        "source": "osm"
      }
    },
    {
      "type": "Feature",
      "geometry": {
        "type": "Point",
        "coordinates": [
          113.543608,
          22.194429
        ]
      },
      "properties": {
        "osm_id": "way/796519429",
        "name": "高可寧大宅 Mansão do Kou Ho Neng",
        "name_zh": "高可寧大宅",
        "name_en": null,
        "name_pt": "Mansão do Kou Ho Neng",
        "category": "historic",
        "category_value": "building",
        "category_label": "歷史",
        "opening_hours": null,
        "cuisine": null,
        "wikidata": "Q15895875",
        "website": null,
        "ele": null,
        "lat": 22.194429,
        "lng": 113.543608,
        "source": "osm"
      }
    },
    {
      "type": "Feature",
      "geometry": {
        "type": "Point",
        "coordinates": [
          113.558241,
          22.122593
        ]
      },
      "properties": {
        "osm_id": "way/799382584",
        "name": "路環樹木園 Arboreto de Coloane",
        "name_zh": "路環樹木園",
        "name_en": "Coloane Arboretum",
        "name_pt": "Arboreto de Coloane",
        "category": "leisure",
        "category_value": "garden",
        "category_label": "休閒",
        "opening_hours": null,
        "cuisine": null,
        "wikidata": null,
        "website": null,
        "ele": null,
        "lat": 22.122593,
        "lng": 113.558241,
        "source": "osm"
      }
    },
    {
      "type": "Feature",
      "geometry": {
        "type": "Point",
        "coordinates": [
          113.533941,
          22.184157
        ]
      },
      "properties": {
        "osm_id": "way/816926089",
        "name": "1826 Restaurante 澳門網球會1826餐廳",
        "name_zh": "澳門網球會1826餐廳",
        "name_en": null,
        "name_pt": "1826 Restaurante",
        "category": "food",
        "category_value": "restaurant",
        "category_label": "美食",
        "opening_hours": null,
        "cuisine": null,
        "wikidata": null,
        "website": null,
        "ele": null,
        "lat": 22.184157,
        "lng": 113.533941,
        "source": "osm"
      }
    },
    {
      "type": "Feature",
      "geometry": {
        "type": "Point",
        "coordinates": [
          113.5491,
          22.163488
        ]
      },
      "properties": {
        "osm_id": "way/818947757",
        "name": "氹仔眺望台 Miradouro da Taipa",
        "name_zh": "氹仔眺望台",
        "name_en": null,
        "name_pt": "Miradouro da Taipa",
        "category": "tourism",
        "category_value": "artwork",
        "category_label": "觀光",
        "opening_hours": null,
        "cuisine": null,
        "wikidata": null,
        "website": null,
        "ele": null,
        "lat": 22.163488,
        "lng": 113.5491,
        "source": "osm"
      }
    },
    {
      "type": "Feature",
      "geometry": {
        "type": "Point",
        "coordinates": [
          113.559702,
          22.206164
        ]
      },
      "properties": {
        "osm_id": "way/821540518",
        "name": "圓台仔 Obras dos Portos",
        "name_zh": "圓台仔",
        "name_en": null,
        "name_pt": "Obras dos Portos",
        "category": "historic",
        "category_value": "building",
        "category_label": "歷史",
        "opening_hours": null,
        "cuisine": null,
        "wikidata": null,
        "website": null,
        "ele": null,
        "lat": 22.206164,
        "lng": 113.559702,
        "source": "osm"
      }
    },
    {
      "type": "Feature",
      "geometry": {
        "type": "Point",
        "coordinates": [
          113.544287,
          22.215997
        ]
      },
      "properties": {
        "osm_id": "way/821555864",
        "name": "永遠的握手 Para Sempre Aperto do Mão",
        "name_zh": "永遠的握手",
        "name_en": "Forever Handshake",
        "name_pt": "Para Sempre Aperto do Mão",
        "category": "historic",
        "category_value": "monument",
        "category_label": "歷史",
        "opening_hours": null,
        "cuisine": null,
        "wikidata": "Q123689315",
        "website": null,
        "ele": null,
        "lat": 22.215997,
        "lng": 113.544287,
        "source": "osm"
      }
    },
    {
      "type": "Feature",
      "geometry": {
        "type": "Point",
        "coordinates": [
          113.549064,
          22.185731
        ]
      },
      "properties": {
        "osm_id": "way/823036882",
        "name": "美高梅金獅 Golden Lion of MGM",
        "name_zh": "美高梅金獅",
        "name_en": "Golden Lion of MGM",
        "name_pt": null,
        "category": "tourism",
        "category_value": "artwork",
        "category_label": "觀光",
        "opening_hours": null,
        "cuisine": null,
        "wikidata": null,
        "website": null,
        "ele": null,
        "lat": 22.185731,
        "lng": 113.549064,
        "source": "osm"
      }
    },
    {
      "type": "Feature",
      "geometry": {
        "type": "Point",
        "coordinates": [
          113.538161,
          22.192274
        ]
      },
      "properties": {
        "osm_id": "way/823303474",
        "name": "崗頂前地 Largo de Santo Agostinho",
        "name_zh": "崗頂前地",
        "name_en": null,
        "name_pt": "Largo de Santo Agostinho",
        "category": "leisure",
        "category_value": "park",
        "category_label": "休閒",
        "opening_hours": null,
        "cuisine": null,
        "wikidata": "Q6811395",
        "website": null,
        "ele": null,
        "lat": 22.192274,
        "lng": 113.538161,
        "source": "osm"
      }
    },
    {
      "type": "Feature",
      "geometry": {
        "type": "Point",
        "coordinates": [
          113.539786,
          22.201891
        ]
      },
      "properties": {
        "osm_id": "way/823695024",
        "name": "沙梨頭土地廟 Templo de Tou Tei",
        "name_zh": "沙梨頭土地廟",
        "name_en": "Tou Tei Temple",
        "name_pt": "Templo de Tou Tei",
        "category": "amenity",
        "category_value": "place_of_worship",
        "category_label": "設施",
        "opening_hours": null,
        "cuisine": null,
        "wikidata": "Q24834773",
        "website": null,
        "ele": null,
        "lat": 22.201891,
        "lng": 113.539786,
        "source": "osm"
      }
    },
    {
      "type": "Feature",
      "geometry": {
        "type": "Point",
        "coordinates": [
          113.547719,
          22.209874
        ]
      },
      "properties": {
        "osm_id": "way/824733411",
        "name": "蓮峰廟 Templo Lin Fung",
        "name_zh": "蓮峰廟",
        "name_en": null,
        "name_pt": "Templo Lin Fung",
        "category": "amenity",
        "category_value": "place_of_worship",
        "category_label": "設施",
        "opening_hours": null,
        "cuisine": null,
        "wikidata": "Q4433202",
        "website": null,
        "ele": null,
        "lat": 22.209874,
        "lng": 113.547719,
        "source": "osm"
      }
    },
    {
      "type": "Feature",
      "geometry": {
        "type": "Point",
        "coordinates": [
          113.542122,
          22.154673
        ]
      },
      "properties": {
        "osm_id": "way/825680074",
        "name": "十字門水道紅樹林濕地 Zona Úmida de Mangue do Canal de Shizimen",
        "name_zh": "十字門水道紅樹林濕地",
        "name_en": "Shizimen Channel Mangrove Wetland",
        "name_pt": "Zona Húmida de Mangue do Canal de Shizimen",
        "category": "leisure",
        "category_value": "nature_reserve",
        "category_label": "休閒",
        "opening_hours": null,
        "cuisine": null,
        "wikidata": null,
        "website": null,
        "ele": null,
        "lat": 22.154673,
        "lng": 113.542122,
        "source": "osm"
      }
    },
    {
      "type": "Feature",
      "geometry": {
        "type": "Point",
        "coordinates": [
          113.53427,
          22.188443
        ]
      },
      "properties": {
        "osm_id": "way/848078997",
        "name": "鄭家大屋",
        "name_zh": "鄭家大屋",
        "name_en": null,
        "name_pt": null,
        "category": "historic",
        "category_value": "building",
        "category_label": "歷史",
        "opening_hours": null,
        "cuisine": null,
        "wikidata": null,
        "website": null,
        "ele": null,
        "lat": 22.188443,
        "lng": 113.53427,
        "source": "osm"
      }
    },
    {
      "type": "Feature",
      "geometry": {
        "type": "Point",
        "coordinates": [
          113.531072,
          22.185835
        ]
      },
      "properties": {
        "osm_id": "way/874134684",
        "name": "大鐵棚食堂 Barra Kitchen",
        "name_zh": "大鐵棚食堂",
        "name_en": "Barra Kitchen",
        "name_pt": null,
        "category": "food",
        "category_value": "food_court",
        "category_label": "美食",
        "opening_hours": null,
        "cuisine": null,
        "wikidata": null,
        "website": null,
        "ele": null,
        "lat": 22.185835,
        "lng": 113.531072,
        "source": "osm"
      }
    },
    {
      "type": "Feature",
      "geometry": {
        "type": "Point",
        "coordinates": [
          113.538801,
          22.195761
        ]
      },
      "properties": {
        "osm_id": "way/887921720",
        "name": "文記咖啡",
        "name_zh": "文記咖啡",
        "name_en": null,
        "name_pt": null,
        "category": "food",
        "category_value": "restaurant",
        "category_label": "美食",
        "opening_hours": "Mo-Su 08:00-18:00",
        "cuisine": null,
        "wikidata": null,
        "website": null,
        "ele": null,
        "lat": 22.195761,
        "lng": 113.538801,
        "source": "osm"
      }
    },
    {
      "type": "Feature",
      "geometry": {
        "type": "Point",
        "coordinates": [
          113.560841,
          22.193312
        ]
      },
      "properties": {
        "osm_id": "way/909473128",
        "name": "外港 Porto Exterior",
        "name_zh": "外港",
        "name_en": "Outer Harbour",
        "name_pt": "Porto Exterior",
        "category": "natural",
        "category_value": "bay",
        "category_label": "自然",
        "opening_hours": null,
        "cuisine": null,
        "wikidata": null,
        "website": null,
        "ele": null,
        "lat": 22.193312,
        "lng": 113.560841,
        "source": "osm"
      }
    },
    {
      "type": "Feature",
      "geometry": {
        "type": "Point",
        "coordinates": [
          113.560359,
          22.111803
        ]
      },
      "properties": {
        "osm_id": "way/931896645",
        "name": "竹灣 Baía de Cheoc Van",
        "name_zh": "竹灣",
        "name_en": "Cheoc Van Bay",
        "name_pt": "Baía de Cheoc Van",
        "category": "natural",
        "category_value": "bay",
        "category_label": "自然",
        "opening_hours": null,
        "cuisine": null,
        "wikidata": null,
        "website": null,
        "ele": null,
        "lat": 22.111803,
        "lng": 113.560359,
        "source": "osm"
      }
    },
    {
      "type": "Feature",
      "geometry": {
        "type": "Point",
        "coordinates": [
          113.56583,
          22.132892
        ]
      },
      "properties": {
        "osm_id": "way/932922830",
        "name": "石排灣市區公園 Parque Urbano Seac Pai Van",
        "name_zh": "石排灣市區公園",
        "name_en": "Seac Pai Van Urban Park",
        "name_pt": "Parque Urbano Seac Pai Van",
        "category": "leisure",
        "category_value": "park",
        "category_label": "休閒",
        "opening_hours": "24/7",
        "cuisine": null,
        "wikidata": "Q130223070",
        "website": null,
        "ele": null,
        "lat": 22.132892,
        "lng": 113.56583,
        "source": "osm"
      }
    },
    {
      "type": "Feature",
      "geometry": {
        "type": "Point",
        "coordinates": [
          113.57424,
          22.120404
        ]
      },
      "properties": {
        "osm_id": "way/933405087",
        "name": "黑沙 Baía de Hác Sá",
        "name_zh": "黑沙",
        "name_en": null,
        "name_pt": "Baía de Hác Sá",
        "category": "natural",
        "category_value": "bay",
        "category_label": "自然",
        "opening_hours": null,
        "cuisine": null,
        "wikidata": null,
        "website": null,
        "ele": null,
        "lat": 22.120404,
        "lng": 113.57424,
        "source": "osm"
      }
    },
    {
      "type": "Feature",
      "geometry": {
        "type": "Point",
        "coordinates": [
          113.548049,
          22.185799
        ]
      },
      "properties": {
        "osm_id": "way/936391111",
        "name": "澳門美高梅 MGM Macau",
        "name_zh": "澳門美高梅",
        "name_en": "MGM Macau",
        "name_pt": "MGM Macau",
        "category": "tourism",
        "category_value": "attraction",
        "category_label": "觀光",
        "opening_hours": "24/7",
        "cuisine": null,
        "wikidata": "Q995564",
        "website": null,
        "ele": null,
        "lat": 22.185799,
        "lng": 113.548049,
        "source": "osm"
      }
    },
    {
      "type": "Feature",
      "geometry": {
        "type": "Point",
        "coordinates": [
          113.555621,
          22.203396
        ]
      },
      "properties": {
        "osm_id": "way/936393649",
        "name": "馬交石炮台 Fortaleza de D. Maria II",
        "name_zh": "馬交石炮台",
        "name_en": null,
        "name_pt": "Fortaleza de D. Maria II",
        "category": "historic",
        "category_value": "fort",
        "category_label": "歷史",
        "opening_hours": null,
        "cuisine": null,
        "wikidata": "Q16926933",
        "website": null,
        "ele": null,
        "lat": 22.203396,
        "lng": 113.555621,
        "source": "osm"
      }
    },
    {
      "type": "Feature",
      "geometry": {
        "type": "Point",
        "coordinates": [
          113.542814,
          22.1992
        ]
      },
      "properties": {
        "osm_id": "way/957613714",
        "name": "鏡湖歷史紀念館 Residência Memorial do Hospital Kiang Wu",
        "name_zh": "鏡湖歷史紀念館",
        "name_en": "Historical Memorial House of Kiang Wu Hospital",
        "name_pt": "Residência Memorial do Hospital Kiang Wu",
        "category": "tourism",
        "category_value": "museum",
        "category_label": "觀光",
        "opening_hours": null,
        "cuisine": null,
        "wikidata": null,
        "website": null,
        "ele": null,
        "lat": 22.1992,
        "lng": 113.542814,
        "source": "osm"
      }
    },
    {
      "type": "Feature",
      "geometry": {
        "type": "Point",
        "coordinates": [
          113.560166,
          22.146716
        ]
      },
      "properties": {
        "osm_id": "way/971051236",
        "name": "澳門威尼斯人 The Venetian Macau",
        "name_zh": "澳門威尼斯人",
        "name_en": "The Venetian Macao",
        "name_pt": "The Venetian Macau",
        "category": "tourism",
        "category_value": "attraction",
        "category_label": "觀光",
        "opening_hours": "24/7",
        "cuisine": null,
        "wikidata": null,
        "website": "https://hk.venetianmacao.com/",
        "ele": null,
        "lat": 22.146716,
        "lng": 113.560166,
        "source": "osm"
      }
    },
    {
      "type": "Feature",
      "geometry": {
        "type": "Point",
        "coordinates": [
          113.562276,
          22.145558
        ]
      },
      "properties": {
        "osm_id": "way/972163830",
        "name": "澳門百利宮 The Plaza Macao",
        "name_zh": "澳門百利宮",
        "name_en": "The Plaza Macao",
        "name_pt": "The Plaza Macau",
        "category": "tourism",
        "category_value": "attraction",
        "category_label": "觀光",
        "opening_hours": "24/7",
        "cuisine": null,
        "wikidata": "Q15900376",
        "website": null,
        "ele": null,
        "lat": 22.145558,
        "lng": 113.562276,
        "source": "osm"
      }
    },
    {
      "type": "Feature",
      "geometry": {
        "type": "Point",
        "coordinates": [
          113.534757,
          22.184745
        ]
      },
      "properties": {
        "osm_id": "way/993558774",
        "name": "澳門陸軍俱樂部網球會 Cluba Militar de Macau Campos de Tenis",
        "name_zh": "澳門陸軍俱樂部網球會 Cluba Militar de Macau Campos de Tenis",
        "name_en": null,
        "name_pt": null,
        "category": "food",
        "category_value": "restaurant",
        "category_label": "美食",
        "opening_hours": null,
        "cuisine": null,
        "wikidata": null,
        "website": null,
        "ele": null,
        "lat": 22.184745,
        "lng": 113.534757,
        "source": "osm"
      }
    },
    {
      "type": "Feature",
      "geometry": {
        "type": "Point",
        "coordinates": [
          113.541481,
          22.197896
        ]
      },
      "properties": {
        "osm_id": "way/1001793444",
        "name": "高園街大坑遺跡保護展示區 Área de Conservação e Exposição dos Vestígios Arqueológicos do Fosso na Rua de D. Belchior Carneiro",
        "name_zh": "高園街大坑遺跡保護展示區",
        "name_en": "Preservation and Display Area of the Archaeological Remains of the Pit on Rua de D. Belchior Carneiro",
        "name_pt": "Área de Conservação e Exposição dos Vestígios Arqueológicos do Fosso na Rua de D. Belchior Carneiro",
        "category": "historic",
        "category_value": "archaeological_site",
        "category_label": "歷史",
        "opening_hours": null,
        "cuisine": null,
        "wikidata": null,
        "website": null,
        "ele": null,
        "lat": 22.197896,
        "lng": 113.541481,
        "source": "osm"
      }
    },
    {
      "type": "Feature",
      "geometry": {
        "type": "Point",
        "coordinates": [
          113.540851,
          22.197671
        ]
      },
      "properties": {
        "osm_id": "way/1001795463",
        "name": "聖保祿學院天主之母教堂遺址 Ruínas do Colégio de S. Paul",
        "name_zh": "聖保祿學院天主之母教堂遺址",
        "name_en": "Ruins of St. Paul's College",
        "name_pt": "Ruínas do Colégio de S. Paul",
        "category": "historic",
        "category_value": "ruins",
        "category_label": "歷史",
        "opening_hours": null,
        "cuisine": null,
        "wikidata": null,
        "website": null,
        "ele": null,
        "lat": 22.197671,
        "lng": 113.540851,
        "source": "osm"
      }
    },
    {
      "type": "Feature",
      "geometry": {
        "type": "Point",
        "coordinates": [
          113.548935,
          22.205383
        ]
      },
      "properties": {
        "osm_id": "way/1001797692",
        "name": "冼星海紀念館 Museu Memorial de Xian Xinghai",
        "name_zh": "冼星海紀念館",
        "name_en": "Xian Xinghai Memorial Museum",
        "name_pt": "Museu Memorial de Xian Xinghai",
        "category": "tourism",
        "category_value": "museum",
        "category_label": "觀光",
        "opening_hours": null,
        "cuisine": null,
        "wikidata": null,
        "website": null,
        "ele": null,
        "lat": 22.205383,
        "lng": 113.548935,
        "source": "osm"
      }
    },
    {
      "type": "Feature",
      "geometry": {
        "type": "Point",
        "coordinates": [
          113.55885,
          22.154381
        ]
      },
      "properties": {
        "osm_id": "way/1026921095",
        "name": "施督憲正街休憩區 Zona de Lazer da Rua Direita Carlos Eugénio",
        "name_zh": "施督憲正街休憩區",
        "name_en": "Leisure Area in Rua Direita Carlos Eugénio",
        "name_pt": "Zona de Lazer da Rua Direita Carlos Eugénio",
        "category": "leisure",
        "category_value": "park",
        "category_label": "休閒",
        "opening_hours": "24/7",
        "cuisine": null,
        "wikidata": null,
        "website": null,
        "ele": null,
        "lat": 22.154381,
        "lng": 113.55885,
        "source": "osm"
      }
    },
    {
      "type": "Feature",
      "geometry": {
        "type": "Point",
        "coordinates": [
          113.561941,
          22.126629
        ]
      },
      "properties": {
        "osm_id": "way/1026932277",
        "name": "石排灣濕地 Terras húmidas de Seac Pai Van",
        "name_zh": "石排灣濕地",
        "name_en": "Wetland in Seac Pai Van",
        "name_pt": "Terras húmidas de Seac Pai Van",
        "category": "leisure",
        "category_value": "park",
        "category_label": "休閒",
        "opening_hours": null,
        "cuisine": null,
        "wikidata": null,
        "website": null,
        "ele": null,
        "lat": 22.126629,
        "lng": 113.561941,
        "source": "osm"
      }
    },
    {
      "type": "Feature",
      "geometry": {
        "type": "Point",
        "coordinates": [
          113.553185,
          22.120721
        ]
      },
      "properties": {
        "osm_id": "way/1041010655",
        "name": "荔枝碗休憩區 Zona de Lazer de Lai Chi Vun",
        "name_zh": "荔枝碗休憩區",
        "name_en": "Leisure Area in Lai Chi Vun",
        "name_pt": "Zona de Lazer de Lai Chi Vun",
        "category": "leisure",
        "category_value": "park",
        "category_label": "休閒",
        "opening_hours": "24/7",
        "cuisine": null,
        "wikidata": null,
        "website": null,
        "ele": null,
        "lat": 22.120721,
        "lng": 113.553185,
        "source": "osm"
      }
    },
    {
      "type": "Feature",
      "geometry": {
        "type": "Point",
        "coordinates": [
          113.572808,
          22.142087
        ]
      },
      "properties": {
        "osm_id": "way/1046445861",
        "name": "皇宮海鮮舫",
        "name_zh": "皇宮海鮮舫",
        "name_en": null,
        "name_pt": null,
        "category": "food",
        "category_value": "restaurant",
        "category_label": "美食",
        "opening_hours": null,
        "cuisine": "chinese;hotpot",
        "wikidata": null,
        "website": null,
        "ele": null,
        "lat": 22.142087,
        "lng": 113.572808,
        "source": "osm"
      }
    },
    {
      "type": "Feature",
      "geometry": {
        "type": "Point",
        "coordinates": [
          113.542686,
          22.20214
        ]
      },
      "properties": {
        "osm_id": "way/1049510358",
        "name": "新橋花園 Jardim de San Kio",
        "name_zh": "新橋花園",
        "name_en": "San Kio Garden",
        "name_pt": "Jardim de San Kio",
        "category": "leisure",
        "category_value": "park",
        "category_label": "休閒",
        "opening_hours": null,
        "cuisine": null,
        "wikidata": null,
        "website": null,
        "ele": null,
        "lat": 22.20214,
        "lng": 113.542686,
        "source": "osm"
      }
    },
    {
      "type": "Feature",
      "geometry": {
        "type": "Point",
        "coordinates": [
          113.539397,
          22.193187
        ]
      },
      "properties": {
        "osm_id": "way/1116724138",
        "name": "市政署大樓內庭花園 Átrio do Edifício do Instituto para os Assuntos Municipais",
        "name_zh": "市政署大樓內庭花園",
        "name_en": "Courtyard Garden of IAM Building",
        "name_pt": "Átrio do Edifício do Instituto para os Assuntos Municipais",
        "category": "leisure",
        "category_value": "park",
        "category_label": "休閒",
        "opening_hours": null,
        "cuisine": null,
        "wikidata": null,
        "website": null,
        "ele": null,
        "lat": 22.193187,
        "lng": 113.539397,
        "source": "osm"
      }
    },
    {
      "type": "Feature",
      "geometry": {
        "type": "Point",
        "coordinates": [
          113.564368,
          22.147258
        ]
      },
      "properties": {
        "osm_id": "way/1199335490",
        "name": "Big Ben",
        "name_zh": "Big Ben",
        "name_en": null,
        "name_pt": null,
        "category": "man_made",
        "category_value": "tower",
        "category_label": "地標",
        "opening_hours": null,
        "cuisine": null,
        "wikidata": null,
        "website": null,
        "ele": null,
        "lat": 22.147258,
        "lng": 113.564368,
        "source": "osm"
      }
    },
    {
      "type": "Feature",
      "geometry": {
        "type": "Point",
        "coordinates": [
          113.558544,
          22.127057
        ]
      },
      "properties": {
        "osm_id": "way/1213753848",
        "name": "藥用植物園 Jardim de Plantas Medicinais",
        "name_zh": "藥用植物園",
        "name_en": "Garden of Medicinal Plants",
        "name_pt": "Jardim de Plantas Medicinais",
        "category": "leisure",
        "category_value": "garden",
        "category_label": "休閒",
        "opening_hours": null,
        "cuisine": null,
        "wikidata": null,
        "website": null,
        "ele": null,
        "lat": 22.127057,
        "lng": 113.558544,
        "source": "osm"
      }
    },
    {
      "type": "Feature",
      "geometry": {
        "type": "Point",
        "coordinates": [
          113.558864,
          22.12699
        ]
      },
      "properties": {
        "osm_id": "way/1213753849",
        "name": "趣異植物園 Jardim de Plantas Exóticas",
        "name_zh": "趣異植物園",
        "name_en": "Garden of Exotic Plants",
        "name_pt": "Jardim de Plantas Exóticas",
        "category": "leisure",
        "category_value": "garden",
        "category_label": "休閒",
        "opening_hours": null,
        "cuisine": null,
        "wikidata": null,
        "website": null,
        "ele": null,
        "lat": 22.12699,
        "lng": 113.558864,
        "source": "osm"
      }
    },
    {
      "type": "Feature",
      "geometry": {
        "type": "Point",
        "coordinates": [
          113.546605,
          22.188109
        ]
      },
      "properties": {
        "osm_id": "way/1215820171",
        "name": "永利澳門 Wynn Macau",
        "name_zh": "永利澳門",
        "name_en": "Wynn Macau",
        "name_pt": "Wynn Macau",
        "category": "tourism",
        "category_value": "attraction",
        "category_label": "觀光",
        "opening_hours": "24/7",
        "cuisine": null,
        "wikidata": null,
        "website": null,
        "ele": null,
        "lat": 22.188109,
        "lng": 113.546605,
        "source": "osm"
      }
    },
    {
      "type": "Feature",
      "geometry": {
        "type": "Point",
        "coordinates": [
          113.549564,
          22.198024
        ]
      },
      "properties": {
        "osm_id": "way/1234891053",
        "name": "聖母岩",
        "name_zh": "聖母岩",
        "name_en": null,
        "name_pt": null,
        "category": "leisure",
        "category_value": "garden",
        "category_label": "休閒",
        "opening_hours": null,
        "cuisine": null,
        "wikidata": null,
        "website": null,
        "ele": null,
        "lat": 22.198024,
        "lng": 113.549564,
        "source": "osm"
      }
    },
    {
      "type": "Feature",
      "geometry": {
        "type": "Point",
        "coordinates": [
          113.541214,
          22.191268
        ]
      },
      "properties": {
        "osm_id": "way/1236003447",
        "name": "Taste 13 Food Court",
        "name_zh": "Taste 13 Food Court",
        "name_en": "Taste 13 Food Court",
        "name_pt": null,
        "category": "food",
        "category_value": "food_court",
        "category_label": "美食",
        "opening_hours": null,
        "cuisine": null,
        "wikidata": null,
        "website": null,
        "ele": null,
        "lat": 22.191268,
        "lng": 113.541214,
        "source": "osm"
      }
    },
    {
      "type": "Feature",
      "geometry": {
        "type": "Point",
        "coordinates": [
          113.578182,
          22.129859
        ]
      },
      "properties": {
        "osm_id": "way/1245582992",
        "name": "球場小食亭",
        "name_zh": "球場小食亭",
        "name_en": "Kiosk A",
        "name_pt": null,
        "category": "food",
        "category_value": "fast_food",
        "category_label": "美食",
        "opening_hours": null,
        "cuisine": null,
        "wikidata": null,
        "website": null,
        "ele": null,
        "lat": 22.129859,
        "lng": 113.578182,
        "source": "osm"
      }
    },
    {
      "type": "Feature",
      "geometry": {
        "type": "Point",
        "coordinates": [
          113.581662,
          22.134858
        ]
      },
      "properties": {
        "osm_id": "way/1288411741",
        "name": "三聖廟 Templo de Sam Seng",
        "name_zh": "三聖廟",
        "name_en": null,
        "name_pt": "Templo de Sam Seng",
        "category": "amenity",
        "category_value": "place_of_worship",
        "category_label": "設施",
        "opening_hours": null,
        "cuisine": null,
        "wikidata": null,
        "website": null,
        "ele": null,
        "lat": 22.134858,
        "lng": 113.581662,
        "source": "osm"
      }
    },
    {
      "type": "Feature",
      "geometry": {
        "type": "Point",
        "coordinates": [
          113.567561,
          22.119833
        ]
      },
      "properties": {
        "osm_id": "way/1288411745",
        "name": "大王廟 Templo de Tai Wong",
        "name_zh": "大王廟",
        "name_en": "Tai Wong Temple",
        "name_pt": "Templo de Tai Wong",
        "category": "amenity",
        "category_value": "place_of_worship",
        "category_label": "設施",
        "opening_hours": null,
        "cuisine": null,
        "wikidata": null,
        "website": null,
        "ele": null,
        "lat": 22.119833,
        "lng": 113.567561,
        "source": "osm"
      }
    },
    {
      "type": "Feature",
      "geometry": {
        "type": "Point",
        "coordinates": [
          113.543326,
          22.190773
        ]
      },
      "properties": {
        "osm_id": "way/1312359505",
        "name": "新葡京 Grand Lisboa",
        "name_zh": "新葡京",
        "name_en": "Grand Lisboa",
        "name_pt": null,
        "category": "tourism",
        "category_value": "attraction",
        "category_label": "觀光",
        "opening_hours": null,
        "cuisine": null,
        "wikidata": null,
        "website": null,
        "ele": null,
        "lat": 22.190773,
        "lng": 113.543326,
        "source": "osm"
      }
    },
    {
      "type": "Feature",
      "geometry": {
        "type": "Point",
        "coordinates": [
          113.544454,
          22.189793
        ]
      },
      "properties": {
        "osm_id": "way/1313391925",
        "name": "葡京酒店 Hotel Lisboa",
        "name_zh": "葡京酒店",
        "name_en": "Hotel Lisboa",
        "name_pt": "Hotel Lisboa",
        "category": "tourism",
        "category_value": "attraction",
        "category_label": "觀光",
        "opening_hours": null,
        "cuisine": null,
        "wikidata": null,
        "website": null,
        "ele": null,
        "lat": 22.189793,
        "lng": 113.544454,
        "source": "osm"
      }
    },
    {
      "type": "Feature",
      "geometry": {
        "type": "Point",
        "coordinates": [
          113.531325,
          22.184737
        ]
      },
      "properties": {
        "osm_id": "way/1314090077",
        "name": "媽閣塘片區 Barra District",
        "name_zh": "媽閣塘片區",
        "name_en": "Barra District",
        "name_pt": "Zona da Barra no entorno da Doca D. Carlos",
        "category": "amenity",
        "category_value": "arts_centre",
        "category_label": "設施",
        "opening_hours": null,
        "cuisine": null,
        "wikidata": null,
        "website": null,
        "ele": null,
        "lat": 22.184737,
        "lng": 113.531325,
        "source": "osm"
      }
    },
    {
      "type": "Feature",
      "geometry": {
        "type": "Point",
        "coordinates": [
          113.547902,
          22.19658
        ]
      },
      "properties": {
        "osm_id": "way/1315454427",
        "name": "澳門紐曼樞機藝文館 Centro de Cultura e Artes Performativas Cardeal Newman de Macau",
        "name_zh": "澳門紐曼樞機藝文館",
        "name_en": "Cardinal Newman Centre for Culture and Arts Performance of Macau",
        "name_pt": "Centro de Cultura e Artes Performativas Cardeal Newman de Macau",
        "category": "amenity",
        "category_value": "arts_centre",
        "category_label": "設施",
        "opening_hours": null,
        "cuisine": null,
        "wikidata": null,
        "website": null,
        "ele": null,
        "lat": 22.19658,
        "lng": 113.547902,
        "source": "osm"
      }
    },
    {
      "type": "Feature",
      "geometry": {
        "type": "Point",
        "coordinates": [
          113.562771,
          22.129745
        ]
      },
      "properties": {
        "osm_id": "way/1315846864",
        "name": "和諧廣場休憩區 Zona de lazer da Alameda da Harmonia",
        "name_zh": "和諧廣場休憩區",
        "name_en": "Leisure Area in Alameda da Harmonia",
        "name_pt": "Zona de lazer da Alameda da Harmonia",
        "category": "leisure",
        "category_value": "park",
        "category_label": "休閒",
        "opening_hours": "24/7",
        "cuisine": null,
        "wikidata": null,
        "website": null,
        "ele": null,
        "lat": 22.129745,
        "lng": 113.562771,
        "source": "osm"
      }
    },
    {
      "type": "Feature",
      "geometry": {
        "type": "Point",
        "coordinates": [
          113.551835,
          22.121201
        ]
      },
      "properties": {
        "osm_id": "way/1376929190",
        "name": "荔枝碗船廠片區 Estaleiros Navais de Lai Chi Vun",
        "name_zh": "荔枝碗船廠片區",
        "name_en": "Lai Chi Vun Shipyards",
        "name_pt": "Estaleiros Navais de Lai Chi Vun",
        "category": "amenity",
        "category_value": "arts_centre",
        "category_label": "設施",
        "opening_hours": null,
        "cuisine": null,
        "wikidata": null,
        "website": null,
        "ele": null,
        "lat": 22.121201,
        "lng": 113.551835,
        "source": "osm"
      }
    },
    {
      "type": "Feature",
      "geometry": {
        "type": "Point",
        "coordinates": [
          113.542025,
          22.206254
        ]
      },
      "properties": {
        "osm_id": "way/1432521285",
        "name": "甲蟲公園",
        "name_zh": "甲蟲公園",
        "name_en": null,
        "name_pt": null,
        "category": "leisure",
        "category_value": "park",
        "category_label": "休閒",
        "opening_hours": null,
        "cuisine": null,
        "wikidata": null,
        "website": null,
        "ele": null,
        "lat": 22.206254,
        "lng": 113.542025,
        "source": "osm"
      }
    },
    {
      "type": "Feature",
      "geometry": {
        "type": "Point",
        "coordinates": [
          113.545576,
          22.13321
        ]
      },
      "properties": {
        "osm_id": "way/1449668596",
        "name": "澳門大學文農盆景園 Man Lung Garden",
        "name_zh": "澳門大學文農盆景園",
        "name_en": "Man Lung Garden",
        "name_pt": "Man Lung Garden",
        "category": "leisure",
        "category_value": "garden",
        "category_label": "休閒",
        "opening_hours": null,
        "cuisine": null,
        "wikidata": null,
        "website": null,
        "ele": null,
        "lat": 22.13321,
        "lng": 113.545576,
        "source": "osm"
      }
    },
    {
      "type": "Feature",
      "geometry": {
        "type": "Point",
        "coordinates": [
          113.537042,
          22.208933
        ]
      },
      "properties": {
        "osm_id": "way/1461842506",
        "name": "青洲巷休憩區 Zona de Lazer da Travessa da Ilha Verde",
        "name_zh": "青洲巷休憩區",
        "name_en": "Leisure Area at Travessa da Ilha Verde",
        "name_pt": "Zona de Lazer da Travessa da Ilha Verde",
        "category": "leisure",
        "category_value": "park",
        "category_label": "休閒",
        "opening_hours": null,
        "cuisine": null,
        "wikidata": null,
        "website": null,
        "ele": null,
        "lat": 22.208933,
        "lng": 113.537042,
        "source": "osm"
      }
    },
    {
      "type": "Feature",
      "geometry": {
        "type": "Point",
        "coordinates": [
          113.53963,
          22.19356
        ]
      },
      "properties": {
        "osm_id": null,
        "name": "議事亭前地",
        "name_zh": "議事亭前地",
        "name_en": "Senado Square",
        "name_pt": null,
        "category": "curated",
        "category_value": "square",
        "category_label": "必訪",
        "opening_hours": null,
        "wikidata": null,
        "website": null,
        "ele": null,
        "lat": 22.19356,
        "lng": 113.53963,
        "source": "curated"
      }
    },
    {
      "type": "Feature",
      "geometry": {
        "type": "Point",
        "coordinates": [
          113.55643,
          22.15328
        ]
      },
      "properties": {
        "osm_id": null,
        "name": "官也街",
        "name_zh": "官也街",
        "name_en": "Rua do Cunha",
        "name_pt": null,
        "category": "curated",
        "category_value": "street",
        "category_label": "必訪",
        "opening_hours": null,
        "wikidata": null,
        "website": null,
        "ele": null,
        "lat": 22.15328,
        "lng": 113.55643,
        "source": "curated"
      }
    },
    {
      "type": "Feature",
      "geometry": {
        "type": "Point",
        "coordinates": [
          113.556,
          22.1544
        ]
      },
      "properties": {
        "osm_id": null,
        "name": "龍環葡韻",
        "name_zh": "龍環葡韻",
        "name_en": "Taipa Houses-Museum",
        "name_pt": null,
        "category": "curated",
        "category_value": "museum",
        "category_label": "必訪",
        "opening_hours": null,
        "wikidata": null,
        "website": null,
        "ele": null,
        "lat": 22.1544,
        "lng": 113.556,
        "source": "curated"
      }
    },
    {
      "type": "Feature",
      "geometry": {
        "type": "Point",
        "coordinates": [
          113.5533,
          22.1133
        ]
      },
      "properties": {
        "osm_id": null,
        "name": "聖方濟各聖堂",
        "name_zh": "聖方濟各聖堂",
        "name_en": "St. Francis Xavier Church",
        "name_pt": null,
        "category": "curated",
        "category_value": "church",
        "category_label": "必訪",
        "opening_hours": null,
        "wikidata": null,
        "website": null,
        "ele": null,
        "lat": 22.1133,
        "lng": 113.5533,
        "source": "curated"
      }
    }
  ]
}